ISO-10303-21;
HEADER;
FILE_DESCRIPTION (( 'STEP AP214' ),
    '1' );
FILE_NAME ('VL53L5CXV0GC_1.STEP',
    '2025-10-24T01:00:16',
    ( '' ),
    ( '' ),
    'SwSTEP 2.0',
    'SolidWorks 2021',
    '' );
FILE_SCHEMA (( 'AUTOMOTIVE_DESIGN' ));
ENDSEC;

DATA;
#1 = DIRECTION ( 'NONE',  ( 8.673617379884035472E-16, -0.000000000000000000, 1.000000000000000000 ) ) ;
#2 = ORIENTED_EDGE ( 'NONE', *, *, #6300, .F. ) ;
#3 = DIRECTION ( 'NONE',  ( -1.000000000000000000, 0.000000000000000000, -0.000000000000000000 ) ) ;
#4 = CARTESIAN_POINT ( 'NONE',  ( 2.000000000000021760, 0.05000000000000000278, -0.7999999999999997113 ) ) ;
#5 = AXIS2_PLACEMENT_3D ( 'NONE', #1988, #7214, #8478 ) ;
#6 = ORIENTED_EDGE ( 'NONE', *, *, #5099, .F. ) ;
#7 = CARTESIAN_POINT ( 'NONE',  ( -1.750000000000000444, 0.05000000000000000278, 0.8000000000000003775 ) ) ;
#8 = VERTEX_POINT ( 'NONE', #641 ) ;
#9 = LINE ( 'NONE', #3785, #9592 ) ;
#10 = ORIENTED_EDGE ( 'NONE', *, *, #3019, .F. ) ;
#11 = DIRECTION ( 'NONE',  ( 0.000000000000000000, 1.000000000000000000, 0.000000000000000000 ) ) ;
#12 = PRESENTATION_STYLE_ASSIGNMENT (( #3699 ) ) ;
#13 = VECTOR ( 'NONE', #4399, 1000.000000000000000 ) ;
#14 = VECTOR ( 'NONE', #2031, 1000.000000000000000 ) ;
#15 = LINE ( 'NONE', #3603, #3427 ) ;
#16 = CARTESIAN_POINT ( 'NONE',  ( -1.750000000000000444, 0.05000000000000000278, 1.300000000000000266 ) ) ;
#17 = LINE ( 'NONE', #3649, #489 ) ;
#18 = CARTESIAN_POINT ( 'NONE',  ( -0.6050000000000004263, 1.464999999999999636, 0.6499999999999996891 ) ) ;
#19 = VECTOR ( 'NONE', #8095, 999.9999999999998863 ) ;
#20 = VECTOR ( 'NONE', #3537, 1000.000000000000000 ) ;
#21 = ORIENTED_EDGE ( 'NONE', *, *, #2952, .F. ) ;
#22 = ORIENTED_EDGE ( 'NONE', *, *, #758, .F. ) ;
#23 = DIRECTION ( 'NONE',  ( 0.000000000000000000, -0.000000000000000000, 1.000000000000000000 ) ) ;
#24 = ORIENTED_EDGE ( 'NONE', *, *, #1948, .F. ) ;
#25 = AXIS2_PLACEMENT_3D ( 'NONE', #9328, #6282, #8471 ) ;
#26 = COLOUR_RGB ( '',1.000000000000000000, 0.8117647058823529438, 0.5019607843137254832 ) ;
#27 = DIRECTION ( 'NONE',  ( 1.000000000000000000, 0.000000000000000000, 0.000000000000000000 ) ) ;
#28 = DIRECTION ( 'NONE',  ( 0.000000000000000000, -0.000000000000000000, -1.000000000000000000 ) ) ;
#29 = FACE_OUTER_BOUND ( 'NONE', #4184, .T. ) ;
#30 = CARTESIAN_POINT ( 'NONE',  ( -1.000000000000000444, 0.05000000000000000278, 1.300000000000000266 ) ) ;
#31 = ORIENTED_EDGE ( 'NONE', *, *, #9378, .T. ) ;
#32 = EDGE_LOOP ( 'NONE', ( #8226, #1557, #5546, #9494 ) ) ;
#33 = LINE ( 'NONE', #3521, #9205 ) ;
#34 = VECTOR ( 'NONE', #3448, 1000.000000000000000 ) ;
#35 = MECHANICAL_DESIGN_GEOMETRIC_PRESENTATION_REPRESENTATION (  '', ( #6256 ), #7961 ) ;
#36 = LINE ( 'NONE', #7535, #1984 ) ;
#37 = CARTESIAN_POINT ( 'NONE',  ( 2.020000000000000462, 1.324999999999999956, -0.3000000000000002665 ) ) ;
#38 = FILL_AREA_STYLE ('',( #1353 ) ) ;
#39 = ORIENTED_EDGE ( 'NONE', *, *, #8247, .F. ) ;
#40 = DIRECTION ( 'NONE',  ( 0.000000000000000000, 0.000000000000000000, -1.000000000000000000 ) ) ;
#41 = DIRECTION ( 'NONE',  ( 0.000000000000000000, 0.000000000000000000, -1.000000000000000000 ) ) ;
#42 = EDGE_CURVE ( 'NONE', #6536, #4302, #2092, .T. ) ;
#43 = DIRECTION ( 'NONE',  ( 0.000000000000000000, -0.000000000000000000, -1.000000000000000000 ) ) ;
#44 = CARTESIAN_POINT ( 'NONE',  ( 2.400000000000001243, 0.05000000000000000278, 0.2500000000000017208 ) ) ;
#45 = CARTESIAN_POINT ( 'NONE',  ( 1.750000000000021094, 0.000000000000000000, -0.7999999999999994893 ) ) ;
#46 = ORIENTED_EDGE ( 'NONE', *, *, #8020, .T. ) ;
#47 = EDGE_CURVE ( 'NONE', #9026, #6054, #2341, .T. ) ;
#48 = DIRECTION ( 'NONE',  ( -0.000000000000000000, -1.000000000000000000, -0.000000000000000000 ) ) ;
#49 = ADVANCED_FACE ( 'NONE', ( #4878 ), #1955, .F. ) ;
#50 = ORIENTED_EDGE ( 'NONE', *, *, #4845, .T. ) ;
#51 = PLANE ( 'NONE',  #7406 ) ;
#52 = EDGE_CURVE ( 'NONE', #1933, #6771, #1999, .T. ) ;
#53 = EDGE_CURVE ( 'NONE', #159, #2100, #3787, .T. ) ;
#54 = CIRCLE ( 'NONE', #9228, 0.2499999999999999445 ) ;
#55 = ORIENTED_EDGE ( 'NONE', *, *, #7387, .F. ) ;
#56 = CARTESIAN_POINT ( 'NONE',  ( 0.8411543845949644993, 1.449999999999999512, 0.6499999999999996891 ) ) ;
#57 = ORIENTED_EDGE ( 'NONE', *, *, #6520, .T. ) ;
#58 = LINE ( 'NONE', #3013, #1071 ) ;
#59 = ORIENTED_EDGE ( 'NONE', *, *, #8442, .T. ) ;
#60 = DIRECTION ( 'NONE',  ( 1.000000000000000000, 0.000000000000000000, -0.000000000000000000 ) ) ;
#61 = EDGE_CURVE ( 'NONE', #4042, #529, #5166, .T. ) ;
#62 = SURFACE_STYLE_USAGE ( .BOTH. , #7374 ) ;
#63 = ORIENTED_EDGE ( 'NONE', *, *, #5386, .F. ) ;
#64 = EDGE_CURVE ( 'NONE', #3025, #3319, #8913, .T. ) ;
#65 = CARTESIAN_POINT ( 'NONE',  ( -0.9999999999999785727, 0.000000000000000000, -0.7999999999999997113 ) ) ;
#66 = DIRECTION ( 'NONE',  ( -4.336808689942017736E-16, 0.000000000000000000, 1.000000000000000000 ) ) ;
#67 = VERTEX_POINT ( 'NONE', #1611 ) ;
#68 = DIRECTION ( 'NONE',  ( 1.000000000000000000, -0.000000000000000000, 0.000000000000000000 ) ) ;
#69 = ORIENTED_EDGE ( 'NONE', *, *, #6542, .F. ) ;
#70 = PLANE ( 'NONE',  #4285 ) ;
#71 = ORIENTED_EDGE ( 'NONE', *, *, #7320, .T. ) ;
#72 = CIRCLE ( 'NONE', #5194, 0.05000000000000002359 ) ;
#73 = VECTOR ( 'NONE', #6386, 1000.000000000000000 ) ;
#74 = CARTESIAN_POINT ( 'NONE',  ( -1.814999999999999947, 1.464999999999999858, -1.449999999999999734 ) ) ;
#75 = CARTESIAN_POINT ( 'NONE',  ( -0.7000000000000001776, 1.464999999999999858, 0.7099999999999996314 ) ) ;
#76 = DIRECTION ( 'NONE',  ( -1.000000000000000000, 0.000000000000000000, 0.000000000000000000 ) ) ;
#77 = DIRECTION ( 'NONE',  ( 8.673617379884035472E-16, -0.000000000000000000, 1.000000000000000000 ) ) ;
#78 = ORIENTED_EDGE ( 'NONE', *, *, #4867, .F. ) ;
#79 = ORIENTED_EDGE ( 'NONE', *, *, #152, .F. ) ;
#80 = PLANE ( 'NONE',  #9253 ) ;
#81 = ORIENTED_EDGE ( 'NONE', *, *, #4183, .F. ) ;
#82 = PLANE ( 'NONE',  #1012 ) ;
#83 = DIRECTION ( 'NONE',  ( 0.000000000000000000, 0.000000000000000000, -1.000000000000000000 ) ) ;
#84 = VECTOR ( 'NONE', #3044, 1000.000000000000000 ) ;
#85 = DIRECTION ( 'NONE',  ( -1.000000000000000000, 0.000000000000000000, 0.000000000000000000 ) ) ;
#86 = VECTOR ( 'NONE', #2117, 1000.000000000000000 ) ;
#87 = CARTESIAN_POINT ( 'NONE',  ( 0.9999999999999995559, 0.000000000000000000, 1.300000000000000266 ) ) ;
#88 = ORIENTED_EDGE ( 'NONE', *, *, #3675, .T. ) ;
#89 = CARTESIAN_POINT ( 'NONE',  ( -2.500000000000000444, 0.05000000000000000278, -1.414999999999999813 ) ) ;
#90 = EDGE_LOOP ( 'NONE', ( #2693, #1838, #7900, #9235 ) ) ;
#91 = DIRECTION ( 'NONE',  ( 0.000000000000000000, 0.000000000000000000, -1.000000000000000000 ) ) ;
#92 = ORIENTED_EDGE ( 'NONE', *, *, #8077, .T. ) ;
#93 = AXIS2_PLACEMENT_3D ( 'NONE', #4708, #4077, #1894 ) ;
#94 = CARTESIAN_POINT ( 'NONE',  ( 1.249999999999999334, 0.05000000000000000278, 0.8000000000000003775 ) ) ;
#95 = CARTESIAN_POINT ( 'NONE',  ( -3.102500000000000036, 1.439999999999999947, -1.399999999999999245 ) ) ;
#96 = ADVANCED_FACE ( 'NONE', ( #5308 ), #3697, .F. ) ;
#97 = ORIENTED_EDGE ( 'NONE', *, *, #1471, .F. ) ;
#98 = LINE ( 'NONE', #6631, #685 ) ;
#99 = ORIENTED_EDGE ( 'NONE', *, *, #4796, .T. ) ;
#100 = VECTOR ( 'NONE', #5779, 1000.000000000000000 ) ;
#101 = CARTESIAN_POINT ( 'NONE',  ( -1.750000000000000444, 0.000000000000000000, 1.300000000000000266 ) ) ;
#102 = VECTOR ( 'NONE', #6220, 1000.000000000000000 ) ;
#103 = DIRECTION ( 'NONE',  ( 1.000000000000000000, 0.000000000000000000, 0.000000000000000000 ) ) ;
#104 = EDGE_CURVE ( 'NONE', #2834, #1093, #7515, .T. ) ;
#105 = ADVANCED_FACE ( 'NONE', ( #3063 ), #8284, .F. ) ;
#106 = ORIENTED_EDGE ( 'NONE', *, *, #948, .T. ) ;
#107 = AXIS2_PLACEMENT_3D ( 'NONE', #5919, #170, #7396 ) ;
#108 = DIRECTION ( 'NONE',  ( 1.000000000000000000, -0.000000000000000000, -0.000000000000000000 ) ) ;
#109 = EDGE_CURVE ( 'NONE', #594, #3566, #4519, .T. ) ;
#110 = EDGE_CURVE ( 'NONE', #6985, #480, #7946, .T. ) ;
#111 = LINE ( 'NONE', #3274, #8735 ) ;
#112 = ORIENTED_EDGE ( 'NONE', *, *, #4203, .F. ) ;
#113 = VERTEX_POINT ( 'NONE', #833 ) ;
#114 = CARTESIAN_POINT ( 'NONE',  ( -3.130000000000000338, 1.500000000000000000, 1.444999999999999396 ) ) ;
#115 = EDGE_CURVE ( 'NONE', #3759, #2279, #2871, .T. ) ;
#116 = EDGE_CURVE ( 'NONE', #7983, #2460, #6636, .T. ) ;
#117 = PLANE ( 'NONE',  #3196 ) ;
#118 = ORIENTED_EDGE ( 'NONE', *, *, #9318, .T. ) ;
#119 = PLANE ( 'NONE',  #7922 ) ;
#120 = CARTESIAN_POINT ( 'NONE',  ( 3.100000000000000533, 0.1600000000000004197, 1.414999999999999813 ) ) ;
#121 = CIRCLE ( 'NONE', #1371, 0.07499999999999998335 ) ;
#122 = PLANE ( 'NONE',  #8192 ) ;
#123 = PLANE ( 'NONE',  #7683 ) ;
#124 = ORIENTED_EDGE ( 'NONE', *, *, #2546, .F. ) ;
#125 = ORIENTED_EDGE ( 'NONE', *, *, #5282, .T. ) ;
#126 = CYLINDRICAL_SURFACE ( 'NONE', #6354, 0.07499999999999998335 ) ;
#127 = DIRECTION ( 'NONE',  ( 0.000000000000000000, 1.000000000000000000, 0.000000000000000000 ) ) ;
#128 =( NAMED_UNIT ( * ) SI_UNIT ( $, .STERADIAN. ) SOLID_ANGLE_UNIT ( ) );
#129 = VERTEX_POINT ( 'NONE', #7565 ) ;
#130 = VECTOR ( 'NONE', #2191, 1000.000000000000000 ) ;
#131 = CARTESIAN_POINT ( 'NONE',  ( 1.158000000000000140, 0.05000000000000000278, -0.5999999999999998668 ) ) ;
#132 = DIRECTION ( 'NONE',  ( -1.000000000000000000, 0.000000000000000000, 0.000000000000000000 ) ) ;
#133 = PLANE ( 'NONE',  #6168 ) ;
#134 = VECTOR ( 'NONE', #5872, 1000.000000000000000 ) ;
#135 = DIRECTION ( 'NONE',  ( 1.000000000000000000, 0.000000000000000000, -8.673617379884035472E-16 ) ) ;
#136 = EDGE_LOOP ( 'NONE', ( #8600, #9446, #3005, #603 ) ) ;
#137 = DIRECTION ( 'NONE',  ( 0.000000000000000000, 1.000000000000000000, 0.000000000000000000 ) ) ;
#138 = ORIENTED_EDGE ( 'NONE', *, *, #7259, .T. ) ;
#139 = CARTESIAN_POINT ( 'NONE',  ( -1.999999999999978684, 0.05000000000000000278, -0.7999999999999994893 ) ) ;
#140 = CARTESIAN_POINT ( 'NONE',  ( 1.250000000000021094, 0.05000000000000000278, -0.7999999999999997113 ) ) ;
#141 = ORIENTED_EDGE ( 'NONE', *, *, #3316, .T. ) ;
#142 = AXIS2_PLACEMENT_3D ( 'NONE', #2387, #5353, #3258 ) ;
#143 = LINE ( 'NONE', #5445, #7527 ) ;
#144 = CARTESIAN_POINT ( 'NONE',  ( -1.999999999999978684, 0.05000000000000000278, -0.7999999999999994893 ) ) ;
#145 = CARTESIAN_POINT ( 'NONE',  ( -0.2499999999999785449, 0.05000000000000000278, -0.7999999999999997113 ) ) ;
#146 = DIRECTION ( 'NONE',  ( 0.000000000000000000, 1.000000000000000000, -0.000000000000000000 ) ) ;
#147 = ORIENTED_EDGE ( 'NONE', *, *, #7622, .F. ) ;
#148 = LINE ( 'NONE', #1804, #7215 ) ;
#149 = VERTEX_POINT ( 'NONE', #3742 ) ;
#150 = ORIENTED_EDGE ( 'NONE', *, *, #6730, .F. ) ;
#151 = CARTESIAN_POINT ( 'NONE',  ( -2.900000000000000355, 0.000000000000000000, 0.2500000000000002220 ) ) ;
#152 = EDGE_CURVE ( 'NONE', #1951, #113, #8144, .T. ) ;
#153 = VERTEX_POINT ( 'NONE', #5210 ) ;
#154 = VECTOR ( 'NONE', #4125, 1000.000000000000000 ) ;
#155 = LINE ( 'NONE', #9209, #9185 ) ;
#156 = EDGE_CURVE ( 'NONE', #3705, #3424, #4474, .T. ) ;
#157 = SURFACE_STYLE_USAGE ( .BOTH. , #5221 ) ;
#158 = VERTEX_POINT ( 'NONE', #2336 ) ;
#159 = VERTEX_POINT ( 'NONE', #7373 ) ;
#160 = PLANE ( 'NONE',  #8047 ) ;
#161 = EDGE_CURVE ( 'NONE', #2087, #5680, #2919, .T. ) ;
#162 = ORIENTED_EDGE ( 'NONE', *, *, #9153, .F. ) ;
#163 = EDGE_CURVE ( 'NONE', #7669, #2643, #8408, .T. ) ;
#164 = AXIS2_PLACEMENT_3D ( 'NONE', #6525, #1455, #8759 ) ;
#165 = EDGE_CURVE ( 'NONE', #4513, #4505, #2143, .T. ) ;
#167 = AXIS2_PLACEMENT_3D ( 'NONE', #539, #5696, #2721 ) ;
#166 = DIRECTION ( 'NONE',  ( -1.000000000000000000, 0.000000000000000000, -0.000000000000000000 ) ) ;
#168 = LINE ( 'NONE', #3130, #4518 ) ;
#169 = ADVANCED_FACE ( 'NONE', ( #2192 ), #7463, .F. ) ;
#170 = DIRECTION ( 'NONE',  ( 0.000000000000000000, 1.000000000000000000, 0.000000000000000000 ) ) ;
#171 = ORIENTED_EDGE ( 'NONE', *, *, #2820, .T. ) ;
#172 = DIRECTION ( 'NONE',  ( 0.000000000000000000, -1.000000000000000000, 0.000000000000000000 ) ) ;
#173 = ORIENTED_EDGE ( 'NONE', *, *, #6520, .F. ) ;
#174 = DIRECTION ( 'NONE',  ( -8.673617379884035472E-16, 0.000000000000000000, -1.000000000000000000 ) ) ;
#175 = DIRECTION ( 'NONE',  ( 1.000000000000000000, 0.000000000000000000, -8.673617379884035472E-16 ) ) ;
#176 = LINE ( 'NONE', #6120, #5235 ) ;
#177 = AXIS2_PLACEMENT_3D ( 'NONE', #2498, #1036, #3114 ) ;
#178 =( LENGTH_UNIT ( ) NAMED_UNIT ( * ) SI_UNIT ( .MILLI., .METRE. ) );
#179 = EDGE_LOOP ( 'NONE', ( #264, #2332, #2256, #1899, #658, #5147, #5975, #316, #6779, #8006, #4804, #6101 ) ) ;
#180 = PRESENTATION_LAYER_ASSIGNMENT (  '', '', ( #4366 ) ) ;
#181 = CARTESIAN_POINT ( 'NONE',  ( 0.006154384594964134106, 1.449999999999999734, -0.4500000000000003997 ) ) ;
#182 = DIRECTION ( 'NONE',  ( 1.000000000000000000, 0.000000000000000000, -0.000000000000000000 ) ) ;
#183 = DIRECTION ( 'NONE',  ( 0.000000000000000000, 0.000000000000000000, -1.000000000000000000 ) ) ;
#184 = VECTOR ( 'NONE', #2670, 1000.000000000000000 ) ;
#185 = DIRECTION ( 'NONE',  ( -0.000000000000000000, -0.000000000000000000, 1.000000000000000000 ) ) ;
#186 = VECTOR ( 'NONE', #4071, 1000.000000000000000 ) ;
#187 = DIRECTION ( 'NONE',  ( -0.000000000000000000, -1.000000000000000000, 0.000000000000000000 ) ) ;
#188 = ORIENTED_EDGE ( 'NONE', *, *, #6545, .F. ) ;
#189 = DIRECTION ( 'NONE',  ( -0.000000000000000000, 1.000000000000000000, -0.000000000000000000 ) ) ;
#190 = FILL_AREA_STYLE_COLOUR ( '', #6249 ) ;
#191 = ORIENTED_EDGE ( 'NONE', *, *, #5220, .F. ) ;
#192 = AXIS2_PLACEMENT_3D ( 'NONE', #8172, #8849, #9465 ) ;
#193 = AXIS2_PLACEMENT_3D ( 'NONE', #9366, #427, #1068 ) ;
#194 = CARTESIAN_POINT ( 'NONE',  ( -0.5000000000000004441, 0.000000000000000000, 1.300000000000000266 ) ) ;
#195 = FACE_OUTER_BOUND ( 'NONE', #231, .T. ) ;
#196 = VERTEX_POINT ( 'NONE', #3015 ) ;
#197 = DIRECTION ( 'NONE',  ( -0.000000000000000000, 0.000000000000000000, 1.000000000000000000 ) ) ;
#198 = VERTEX_POINT ( 'NONE', #5995 ) ;
#199 = ORIENTED_EDGE ( 'NONE', *, *, #756, .F. ) ;
#200 = CARTESIAN_POINT ( 'NONE',  ( 1.375000000000000000, 1.500000000000000000, 0.7099999999999992983 ) ) ;
#201 = ORIENTED_EDGE ( 'NONE', *, *, #109, .T. ) ;
#202 = DIRECTION ( 'NONE',  ( 0.000000000000000000, -1.000000000000000000, 0.000000000000000000 ) ) ;
#203 = CIRCLE ( 'NONE', #2226, 0.03500000000000009354 ) ;
#204 = DIRECTION ( 'NONE',  ( 1.000000000000000000, 0.000000000000000000, -8.673617379884035472E-16 ) ) ;
#205 = DIRECTION ( 'NONE',  ( 1.000000000000000000, 0.000000000000000000, 0.000000000000000000 ) ) ;
#206 = EDGE_CURVE ( 'NONE', #760, #7441, #8957, .T. ) ;
#207 = ORIENTED_EDGE ( 'NONE', *, *, #1368, .T. ) ;
#208 = ORIENTED_EDGE ( 'NONE', *, *, #713, .T. ) ;
#209 = PLANE ( 'NONE',  #2440 ) ;
#210 = DIRECTION ( 'NONE',  ( 0.000000000000000000, 0.000000000000000000, 1.000000000000000000 ) ) ;
#211 = ORIENTED_EDGE ( 'NONE', *, *, #4557, .F. ) ;
#212 = CARTESIAN_POINT ( 'NONE',  ( -1.947499999999999565, 1.500000000000000000, 0.4175000000000001488 ) ) ;
#213 = LINE ( 'NONE', #6162, #2305 ) ;
#214 = FACE_OUTER_BOUND ( 'NONE', #7532, .T. ) ;
#215 = EDGE_CURVE ( 'NONE', #6339, #8, #3880, .T. ) ;
#216 = DIRECTION ( 'NONE',  ( 1.000000000000000000, 0.000000000000000000, 0.000000000000000000 ) ) ;
#217 = ORIENTED_EDGE ( 'NONE', *, *, #8266, .F. ) ;
#218 = ORIENTED_EDGE ( 'NONE', *, *, #337, .T. ) ;
#219 = DIRECTION ( 'NONE',  ( 0.000000000000000000, 0.000000000000000000, -1.000000000000000000 ) ) ;
#220 = PLANE ( 'NONE',  #576 ) ;
#221 = DIRECTION ( 'NONE',  ( 0.000000000000000000, 0.000000000000000000, 1.000000000000000000 ) ) ;
#222 = EDGE_CURVE ( 'NONE', #8919, #3686, #5507, .T. ) ;
#223 = ORIENTED_EDGE ( 'NONE', *, *, #1010, .F. ) ;
#224 = ADVANCED_FACE ( 'NONE', ( #8477 ), #6878, .T. ) ;
#225 = LINE ( 'NONE', #1592, #6011 ) ;
#226 = CARTESIAN_POINT ( 'NONE',  ( -0.2500000000000002220, 0.05000000000000000278, 0.8000000000000003775 ) ) ;
#227 = EDGE_CURVE ( 'NONE', #9078, #8185, #3832, .T. ) ;
#228 = EDGE_CURVE ( 'NONE', #5535, #3524, #5557, .T. ) ;
#229 = VECTOR ( 'NONE', #1778, 1000.000000000000114 ) ;
#230 = DIRECTION ( 'NONE',  ( -1.000000000000000000, 0.000000000000000000, 0.000000000000000000 ) ) ;
#231 = EDGE_LOOP ( 'NONE', ( #5010, #5452, #6914, #9296 ) ) ;
#232 = DIRECTION ( 'NONE',  ( -0.000000000000000000, -1.000000000000000000, -0.000000000000000000 ) ) ;
#233 = VERTEX_POINT ( 'NONE', #1855 ) ;
#234 = EDGE_CURVE ( 'NONE', #5158, #1158, #5456, .T. ) ;
#235 = CARTESIAN_POINT ( 'NONE',  ( -2.299999999999999822, 0.05000000000000000278, -0.6999999999999995115 ) ) ;
#236 = VECTOR ( 'NONE', #4070, 1000.000000000000000 ) ;
#237 = FACE_OUTER_BOUND ( 'NONE', #4890, .T. ) ;
#238 = LINE ( 'NONE', #3983, #3807 ) ;
#239 = DIRECTION ( 'NONE',  ( 1.000000000000000000, 0.000000000000000000, 0.000000000000000000 ) ) ;
#240 = VERTEX_POINT ( 'NONE', #200 ) ;
#241 = DIRECTION ( 'NONE',  ( 1.000000000000000000, 0.000000000000000000, 0.000000000000000000 ) ) ;
#242 = VERTEX_POINT ( 'NONE', #9152 ) ;
#243 = DIRECTION ( 'NONE',  ( 0.000000000000000000, 0.000000000000000000, 1.000000000000000000 ) ) ;
#244 = ORIENTED_EDGE ( 'NONE', *, *, #8319, .F. ) ;
#245 = DIRECTION ( 'NONE',  ( 1.000000000000000000, 0.000000000000000000, 0.000000000000000000 ) ) ;
#246 = CIRCLE ( 'NONE', #6327, 0.03500000000000030864 ) ;
#247 = CARTESIAN_POINT ( 'NONE',  ( 2.000000000000000000, 0.05000000000000000278, 1.300000000000000266 ) ) ;
#248 = ORIENTED_EDGE ( 'NONE', *, *, #471, .T. ) ;
#249 = DIRECTION ( 'NONE',  ( -0.000000000000000000, 1.000000000000000000, -0.000000000000000000 ) ) ;
#250 = DIRECTION ( 'NONE',  ( 0.000000000000000000, 0.000000000000000000, -1.000000000000000000 ) ) ;
#251 = VECTOR ( 'NONE', #4223, 1000.000000000000000 ) ;
#252 = AXIS2_PLACEMENT_3D ( 'NONE', #4778, #4879, #7767 ) ;
#253 = DIRECTION ( 'NONE',  ( -1.000000000000000000, -0.000000000000000000, -0.000000000000000000 ) ) ;
#254 = VERTEX_POINT ( 'NONE', #8529 ) ;
#255 = ORIENTED_EDGE ( 'NONE', *, *, #4561, .F. ) ;
#256 = ORIENTED_EDGE ( 'NONE', *, *, #8035, .T. ) ;
#257 = DIRECTION ( 'NONE',  ( 8.673617379884035472E-16, -0.000000000000000000, 1.000000000000000000 ) ) ;
#258 = FACE_OUTER_BOUND ( 'NONE', #1013, .T. ) ;
#259 = DIRECTION ( 'NONE',  ( -0.000000000000000000, 1.000000000000000000, -0.000000000000000000 ) ) ;
#260 = STYLED_ITEM ( 'NONE', ( #7113 ), #7056 ) ;
#261 = CARTESIAN_POINT ( 'NONE',  ( 3.125000000000000000, 1.464999999999999858, -1.514999999999999902 ) ) ;
#262 = LINE ( 'NONE', #6265, #7029 ) ;
#263 = LINE ( 'NONE', #5478, #5868 ) ;
#264 = ORIENTED_EDGE ( 'NONE', *, *, #3185, .F. ) ;
#265 = AXIS2_PLACEMENT_3D ( 'NONE', #7100, #4748, #6275 ) ;
#266 = ORIENTED_EDGE ( 'NONE', *, *, #2554, .F. ) ;
#267 = DIRECTION ( 'NONE',  ( 0.000000000000000000, 0.000000000000000000, -1.000000000000000000 ) ) ;
#268 = ORIENTED_EDGE ( 'NONE', *, *, #9384, .F. ) ;
#269 = EDGE_CURVE ( 'NONE', #809, #8335, #4193, .T. ) ;
#270 = VECTOR ( 'NONE', #6645, 1000.000000000000000 ) ;
#271 = LINE ( 'NONE', #3337, #6803 ) ;
#272 = LINE ( 'NONE', #5337, #1470 ) ;
#273 = EDGE_CURVE ( 'NONE', #3745, #4326, #2492, .T. ) ;
#274 = ORIENTED_EDGE ( 'NONE', *, *, #989, .T. ) ;
#275 = DIRECTION ( 'NONE',  ( 0.000000000000000000, 0.000000000000000000, 1.000000000000000000 ) ) ;
#276 = ORIENTED_EDGE ( 'NONE', *, *, #2608, .F. ) ;
#277 = VECTOR ( 'NONE', #1782, 1000.000000000000000 ) ;
#278 = CARTESIAN_POINT ( 'NONE',  ( 3.100000000000000533, -6.815342984766064482, -1.414999999999999813 ) ) ;
#279 = VERTEX_POINT ( 'NONE', #6093 ) ;
#280 = EDGE_CURVE ( 'NONE', #2526, #907, #3992, .T. ) ;
#281 = ADVANCED_FACE ( 'NONE', ( #4034 ), #4819, .T. ) ;
#282 = CARTESIAN_POINT ( 'NONE',  ( -0.2499999999999785449, 0.000000000000000000, -0.7999999999999997113 ) ) ;
#283 = AXIS2_PLACEMENT_3D ( 'NONE', #3129, #166, #3179 ) ;
#284 = CARTESIAN_POINT ( 'NONE',  ( 1.849999999999999867, 0.2000000000000000944, 0.000000000000000000 ) ) ;
#285 = CARTESIAN_POINT ( 'NONE',  ( -3.137500000000000178, 1.439999999999999947, -0.6949999999999993960 ) ) ;
#286 = PLANE ( 'NONE',  #6053 ) ;
#287 = LINE ( 'NONE', #8376, #3746 ) ;
#288 = EDGE_CURVE ( 'NONE', #3038, #3012, #4616, .T. ) ;
#289 = ADVANCED_FACE ( 'NONE', ( #3163 ), #6149, .F. ) ;
#290 = FACE_OUTER_BOUND ( 'NONE', #8791, .T. ) ;
#291 = ORIENTED_EDGE ( 'NONE', *, *, #3019, .T. ) ;
#292 = CYLINDRICAL_SURFACE ( 'NONE', #3002, 0.07499999999999998335 ) ;
#293 = ORIENTED_EDGE ( 'NONE', *, *, #6789, .F. ) ;
#294 = ORIENTED_EDGE ( 'NONE', *, *, #2424, .F. ) ;
#295 = DIRECTION ( 'NONE',  ( 1.000000000000000000, -0.000000000000000000, 0.000000000000000000 ) ) ;
#296 = VECTOR ( 'NONE', #9144, 1000.000000000000000 ) ;
#297 = FILL_AREA_STYLE_COLOUR ( '', #2010 ) ;
#298 = ORIENTED_EDGE ( 'NONE', *, *, #3059, .T. ) ;
#299 = PLANE ( 'NONE',  #3950 ) ;
#300 = LINE ( 'NONE', #8389, #5613 ) ;
#301 = CARTESIAN_POINT ( 'NONE',  ( 3.165000000000000480, 1.464999999999999858, 1.444999999999999618 ) ) ;
#302 = ORIENTED_EDGE ( 'NONE', *, *, #8783, .F. ) ;
#303 = ORIENTED_EDGE ( 'NONE', *, *, #4188, .F. ) ;
#304 = ORIENTED_EDGE ( 'NONE', *, *, #8275, .T. ) ;
#305 = LINE ( 'NONE', #2452, #7427 ) ;
#306 = CARTESIAN_POINT ( 'NONE',  ( 1.749999999999998890, 0.000000000000000000, 0.8000000000000003775 ) ) ;
#307 = MECHANICAL_DESIGN_GEOMETRIC_PRESENTATION_REPRESENTATION (  '', ( #5122 ), #2330 ) ;
#308 = PLANE ( 'NONE',  #283 ) ;
#309 = LINE ( 'NONE', #1050, #4373 ) ;
#310 = CARTESIAN_POINT ( 'NONE',  ( -0.7500000000000002220, 1.464999999999999858, 0.7099999999999992983 ) ) ;
#311 = ORIENTED_EDGE ( 'NONE', *, *, #8258, .F. ) ;
#312 = SURFACE_STYLE_USAGE ( .BOTH. , #6992 ) ;
#313 = ORIENTED_EDGE ( 'NONE', *, *, #8378, .T. ) ;
#314 = DIRECTION ( 'NONE',  ( -1.000000000000000000, 0.000000000000000000, 0.000000000000000000 ) ) ;
#315 = EDGE_LOOP ( 'NONE', ( #8949, #8944, #4537, #2281 ) ) ;
#316 = ORIENTED_EDGE ( 'NONE', *, *, #4150, .F. ) ;
#317 = CLOSED_SHELL ( 'NONE', ( #7399, #6007, #3366, #3369, #5715, #5934 ) ) ;
#318 = PRESENTATION_LAYER_ASSIGNMENT (  '', '', ( #5932 ) ) ;
#319 = CARTESIAN_POINT ( 'NONE',  ( -3.100000000000000533, -6.815342984766064482, -1.414999999999999813 ) ) ;
#320 = DIRECTION ( 'NONE',  ( -1.000000000000000000, 0.000000000000000000, 0.000000000000000000 ) ) ;
#321 = ORIENTED_EDGE ( 'NONE', *, *, #8440, .T. ) ;
#322 = ADVANCED_FACE ( 'NONE', ( #4660 ), #1708, .F. ) ;
#323 = DIRECTION ( 'NONE',  ( 0.000000000000000000, 1.000000000000000000, 0.000000000000000000 ) ) ;
#324 = AXIS2_PLACEMENT_3D ( 'NONE', #3941, #3791, #250 ) ;
#325 = AXIS2_PLACEMENT_3D ( 'NONE', #7251, #3523, #7156 ) ;
#326 = EDGE_LOOP ( 'NONE', ( #1043, #6137, #887, #2549 ) ) ;
#327 = CARTESIAN_POINT ( 'NONE',  ( -2.299999999999999822, 0.000000000000000000, -0.7999999999999997113 ) ) ;
#328 = FACE_OUTER_BOUND ( 'NONE', #6958, .T. ) ;
#329 = ORIENTED_EDGE ( 'NONE', *, *, #4141, .T. ) ;
#330 = EDGE_CURVE ( 'NONE', #4637, #6762, #980, .T. ) ;
#331 = PLANE ( 'NONE',  #1006 ) ;
#332 = VECTOR ( 'NONE', #6377, 999.9999999999998863 ) ;
#333 = AXIS2_PLACEMENT_3D ( 'NONE', #625, #9514, #6582 ) ;
#334 = DIRECTION ( 'NONE',  ( -1.000000000000000000, 0.000000000000000000, 0.000000000000000000 ) ) ;
#335 = CARTESIAN_POINT ( 'NONE',  ( 0.000000000000000000, 0.2000000000000000944, 1.514999999999999902 ) ) ;
#336 = LINE ( 'NONE', #4709, #5677 ) ;
#337 = EDGE_CURVE ( 'NONE', #2698, #4016, #6197, .T. ) ;
#338 = DIRECTION ( 'NONE',  ( 0.000000000000000000, 1.000000000000000000, 0.000000000000000000 ) ) ;
#339 = ADVANCED_FACE ( 'NONE', ( #9245 ), #9203, .F. ) ;
#340 = ORIENTED_EDGE ( 'NONE', *, *, #6414, .T. ) ;
#341 = VECTOR ( 'NONE', #6287, 1000.000000000000000 ) ;
#342 = CARTESIAN_POINT ( 'NONE',  ( -2.299999999999999822, 1.464999999999999858, -1.479999999999999760 ) ) ;
#343 = VECTOR ( 'NONE', #1929, 1000.000000000000000 ) ;
#344 = CARTESIAN_POINT ( 'NONE',  ( 0.8411543845949644993, 1.449999999999999512, -0.4500000000000003997 ) ) ;
#345 = ORIENTED_EDGE ( 'NONE', *, *, #5942, .T. ) ;
#346 = ADVANCED_FACE ( 'NONE', ( #1319 ), #4866, .T. ) ;
#347 = EDGE_CURVE ( 'NONE', #3894, #2006, #8664, .T. ) ;
#348 = CARTESIAN_POINT ( 'NONE',  ( -0.2499999999999785449, 0.05000000000000000278, -0.7999999999999997113 ) ) ;
#349 = CARTESIAN_POINT ( 'NONE',  ( -0.2500000000000002220, 0.05000000000000000278, 1.300000000000000266 ) ) ;
#350 = CARTESIAN_POINT ( 'NONE',  ( 1.250000000000021094, 0.000000000000000000, -0.7999999999999997113 ) ) ;
#351 = EDGE_CURVE ( 'NONE', #4172, #1127, #8709, .T. ) ;
#352 = LINE ( 'NONE', #5973, #9359 ) ;
#353 = EDGE_CURVE ( 'NONE', #4902, #2016, #1274, .T. ) ;
#354 = ORIENTED_EDGE ( 'NONE', *, *, #2254, .T. ) ;
#355 = ORIENTED_EDGE ( 'NONE', *, *, #288, .F. ) ;
#356 = EDGE_LOOP ( 'NONE', ( #2158, #3987, #6706, #1033 ) ) ;
#357 = CARTESIAN_POINT ( 'NONE',  ( 2.900000000000001243, 0.05000000000000000278, 0.2500000000000019429 ) ) ;
#358 = AXIS2_PLACEMENT_3D ( 'NONE', #9598, #2938, #2208 ) ;
#359 = EDGE_CURVE ( 'NONE', #2798, #7196, #1130, .T. ) ;
#360 = CARTESIAN_POINT ( 'NONE',  ( -3.100000000000000533, 0.1600000000000000033, -1.414999999999999813 ) ) ;
#361 = PLANE ( 'NONE',  #5579 ) ;
#362 = CARTESIAN_POINT ( 'NONE',  ( 2.620000000000000551, 1.324999999999999956, -0.2250000000000002554 ) ) ;
#363 = VERTEX_POINT ( 'NONE', #5599 ) ;
#364 = FACE_OUTER_BOUND ( 'NONE', #745, .T. ) ;
#365 = ORIENTED_EDGE ( 'NONE', *, *, #3479, .F. ) ;
#366 = DIRECTION ( 'NONE',  ( 0.000000000000000000, -1.000000000000000000, 0.000000000000000000 ) ) ;
#367 = DIRECTION ( 'NONE',  ( 0.000000000000000000, 1.000000000000000000, 0.000000000000000000 ) ) ;
#368 = ORIENTED_EDGE ( 'NONE', *, *, #9618, .F. ) ;
#369 = EDGE_LOOP ( 'NONE', ( #1584, #1229, #6392, #7197 ) ) ;
#370 = AXIS2_PLACEMENT_3D ( 'NONE', #8140, #3828, #8379 ) ;
#371 = DIRECTION ( 'NONE',  ( 1.000000000000000000, 0.000000000000000000, 0.000000000000000000 ) ) ;
#372 = LINE ( 'NONE', #3338, #5697 ) ;
#373 = LINE ( 'NONE', #4209, #8744 ) ;
#374 = EDGE_LOOP ( 'NONE', ( #1184, #3320, #211, #6117 ) ) ;
#375 = FACE_OUTER_BOUND ( 'NONE', #1507, .T. ) ;
#376 = VERTEX_POINT ( 'NONE', #7843 ) ;
#377 = CYLINDRICAL_SURFACE ( 'NONE', #2257, 0.07499999999999998335 ) ;
#378 = FACE_OUTER_BOUND ( 'NONE', #1163, .T. ) ;
#379 = ORIENTED_EDGE ( 'NONE', *, *, #9275, .T. ) ;
#380 = DIRECTION ( 'NONE',  ( 0.000000000000000000, 1.000000000000000000, 0.000000000000000000 ) ) ;
#381 = CIRCLE ( 'NONE', #6766, 0.07499999999999998335 ) ;
#382 = DIRECTION ( 'NONE',  ( 8.673617379884035472E-16, -0.000000000000000000, 1.000000000000000000 ) ) ;
#383 = VECTOR ( 'NONE', #2378, 1000.000000000000000 ) ;
#384 = PRESENTATION_LAYER_ASSIGNMENT (  '', '', ( #7548 ) ) ;
#385 = CARTESIAN_POINT ( 'NONE',  ( -0.2499999999999785449, 0.000000000000000000, -0.7999999999999997113 ) ) ;
#386 = CARTESIAN_POINT ( 'NONE',  ( -0.6999999999999998446, 1.464999999999999858, -0.5600000000000003864 ) ) ;
#387 = ORIENTED_EDGE ( 'NONE', *, *, #3432, .F. ) ;
#388 = VERTEX_POINT ( 'NONE', #7943 ) ;
#389 = CARTESIAN_POINT ( 'NONE',  ( -1.749999999999978462, 0.05000000000000000278, -0.7999999999999997113 ) ) ;
#390 = SURFACE_SIDE_STYLE ('',( #2586 ) ) ;
#391 = DIRECTION ( 'NONE',  ( 0.000000000000000000, 0.000000000000000000, -1.000000000000000000 ) ) ;
#392 = EDGE_CURVE ( 'NONE', #9276, #3488, #9290, .T. ) ;
#393 = DIRECTION ( 'NONE',  ( 0.000000000000000000, -1.000000000000000000, 0.000000000000000000 ) ) ;
#394 = CARTESIAN_POINT ( 'NONE',  ( 2.500000000000000000, 0.05000000000000000278, 1.300000000000000266 ) ) ;
#395 = CARTESIAN_POINT ( 'NONE',  ( -1.750000000000000444, 0.05000000000000000278, 0.8000000000000003775 ) ) ;
#396 = CARTESIAN_POINT ( 'NONE',  ( -1.885000000000000231, 0.2000000000000000944, -1.514999999999999902 ) ) ;
#397 = EDGE_CURVE ( 'NONE', #2448, #3334, #4123, .T. ) ;
#398 = ORIENTED_EDGE ( 'NONE', *, *, #9018, .F. ) ;
#399 = VECTOR ( 'NONE', #3927, 1000.000000000000000 ) ;
#400 = VERTEX_POINT ( 'NONE', #440 ) ;
#401 = ORIENTED_EDGE ( 'NONE', *, *, #1131, .F. ) ;
#402 = FILL_AREA_STYLE ('',( #9396 ) ) ;
#403 = EDGE_CURVE ( 'NONE', #3025, #2460, #5013, .T. ) ;
#404 = VECTOR ( 'NONE', #4166, 1000.000000000000000 ) ;
#405 = EDGE_CURVE ( 'NONE', #5304, #5994, #3395, .T. ) ;
#406 = CIRCLE ( 'NONE', #3352, 0.07499999999999998335 ) ;
#407 = CARTESIAN_POINT ( 'NONE',  ( 0.9999999999999991118, 0.05000000000000000278, 0.8000000000000003775 ) ) ;
#408 = DIRECTION ( 'NONE',  ( -1.000000000000000000, -0.000000000000000000, -4.336808689942017736E-16 ) ) ;
#409 = DIRECTION ( 'NONE',  ( 0.000000000000000000, 0.000000000000000000, -1.000000000000000000 ) ) ;
#410 = CARTESIAN_POINT ( 'NONE',  ( 1.324999999999999512, 1.500000000000000000, 0.7599999999999995648 ) ) ;
#411 = EDGE_CURVE ( 'NONE', #5065, #3736, #7996, .T. ) ;
#412 = ORIENTED_EDGE ( 'NONE', *, *, #5035, .F. ) ;
#413 = EDGE_CURVE ( 'NONE', #8257, #7284, #7263, .T. ) ;
#414 =( LENGTH_UNIT ( ) NAMED_UNIT ( * ) SI_UNIT ( .MILLI., .METRE. ) );
#415 = CARTESIAN_POINT ( 'NONE',  ( 1.849999999999999867, 0.2000000000000000944, -1.479999999999999760 ) ) ;
#416 = AXIS2_PLACEMENT_3D ( 'NONE', #757, #7438, #2260 ) ;
#417 = VECTOR ( 'NONE', #7275, 1000.000000000000000 ) ;
#418 = CARTESIAN_POINT ( 'NONE',  ( -1.749999999999978462, 0.05000000000000000278, -0.7999999999999997113 ) ) ;
#419 = ORIENTED_EDGE ( 'NONE', *, *, #6419, .F. ) ;
#420 = ORIENTED_EDGE ( 'NONE', *, *, #3380, .F. ) ;
#421 = DIRECTION ( 'NONE',  ( 0.000000000000000000, -1.000000000000000000, 0.000000000000000000 ) ) ;
#422 = FACE_OUTER_BOUND ( 'NONE', #5486, .T. ) ;
#423 = VECTOR ( 'NONE', #4635, 1000.000000000000000 ) ;
#424 = LINE ( 'NONE', #6954, #877 ) ;
#425 = DIRECTION ( 'NONE',  ( 0.000000000000000000, 0.000000000000000000, 1.000000000000000000 ) ) ;
#426 = ORIENTED_EDGE ( 'NONE', *, *, #4789, .F. ) ;
#427 = DIRECTION ( 'NONE',  ( -0.000000000000000000, 1.000000000000000000, -0.000000000000000000 ) ) ;
#428 = VERTEX_POINT ( 'NONE', #1987 ) ;
#429 = DIRECTION ( 'NONE',  ( 0.000000000000000000, 1.000000000000000000, -0.000000000000000000 ) ) ;
#430 = DIRECTION ( 'NONE',  ( 1.000000000000000000, 0.000000000000000000, 0.000000000000000000 ) ) ;
#431 = ORIENTED_EDGE ( 'NONE', *, *, #2537, .T. ) ;
#432 = PRESENTATION_LAYER_ASSIGNMENT (  '', '', ( #6647 ) ) ;
#433 = CARTESIAN_POINT ( 'NONE',  ( -3.102500000000000036, 1.464999999999999858, -0.6599999999999995870 ) ) ;
#434 = DIRECTION ( 'NONE',  ( 0.000000000000000000, 0.000000000000000000, 1.000000000000000000 ) ) ;
#435 = CARTESIAN_POINT ( 'NONE',  ( -1.704999999999999849, 1.350000000000000089, 0.1000000000000001582 ) ) ;
#436 = VECTOR ( 'NONE', #7232, 1000.000000000000000 ) ;
#437 = DIRECTION ( 'NONE',  ( 0.000000000000000000, 1.000000000000000000, 0.000000000000000000 ) ) ;
#438 = DIRECTION ( 'NONE',  ( 1.000000000000000000, 0.000000000000000000, 0.000000000000000000 ) ) ;
#439 = ORIENTED_EDGE ( 'NONE', *, *, #538, .F. ) ;
#440 = CARTESIAN_POINT ( 'NONE',  ( -2.397499999999999520, 1.464999999999999858, -1.434999999999999609 ) ) ;
#441 = CARTESIAN_POINT ( 'NONE',  ( 1.814999999999999725, 1.464999999999999858, 1.380000000000000338 ) ) ;
#442 = AXIS2_PLACEMENT_3D ( 'NONE', #5483, #8404, #314 ) ;
#443 = CARTESIAN_POINT ( 'NONE',  ( 1.945000000000000062, 1.324999999999999956, -0.2249999999999997280 ) ) ;
#444 = PLANE ( 'NONE',  #7971 ) ;
#445 = CARTESIAN_POINT ( 'NONE',  ( -1.250000000000000444, 0.000000000000000000, 1.300000000000000266 ) ) ;
#446 = ORIENTED_EDGE ( 'NONE', *, *, #4789, .T. ) ;
#447 = AXIS2_PLACEMENT_3D ( 'NONE', #5273, #6610, #9546 ) ;
#448 = CARTESIAN_POINT ( 'NONE',  ( 2.620000000000000551, 1.500000000000000000, -0.2250000000000002554 ) ) ;
#449 = EDGE_LOOP ( 'NONE', ( #8814, #9450, #1543, #5799 ) ) ;
#450 = EDGE_CURVE ( 'NONE', #1887, #3343, #2816, .T. ) ;
#451 = ORIENTED_EDGE ( 'NONE', *, *, #1472, .F. ) ;
#452 = CARTESIAN_POINT ( 'NONE',  ( 1.749999999999999334, 0.05000000000000000278, 1.414999999999999813 ) ) ;
#453 = FACE_OUTER_BOUND ( 'NONE', #8005, .T. ) ;
#454 = EDGE_CURVE ( 'NONE', #5284, #7964, #7071, .T. ) ;
#455 = DIRECTION ( 'NONE',  ( 0.000000000000000000, 0.000000000000000000, -1.000000000000000000 ) ) ;
#456 = CIRCLE ( 'NONE', #2932, 0.03500000000000009354 ) ;
#457 = LINE ( 'NONE', #5614, #7617 ) ;
#458 = DIRECTION ( 'NONE',  ( 0.000000000000000000, 0.000000000000000000, 1.000000000000000000 ) ) ;
#459 = CARTESIAN_POINT ( 'NONE',  ( -3.130000000000000338, 1.464999999999999858, 1.444999999999999396 ) ) ;
#460 = CARTESIAN_POINT ( 'NONE',  ( 2.000000000000000000, 0.000000000000000000, 1.300000000000000266 ) ) ;
#461 = ORIENTED_EDGE ( 'NONE', *, *, #8077, .F. ) ;
#462 = FILL_AREA_STYLE_COLOUR ( '', #6191 ) ;
#463 = ORIENTED_EDGE ( 'NONE', *, *, #7852, .F. ) ;
#464 = ADVANCED_FACE ( 'NONE', ( #2626 ), #4960, .T. ) ;
#465 = EDGE_CURVE ( 'NONE', #4651, #6711, #8576, .T. ) ;
#466 = AXIS2_PLACEMENT_3D ( 'NONE', #4372, #2768, #3 ) ;
#467 = LINE ( 'NONE', #7141, #2458 ) ;
#468 = MECHANICAL_DESIGN_GEOMETRIC_PRESENTATION_REPRESENTATION (  '', ( #2940 ), #1705 ) ;
#469 = ORIENTED_EDGE ( 'NONE', *, *, #3675, .F. ) ;
#470 = ORIENTED_EDGE ( 'NONE', *, *, #1002, .F. ) ;
#471 = EDGE_CURVE ( 'NONE', #1613, #8042, #5651, .T. ) ;
#472 = FACE_OUTER_BOUND ( 'NONE', #8607, .T. ) ;
#473 = EDGE_CURVE ( 'NONE', #4753, #6193, #493, .T. ) ;
#474 = VECTOR ( 'NONE', #7073, 1000.000000000000000 ) ;
#475 = FACE_OUTER_BOUND ( 'NONE', #7212, .T. ) ;
#476 = DIRECTION ( 'NONE',  ( 0.000000000000000000, 0.000000000000000000, -1.000000000000000000 ) ) ;
#477 = ORIENTED_EDGE ( 'NONE', *, *, #2964, .T. ) ;
#478 = ORIENTED_EDGE ( 'NONE', *, *, #5168, .F. ) ;
#479 = DIRECTION ( 'NONE',  ( 0.000000000000000000, 0.000000000000000000, 1.000000000000000000 ) ) ;
#480 = VERTEX_POINT ( 'NONE', #6584 ) ;
#481 = FACE_OUTER_BOUND ( 'NONE', #5321, .T. ) ;
#482 = CARTESIAN_POINT ( 'NONE',  ( -3.100000000000000533, 0.1600000000000004197, -1.414999999999999813 ) ) ;
#483 = EDGE_LOOP ( 'NONE', ( #5176, #5515, #4564, #1719 ) ) ;
#484 = CLOSED_SHELL ( 'NONE', ( #8449, #1072, #7017, #6950, #3254, #8951 ) ) ;
#485 = ADVANCED_FACE ( 'NONE', ( #2910 ), #8090, .T. ) ;
#486 = CARTESIAN_POINT ( 'NONE',  ( 2.020000000000000462, 1.324999999999999956, 0.4999999999999997780 ) ) ;
#487 = DIRECTION ( 'NONE',  ( 0.000000000000000000, 0.000000000000000000, -1.000000000000000000 ) ) ;
#488 = PLANE ( 'NONE',  #9110 ) ;
#489 = VECTOR ( 'NONE', #6743, 1000.000000000000000 ) ;
#490 = AXIS2_PLACEMENT_3D ( 'NONE', #342, #8333, #930 ) ;
#491 =( NAMED_UNIT ( * ) SI_UNIT ( $, .STERADIAN. ) SOLID_ANGLE_UNIT ( ) );
#492 = ORIENTED_EDGE ( 'NONE', *, *, #4918, .F. ) ;
#493 = LINE ( 'NONE', #6434, #8420 ) ;
#494 = DIRECTION ( 'NONE',  ( 0.000000000000000000, 0.000000000000000000, -1.000000000000000000 ) ) ;
#495 = AXIS2_PLACEMENT_3D ( 'NONE', #120, #5873, #7395 ) ;
#496 = LINE ( 'NONE', #9293, #7060 ) ;
#497 = PLANE ( 'NONE',  #4510 ) ;
#498 = DIRECTION ( 'NONE',  ( -4.336808689942017736E-16, 0.000000000000000000, 1.000000000000000000 ) ) ;
#499 = AXIS2_PLACEMENT_3D ( 'NONE', #2199, #5173, #8151 ) ;
#500 =( GEOMETRIC_REPRESENTATION_CONTEXT ( 3 ) GLOBAL_UNCERTAINTY_ASSIGNED_CONTEXT ( ( #3767 ) ) GLOBAL_UNIT_ASSIGNED_CONTEXT ( ( #1447, #5979, #2803 ) ) REPRESENTATION_CONTEXT ( 'NONE', 'WORKASPACE' ) );
#501 = ORIENTED_EDGE ( 'NONE', *, *, #4094, .F. ) ;
#502 = LINE ( 'NONE', #3451, #9127 ) ;
#503 = ORIENTED_EDGE ( 'NONE', *, *, #3607, .F. ) ;
#504 = ORIENTED_EDGE ( 'NONE', *, *, #7191, .T. ) ;
#505 = ADVANCED_BREP_SHAPE_REPRESENTATION ( 'VL53L5CXV0GC_1', ( #7278, #7039, #4116, #3871, #895, #3893, #929, #3917, #4075, #3943, #640, #7247, #7380, #7362, #4041, #7120, #858, #7199, #843, #7085, #4132, #7056, #676, #3840, #3336 ), #3023 ) ;
#506 = PLANE ( 'NONE',  #8542 ) ;
#507 = CARTESIAN_POINT ( 'NONE',  ( -2.362499999999999378, 1.464999999999999858, -0.6949999999999993960 ) ) ;
#508 = LINE ( 'NONE', #6355, #8813 ) ;
#509 = VERTEX_POINT ( 'NONE', #5250 ) ;
#510 =( LENGTH_UNIT ( ) NAMED_UNIT ( * ) SI_UNIT ( .MILLI., .METRE. ) );
#511 = ORIENTED_EDGE ( 'NONE', *, *, #2379, .F. ) ;
#512 = ADVANCED_FACE ( 'NONE', ( #4419 ), #3773, .F. ) ;
#513 = ORIENTED_EDGE ( 'NONE', *, *, #3244, .T. ) ;
#514 = EDGE_CURVE ( 'NONE', #5041, #8768, #8996, .T. ) ;
#515 = VECTOR ( 'NONE', #6684, 1000.000000000000000 ) ;
#516 = LINE ( 'NONE', #5581, #4632 ) ;
#517 = CARTESIAN_POINT ( 'NONE',  ( 1.229999999999999982, 1.164999999999999813, -0.4500000000000003997 ) ) ;
#518 = DIRECTION ( 'NONE',  ( 1.000000000000000000, 0.000000000000000000, 0.000000000000000000 ) ) ;
#519 = DIRECTION ( 'NONE',  ( 8.673617379884035472E-16, -0.000000000000000000, 1.000000000000000000 ) ) ;
#520 = ORIENTED_EDGE ( 'NONE', *, *, #1085, .T. ) ;
#521 = ORIENTED_EDGE ( 'NONE', *, *, #7253, .F. ) ;
#522 = CARTESIAN_POINT ( 'NONE',  ( -2.397500000000000409, 1.439999999999999947, -1.399999999999999245 ) ) ;
#523 = ADVANCED_FACE ( 'NONE', ( #6676 ), #2957, .T. ) ;
#524 = ORIENTED_EDGE ( 'NONE', *, *, #7667, .F. ) ;
#525 = EDGE_CURVE ( 'NONE', #6683, #9460, #8177, .T. ) ;
#526 = VECTOR ( 'NONE', #9522, 1000.000000000000000 ) ;
#527 = DIRECTION ( 'NONE',  ( -8.673617379884035472E-16, 0.000000000000000000, -1.000000000000000000 ) ) ;
#528 = CARTESIAN_POINT ( 'NONE',  ( 1.000000000000021316, 0.05000000000000000278, -0.7999999999999994893 ) ) ;
#529 = VERTEX_POINT ( 'NONE', #5151 ) ;
#530 = CARTESIAN_POINT ( 'NONE',  ( 0.5000000000000213163, 0.05000000000000000278, -0.7999999999999997113 ) ) ;
#531 = EDGE_CURVE ( 'NONE', #5528, #718, #3588, .T. ) ;
#532 = ADVANCED_FACE ( 'NONE', ( #5200 ), #1458, .F. ) ;
#533 = VECTOR ( 'NONE', #4121, 1000.000000000000000 ) ;
#534 = LINE ( 'NONE', #1983, #4594 ) ;
#535 = LINE ( 'NONE', #1940, #2490 ) ;
#536 = EDGE_CURVE ( 'NONE', #9187, #9477, #5145, .T. ) ;
#537 = ORIENTED_EDGE ( 'NONE', *, *, #8547, .T. ) ;
#538 = EDGE_CURVE ( 'NONE', #6193, #5041, #8945, .T. ) ;
#539 = CARTESIAN_POINT ( 'NONE',  ( -1.704999999999999849, 1.324999999999999956, 0.1000000000000001582 ) ) ;
#540 = DIRECTION ( 'NONE',  ( 1.000000000000000000, 0.000000000000000000, 0.000000000000000000 ) ) ;
#541 = AXIS2_PLACEMENT_3D ( 'NONE', #3500, #695, #2735 ) ;
#542 =( LENGTH_UNIT ( ) NAMED_UNIT ( * ) SI_UNIT ( .MILLI., .METRE. ) );
#543 = CARTESIAN_POINT ( 'NONE',  ( 1.375000000000000000, 1.464999999999999858, 0.7099999999999992983 ) ) ;
#544 = PLANE ( 'NONE',  #8603 ) ;
#545 = ORIENTED_EDGE ( 'NONE', *, *, #8326, .F. ) ;
#546 = ORIENTED_EDGE ( 'NONE', *, *, #8378, .F. ) ;
#547 = ORIENTED_EDGE ( 'NONE', *, *, #2952, .T. ) ;
#548 = DIRECTION ( 'NONE',  ( -1.000000000000000000, 0.000000000000000000, -0.000000000000000000 ) ) ;
#549 = VECTOR ( 'NONE', #3681, 1000.000000000000000 ) ;
#550 = CARTESIAN_POINT ( 'NONE',  ( 0.000000000000000000, 0.000000000000000000, 0.000000000000000000 ) ) ;
#551 = CARTESIAN_POINT ( 'NONE',  ( -3.102500000000000036, 1.439999999999999947, -1.434999999999999165 ) ) ;
#552 = AXIS2_PLACEMENT_3D ( 'NONE', #1259, #7201, #527 ) ;
#553 = LINE ( 'NONE', #3505, #7882 ) ;
#554 = ORIENTED_EDGE ( 'NONE', *, *, #536, .F. ) ;
#555 = LINE ( 'NONE', #3508, #4463 ) ;
#556 = ORIENTED_EDGE ( 'NONE', *, *, #7846, .T. ) ;
#557 = ORIENTED_EDGE ( 'NONE', *, *, #1950, .F. ) ;
#558 = VERTEX_POINT ( 'NONE', #7456 ) ;
#559 = VECTOR ( 'NONE', #2481, 1000.000000000000000 ) ;
#560 = CARTESIAN_POINT ( 'NONE',  ( 2.900000000000001243, 0.000000000000000000, 0.2500000000000019429 ) ) ;
#561 = LINE ( 'NONE', #7924, #4292 ) ;
#562 = FACE_OUTER_BOUND ( 'NONE', #8839, .T. ) ;
#563 = LINE ( 'NONE', #4348, #4389 ) ;
#564 = VERTEX_POINT ( 'NONE', #8902 ) ;
#565 = AXIS2_PLACEMENT_3D ( 'NONE', #674, #6579, #9463 ) ;
#566 = ORIENTED_EDGE ( 'NONE', *, *, #8245, .T. ) ;
#567 = VECTOR ( 'NONE', #4001, 1000.000000000000000 ) ;
#568 = CARTESIAN_POINT ( 'NONE',  ( -3.102500000000000036, 1.464999999999999858, -0.6599999999999995870 ) ) ;
#569 = ORIENTED_EDGE ( 'NONE', *, *, #8455, .F. ) ;
#570 = ADVANCED_FACE ( 'NONE', ( #6773 ), #2228, .T. ) ;
#571 = DIRECTION ( 'NONE',  ( -0.000000000000000000, -1.000000000000000000, -0.000000000000000000 ) ) ;
#572 = DIRECTION ( 'NONE',  ( -0.000000000000000000, 1.000000000000000000, -0.000000000000000000 ) ) ;
#573 = VERTEX_POINT ( 'NONE', #5846 ) ;
#574 = VECTOR ( 'NONE', #7230, 1000.000000000000000 ) ;
#575 = PLANE ( 'NONE',  #2855 ) ;
#576 = AXIS2_PLACEMENT_3D ( 'NONE', #7730, #1297, #7185 ) ;
#577 = EDGE_CURVE ( 'NONE', #5046, #5284, #683, .T. ) ;
#578 = DIRECTION ( 'NONE',  ( 0.000000000000000000, -1.000000000000000000, 0.000000000000000000 ) ) ;
#579 = LINE ( 'NONE', #3482, #9563 ) ;
#580 = DIRECTION ( 'NONE',  ( 0.000000000000000000, 1.000000000000000000, 0.000000000000000000 ) ) ;
#581 =( LENGTH_UNIT ( ) NAMED_UNIT ( * ) SI_UNIT ( .MILLI., .METRE. ) );
#582 = DIRECTION ( 'NONE',  ( 0.000000000000000000, -1.000000000000000000, 0.000000000000000000 ) ) ;
#583 = ORIENTED_EDGE ( 'NONE', *, *, #2912, .T. ) ;
#584 = EDGE_CURVE ( 'NONE', #5201, #8546, #9570, .T. ) ;
#585 = EDGE_CURVE ( 'NONE', #5576, #3985, #1365, .T. ) ;
#586 = ADVANCED_FACE ( 'NONE', ( #8807 ), #8222, .F. ) ;
#587 = AXIS2_PLACEMENT_3D ( 'NONE', #3061, #4472, #2237 ) ;
#588 = EDGE_CURVE ( 'NONE', #4793, #2104, #961, .T. ) ;
#589 = CYLINDRICAL_SURFACE ( 'NONE', #8104, 0.03500000000000009354 ) ;
#590 = VERTEX_POINT ( 'NONE', #6868 ) ;
#591 = LINE ( 'NONE', #4964, #4235 ) ;
#592 = ORIENTED_EDGE ( 'NONE', *, *, #1773, .F. ) ;
#593 = CARTESIAN_POINT ( 'NONE',  ( 1.229999999999999982, 1.464999999999999858, -0.4500000000000003997 ) ) ;
#594 = VERTEX_POINT ( 'NONE', #3250 ) ;
#595 = ORIENTED_EDGE ( 'NONE', *, *, #6302, .F. ) ;
#596 = PLANE ( 'NONE',  #9412 ) ;
#597 = CARTESIAN_POINT ( 'NONE',  ( -3.137500000000000178, 1.439999999999999947, -0.6949999999999993960 ) ) ;
#598 = DIRECTION ( 'NONE',  ( -0.000000000000000000, -1.000000000000000000, -0.000000000000000000 ) ) ;
#599 = CARTESIAN_POINT ( 'NONE',  ( -2.299999999999999822, 1.500000000000000000, -0.6149999999999992140 ) ) ;
#600 = VECTOR ( 'NONE', #4482, 1000.000000000000000 ) ;
#601 = DIRECTION ( 'NONE',  ( 1.000000000000000000, -0.000000000000000000, 0.000000000000000000 ) ) ;
#602 = ORIENTED_EDGE ( 'NONE', *, *, #5589, .T. ) ;
#603 = ORIENTED_EDGE ( 'NONE', *, *, #3975, .F. ) ;
#604 = LINE ( 'NONE', #9541, #3690 ) ;
#605 = ORIENTED_EDGE ( 'NONE', *, *, #7840, .F. ) ;
#606 = ORIENTED_EDGE ( 'NONE', *, *, #4088, .T. ) ;
#607 = VECTOR ( 'NONE', #7793, 1000.000000000000000 ) ;
#608 = LINE ( 'NONE', #3465, #8536 ) ;
#609 = DIRECTION ( 'NONE',  ( 0.000000000000000000, 0.000000000000000000, 1.000000000000000000 ) ) ;
#610 = CARTESIAN_POINT ( 'NONE',  ( -2.362499999999999378, 1.439999999999999947, -0.6949999999999993960 ) ) ;
#611 = CARTESIAN_POINT ( 'NONE',  ( 2.000000000000000000, 0.05000000000000000278, -1.414999999999999813 ) ) ;
#612 = ORIENTED_EDGE ( 'NONE', *, *, #514, .F. ) ;
#613 = MECHANICAL_DESIGN_GEOMETRIC_PRESENTATION_REPRESENTATION (  '', ( #4023 ), #4489 ) ;
#614 = EDGE_LOOP ( 'NONE', ( #8417, #6258, #2299, #7081 ) ) ;
#615 = DIRECTION ( 'NONE',  ( 0.000000000000000000, 0.000000000000000000, -1.000000000000000000 ) ) ;
#616 = ORIENTED_EDGE ( 'NONE', *, *, #4220, .F. ) ;
#617 = SURFACE_STYLE_USAGE ( .BOTH. , #2071 ) ;
#618 = VERTEX_POINT ( 'NONE', #3203 ) ;
#619 = ADVANCED_FACE ( 'NONE', ( #4650 ), #9234, .T. ) ;
#620 = FACE_OUTER_BOUND ( 'NONE', #6420, .T. ) ;
#621 = APPLICATION_CONTEXT ( 'automotive_design' ) ;
#622 = CARTESIAN_POINT ( 'NONE',  ( -1.850000000000000089, 1.464999999999999858, 1.450000000000000622 ) ) ;
#623 = DIRECTION ( 'NONE',  ( 0.000000000000000000, 0.000000000000000000, 1.000000000000000000 ) ) ;
#624 = SURFACE_STYLE_FILL_AREA ( #2128 ) ;
#625 = CARTESIAN_POINT ( 'NONE',  ( 0.4999999999999995559, 0.05000000000000000278, 1.300000000000000266 ) ) ;
#626 = ORIENTED_EDGE ( 'NONE', *, *, #7621, .F. ) ;
#627 = DIRECTION ( 'NONE',  ( -0.000000000000000000, -1.000000000000000000, -0.000000000000000000 ) ) ;
#628 = ORIENTED_EDGE ( 'NONE', *, *, #5338, .T. ) ;
#629 =( NAMED_UNIT ( * ) SI_UNIT ( $, .STERADIAN. ) SOLID_ANGLE_UNIT ( ) );
#630 = DIRECTION ( 'NONE',  ( 0.000000000000000000, 1.000000000000000000, 0.000000000000000000 ) ) ;
#631 = AXIS2_PLACEMENT_3D ( 'NONE', #6277, #9413, #9280 ) ;
#632 = CARTESIAN_POINT ( 'NONE',  ( -2.400000000000000355, 0.05000000000000000278, 0.2500000000000002220 ) ) ;
#633 = EDGE_CURVE ( 'NONE', #1613, #7576, #5495, .T. ) ;
#634 = EDGE_CURVE ( 'NONE', #2238, #3488, #5295, .T. ) ;
#635 = ORIENTED_EDGE ( 'NONE', *, *, #4183, .T. ) ;
#636 = LINE ( 'NONE', #2235, #1460 ) ;
#637 = DIRECTION ( 'NONE',  ( -0.000000000000000000, -1.000000000000000000, -0.000000000000000000 ) ) ;
#638 = ORIENTED_EDGE ( 'NONE', *, *, #2059, .T. ) ;
#639 = VECTOR ( 'NONE', #2399, 1000.000000000000000 ) ;
#640 = MANIFOLD_SOLID_BREP ( 'Boss-Extrude4[11]', #4504 ) ;
#641 = CARTESIAN_POINT ( 'NONE',  ( -1.442095535139930496, 1.350000000000000089, -0.1424999999999993494 ) ) ;
#642 = EDGE_CURVE ( 'NONE', #1055, #4651, #863, .T. ) ;
#643 = CIRCLE ( 'NONE', #325, 0.07499999999999998335 ) ;
#644 = ADVANCED_FACE ( 'NONE', ( #328 ), #9137, .T. ) ;
#645 = CARTESIAN_POINT ( 'NONE',  ( -2.397500000000000409, 1.439999999999999947, -1.399999999999999245 ) ) ;
#646 = ADVANCED_FACE ( 'NONE', ( #6280 ), #6139, .T. ) ;
#647 = VECTOR ( 'NONE', #8323, 1000.000000000000000 ) ;
#648 = EDGE_CURVE ( 'NONE', #1148, #7597, #3928, .T. ) ;
#649 = VECTOR ( 'NONE', #8852, 1000.000000000000000 ) ;
#650 = FACE_OUTER_BOUND ( 'NONE', #4968, .T. ) ;
#651 = CARTESIAN_POINT ( 'NONE',  ( 1.249999999999999334, 0.000000000000000000, 0.8000000000000003775 ) ) ;
#652 = ORIENTED_EDGE ( 'NONE', *, *, #6132, .T. ) ;
#653 = ORIENTED_EDGE ( 'NONE', *, *, #1472, .T. ) ;
#654 = CARTESIAN_POINT ( 'NONE',  ( 3.125000000000000000, 0.2000000000000000944, -1.439999999999999947 ) ) ;
#655 = EDGE_CURVE ( 'NONE', #7670, #1148, #5443, .T. ) ;
#656 = DIRECTION ( 'NONE',  ( -8.673617379884035472E-16, 0.000000000000000000, -1.000000000000000000 ) ) ;
#657 = VECTOR ( 'NONE', #9010, 1000.000000000000000 ) ;
#658 = ORIENTED_EDGE ( 'NONE', *, *, #7009, .F. ) ;
#659 = AXIS2_PLACEMENT_3D ( 'NONE', #3150, #6862, #7598 ) ;
#660 = LINE ( 'NONE', #3618, #134 ) ;
#661 = DIRECTION ( 'NONE',  ( 0.000000000000000000, 0.000000000000000000, -1.000000000000000000 ) ) ;
#662 = DIRECTION ( 'NONE',  ( 0.000000000000000000, 1.000000000000000000, -0.000000000000000000 ) ) ;
#663 = LINE ( 'NONE', #3467, #3921 ) ;
#664 = ORIENTED_EDGE ( 'NONE', *, *, #6899, .T. ) ;
#665 = ORIENTED_EDGE ( 'NONE', *, *, #4127, .F. ) ;
#666 = LINE ( 'NONE', #1444, #7013 ) ;
#667 = ORIENTED_EDGE ( 'NONE', *, *, #5523, .T. ) ;
#668 = CYLINDRICAL_SURFACE ( 'NONE', #8194, 0.03500000000000009354 ) ;
#669 = CARTESIAN_POINT ( 'NONE',  ( 3.100000000000000533, 0.1600000000000004197, 1.414999999999999813 ) ) ;
#670 = ORIENTED_EDGE ( 'NONE', *, *, #6957, .T. ) ;
#671 = AXIS2_PLACEMENT_3D ( 'NONE', #9156, #2496, #1759 ) ;
#672 = DIRECTION ( 'NONE',  ( 0.000000000000000000, 0.000000000000000000, 1.000000000000000000 ) ) ;
#673 = CARTESIAN_POINT ( 'NONE',  ( 2.900000000000001243, 0.05000000000000000278, 0.2500000000000019429 ) ) ;
#674 = CARTESIAN_POINT ( 'NONE',  ( -3.102500000000000036, 1.439999999999999947, -0.6949999999999993960 ) ) ;
#675 = CARTESIAN_POINT ( 'NONE',  ( 1.250000000000021094, 0.05000000000000000278, -1.299999999999999600 ) ) ;
#676 = MANIFOLD_SOLID_BREP ( 'Boss-Extrude7[2]', #6385 ) ;
#677 = CARTESIAN_POINT ( 'NONE',  ( 0.4999999999999995559, 0.05000000000000000278, 0.8000000000000003775 ) ) ;
#678 =( NAMED_UNIT ( * ) PLANE_ANGLE_UNIT ( ) SI_UNIT ( $, .RADIAN. ) );
#679 = LINE ( 'NONE', #2814, #8268 ) ;
#680 = VECTOR ( 'NONE', #2915, 1000.000000000000000 ) ;
#681 = VECTOR ( 'NONE', #3102, 1000.000000000000000 ) ;
#682 = ORIENTED_EDGE ( 'NONE', *, *, #6612, .F. ) ;
#683 = LINE ( 'NONE', #2328, #2193 ) ;
#684 = ORIENTED_EDGE ( 'NONE', *, *, #7326, .T. ) ;
#685 = VECTOR ( 'NONE', #1375, 1000.000000000000000 ) ;
#686 = CARTESIAN_POINT ( 'NONE',  ( -1.885000000000000231, 1.464999999999999858, 1.479999999999999760 ) ) ;
#687 = DIRECTION ( 'NONE',  ( -0.000000000000000000, -0.000000000000000000, 1.000000000000000000 ) ) ;
#688 = VERTEX_POINT ( 'NONE', #2710 ) ;
#689 = CARTESIAN_POINT ( 'NONE',  ( 0.2500000000000214828, 0.05000000000000000278, -0.7999999999999994893 ) ) ;
#690 = ORIENTED_EDGE ( 'NONE', *, *, #9552, .F. ) ;
#691 = LINE ( 'NONE', #3695, #3532 ) ;
#692 = ORIENTED_EDGE ( 'NONE', *, *, #5624, .F. ) ;
#693 = DIRECTION ( 'NONE',  ( 1.000000000000000000, -0.000000000000000000, -0.000000000000000000 ) ) ;
#694 = ADVANCED_FACE ( 'NONE', ( #9188 ), #5687, .F. ) ;
#695 = DIRECTION ( 'NONE',  ( 1.000000000000000000, 0.000000000000000000, 0.000000000000000000 ) ) ;
#696 = LINE ( 'NONE', #65, #7486 ) ;
#697 = EDGE_CURVE ( 'NONE', #4350, #1725, #2757, .T. ) ;
#698 = FACE_OUTER_BOUND ( 'NONE', #2730, .T. ) ;
#699 = CARTESIAN_POINT ( 'NONE',  ( -1.000000000000000444, 0.05000000000000000278, 1.414999999999999813 ) ) ;
#700 = AXIS2_PLACEMENT_3D ( 'NONE', #8618, #7209, #6474 ) ;
#701 = FACE_OUTER_BOUND ( 'NONE', #3782, .T. ) ;
#702 = ORIENTED_EDGE ( 'NONE', *, *, #7673, .T. ) ;
#703 = DIRECTION ( 'NONE',  ( 1.000000000000000000, 0.000000000000000000, 0.000000000000000000 ) ) ;
#704 = ORIENTED_EDGE ( 'NONE', *, *, #1601, .F. ) ;
#705 = CARTESIAN_POINT ( 'NONE',  ( -2.397500000000000409, 1.439999999999999947, -0.6949999999999993960 ) ) ;
#706 = EDGE_CURVE ( 'NONE', #6195, #7995, #6517, .T. ) ;
#707 = ORIENTED_EDGE ( 'NONE', *, *, #6192, .F. ) ;
#708 = EDGE_CURVE ( 'NONE', #5710, #6452, #8611, .T. ) ;
#709 = CARTESIAN_POINT ( 'NONE',  ( 2.000000000000000000, 0.05000000000000000278, -1.414999999999999369 ) ) ;
#710 = EDGE_CURVE ( 'NONE', #6322, #8970, #1886, .T. ) ;
#711 = CARTESIAN_POINT ( 'NONE',  ( 2.020000000000000462, 1.324999999999999956, -0.3000000000000002665 ) ) ;
#712 = LINE ( 'NONE', #8205, #1119 ) ;
#713 = EDGE_CURVE ( 'NONE', #5251, #4042, #1932, .T. ) ;
#714 = CARTESIAN_POINT ( 'NONE',  ( 1.158000000000000140, 0.05000000000000000278, -0.5999999999999998668 ) ) ;
#715 = ORIENTED_EDGE ( 'NONE', *, *, #873, .T. ) ;
#716 = ORIENTED_EDGE ( 'NONE', *, *, #3249, .F. ) ;
#717 = PLANE ( 'NONE',  #7816 ) ;
#718 = VERTEX_POINT ( 'NONE', #9324 ) ;
#719 = AXIS2_PLACEMENT_3D ( 'NONE', #418, #2648, #8599 ) ;
#720 = CARTESIAN_POINT ( 'NONE',  ( 2.020000000000000018, 1.324999999999999956, 0.4249999999999998224 ) ) ;
#721 = DIRECTION ( 'NONE',  ( 8.673617379884035472E-16, -0.000000000000000000, 1.000000000000000000 ) ) ;
#722 = ORIENTED_EDGE ( 'NONE', *, *, #2179, .T. ) ;
#723 = CARTESIAN_POINT ( 'NONE',  ( -1.704999999999999849, 1.350000000000000089, 0.1000000000000001582 ) ) ;
#724 = LINE ( 'NONE', #6620, #1625 ) ;
#725 = AXIS2_PLACEMENT_3D ( 'NONE', #5840, #4414, #3047 ) ;
#726 = DIRECTION ( 'NONE',  ( 1.000000000000000000, 0.000000000000000000, 0.000000000000000000 ) ) ;
#727 = DIRECTION ( 'NONE',  ( 0.000000000000000000, -1.000000000000000000, 0.000000000000000000 ) ) ;
#728 = ORIENTED_EDGE ( 'NONE', *, *, #8043, .T. ) ;
#729 = CARTESIAN_POINT ( 'NONE',  ( -3.137500000000000178, 1.439999999999999947, -1.399999999999999245 ) ) ;
#730 = VERTEX_POINT ( 'NONE', #7105 ) ;
#731 = DIRECTION ( 'NONE',  ( 0.000000000000000000, 1.000000000000000000, 0.000000000000000000 ) ) ;
#732 = ORIENTED_EDGE ( 'NONE', *, *, #234, .T. ) ;
#733 = VECTOR ( 'NONE', #421, 1000.000000000000000 ) ;
#734 = LINE ( 'NONE', #2819, #3884 ) ;
#735 = ORIENTED_EDGE ( 'NONE', *, *, #42, .F. ) ;
#736 = CARTESIAN_POINT ( 'NONE',  ( -2.299999999999999822, 0.000000000000000000, -0.7999999999999997113 ) ) ;
#737 = EDGE_LOOP ( 'NONE', ( #478, #4941, #7223, #7966 ) ) ;
#738 = DIRECTION ( 'NONE',  ( -1.000000000000000000, -0.000000000000000000, -4.336808689942017736E-16 ) ) ;
#739 = VERTEX_POINT ( 'NONE', #7987 ) ;
#740 = CARTESIAN_POINT ( 'NONE',  ( 0.5000000000000213163, 0.000000000000000000, -0.7999999999999997113 ) ) ;
#741 = SURFACE_STYLE_FILL_AREA ( #1516 ) ;
#742 = VECTOR ( 'NONE', #8063, 1000.000000000000000 ) ;
#743 = DIRECTION ( 'NONE',  ( 0.000000000000000000, 1.000000000000000000, 0.000000000000000000 ) ) ;
#744 = EDGE_CURVE ( 'NONE', #1393, #6615, #643, .T. ) ;
#745 = EDGE_LOOP ( 'NONE', ( #1828, #426, #3371, #3469 ) ) ;
#746 = CIRCLE ( 'NONE', #7912, 0.03499999999999987843 ) ;
#747 = DIRECTION ( 'NONE',  ( -0.000000000000000000, -0.000000000000000000, 1.000000000000000000 ) ) ;
#748 = ORIENTED_EDGE ( 'NONE', *, *, #7259, .F. ) ;
#749 = LINE ( 'NONE', #2839, #2875 ) ;
#750 = ORIENTED_EDGE ( 'NONE', *, *, #8844, .T. ) ;
#751 = ADVANCED_FACE ( 'NONE', ( #1309 ), #4165, .F. ) ;
#752 = CARTESIAN_POINT ( 'NONE',  ( -1.850000000000000089, 0.2000000000000000944, -0.000000000000000000 ) ) ;
#753 = VECTOR ( 'NONE', #1821, 1000.000000000000000 ) ;
#754 = CARTESIAN_POINT ( 'NONE',  ( 1.249999999999999334, 0.05000000000000000278, 1.414999999999999813 ) ) ;
#755 = CARTESIAN_POINT ( 'NONE',  ( -1.000000000000000444, 0.000000000000000000, 1.414999999999999813 ) ) ;
#756 = EDGE_CURVE ( 'NONE', #6574, #7088, #9416, .T. ) ;
#757 = CARTESIAN_POINT ( 'NONE',  ( 2.900000000000001243, 0.05000000000000000278, -0.2499999999999980571 ) ) ;
#758 = EDGE_CURVE ( 'NONE', #5089, #7853, #1980, .T. ) ;
#759 = CARTESIAN_POINT ( 'NONE',  ( 1.250000000000021094, 0.05000000000000000278, -1.299999999999999600 ) ) ;
#760 = VERTEX_POINT ( 'NONE', #7831 ) ;
#761 = ORIENTED_EDGE ( 'NONE', *, *, #8311, .F. ) ;
#762 = DIRECTION ( 'NONE',  ( 1.000000000000000000, 0.000000000000000000, 4.336808689942017736E-16 ) ) ;
#763 = PLANE ( 'NONE',  #5726 ) ;
#764 = DIRECTION ( 'NONE',  ( 1.000000000000000000, -0.000000000000000000, -0.000000000000000000 ) ) ;
#765 = CARTESIAN_POINT ( 'NONE',  ( 1.945000000000000062, 1.350000000000000089, -0.2249999999999997280 ) ) ;
#766 = EDGE_CURVE ( 'NONE', #6091, #8997, #5545, .T. ) ;
#767 = ORIENTED_EDGE ( 'NONE', *, *, #538, .T. ) ;
#768 = EDGE_CURVE ( 'NONE', #1351, #363, #4807, .T. ) ;
#769 = DIRECTION ( 'NONE',  ( 0.000000000000000000, -1.000000000000000000, 0.000000000000000000 ) ) ;
#770 = CARTESIAN_POINT ( 'NONE',  ( 2.020000000000000018, 1.350000000000000089, 0.4249999999999998224 ) ) ;
#771 = DIRECTION ( 'NONE',  ( -0.000000000000000000, -1.000000000000000000, -0.000000000000000000 ) ) ;
#772 = DIRECTION ( 'NONE',  ( -0.000000000000000000, 0.000000000000000000, 1.000000000000000000 ) ) ;
#773 = ORIENTED_EDGE ( 'NONE', *, *, #6479, .F. ) ;
#774 = DIRECTION ( 'NONE',  ( -8.673617379884035472E-16, 0.000000000000000000, -1.000000000000000000 ) ) ;
#775 = VERTEX_POINT ( 'NONE', #7787 ) ;
#776 = AXIS2_PLACEMENT_3D ( 'NONE', #3220, #6095, #3993 ) ;
#777 = EDGE_CURVE ( 'NONE', #3552, #5663, #7880, .T. ) ;
#778 = FACE_OUTER_BOUND ( 'NONE', #7446, .T. ) ;
#779 = CARTESIAN_POINT ( 'NONE',  ( 1.749999999999999334, 0.000000000000000000, 1.300000000000000266 ) ) ;
#780 = DIRECTION ( 'NONE',  ( 1.000000000000000000, 0.000000000000000000, 0.000000000000000000 ) ) ;
#781 = ORIENTED_EDGE ( 'NONE', *, *, #8093, .T. ) ;
#782 = CARTESIAN_POINT ( 'NONE',  ( 3.100000000000000533, 0.05000000000000000278, 1.414999999999999813 ) ) ;
#783 = ORIENTED_EDGE ( 'NONE', *, *, #8682, .F. ) ;
#784 = CARTESIAN_POINT ( 'NONE',  ( -0.5000000000000004441, 0.000000000000000000, 1.300000000000000266 ) ) ;
#785 = ORIENTED_EDGE ( 'NONE', *, *, #1540, .T. ) ;
#786 = CARTESIAN_POINT ( 'NONE',  ( -1.157999999999999696, 0.05000000000000000278, 0.6000000000000000888 ) ) ;
#787 = ORIENTED_EDGE ( 'NONE', *, *, #8202, .F. ) ;
#788 = AXIS2_PLACEMENT_3D ( 'NONE', #2971, #4428, #5258 ) ;
#789 = CARTESIAN_POINT ( 'NONE',  ( 0.000000000000000000, 0.05000000000000000278, 0.000000000000000000 ) ) ;
#790 = LINE ( 'NONE', #1473, #3282 ) ;
#791 = CARTESIAN_POINT ( 'NONE',  ( 0.5000000000000213163, 0.05000000000000000278, -0.7999999999999997113 ) ) ;
#792 = VECTOR ( 'NONE', #5950, 1000.000000000000000 ) ;
#793 = AXIS2_PLACEMENT_3D ( 'NONE', #4507, #7504, #821 ) ;
#794 = ORIENTED_EDGE ( 'NONE', *, *, #5956, .F. ) ;
#795 = ORIENTED_EDGE ( 'NONE', *, *, #2304, .F. ) ;
#796 = LINE ( 'NONE', #6005, #3072 ) ;
#797 = ORIENTED_EDGE ( 'NONE', *, *, #4214, .T. ) ;
#798 = CIRCLE ( 'NONE', #4670, 0.07499999999999998335 ) ;
#799 = PRESENTATION_LAYER_ASSIGNMENT (  '', '', ( #6256 ) ) ;
#800 = LINE ( 'NONE', #711, #7297 ) ;
#801 = CARTESIAN_POINT ( 'NONE',  ( 2.020000000000000462, 1.324999999999999956, -0.3000000000000002665 ) ) ;
#802 = CARTESIAN_POINT ( 'NONE',  ( 3.200000000000000178, 1.464999999999999858, 1.439999999999999947 ) ) ;
#803 = CARTESIAN_POINT ( 'NONE',  ( -3.130000000000000338, 1.464999999999999858, 1.479999999999999760 ) ) ;
#804 = ORIENTED_EDGE ( 'NONE', *, *, #9422, .T. ) ;
#805 = ORIENTED_EDGE ( 'NONE', *, *, #1645, .T. ) ;
#806 = VECTOR ( 'NONE', #4236, 1000.000000000000000 ) ;
#807 = VECTOR ( 'NONE', #6119, 1000.000000000000000 ) ;
#808 = DIRECTION ( 'NONE',  ( 0.000000000000000000, 0.000000000000000000, 1.000000000000000000 ) ) ;
#809 = VERTEX_POINT ( 'NONE', #7059 ) ;
#810 = ADVANCED_FACE ( 'NONE', ( #378 ), #6331, .F. ) ;
#811 = LINE ( 'NONE', #3861, #4098 ) ;
#812 = LINE ( 'NONE', #4413, #8938 ) ;
#813 = LINE ( 'NONE', #2221, #3205 ) ;
#814 = DIRECTION ( 'NONE',  ( 0.000000000000000000, -1.000000000000000000, 0.000000000000000000 ) ) ;
#815 = EDGE_CURVE ( 'NONE', #8900, #2649, #5637, .T. ) ;
#816 = EDGE_CURVE ( 'NONE', #6632, #7337, #7934, .T. ) ;
#817 = VERTEX_POINT ( 'NONE', #5136 ) ;
#818 = CARTESIAN_POINT ( 'NONE',  ( 2.020000000000000018, 1.500000000000000000, -0.2250000000000002554 ) ) ;
#819 = ORIENTED_EDGE ( 'NONE', *, *, #5159, .T. ) ;
#820 = CARTESIAN_POINT ( 'NONE',  ( 0.4999999999999995559, 0.000000000000000000, 1.414999999999999813 ) ) ;
#821 = DIRECTION ( 'NONE',  ( 1.000000000000000000, 0.000000000000000000, 0.000000000000000000 ) ) ;
#822 = ORIENTED_EDGE ( 'NONE', *, *, #4325, .T. ) ;
#823 = EDGE_CURVE ( 'NONE', #4349, #1725, #1542, .T. ) ;
#824 = EDGE_CURVE ( 'NONE', #5578, #2461, #2118, .T. ) ;
#825 = CARTESIAN_POINT ( 'NONE',  ( -2.022499999999999964, 1.500000000000000000, 0.3424999999999996381 ) ) ;
#826 = CARTESIAN_POINT ( 'NONE',  ( 1.000000000000020872, 0.000000000000000000, -1.299999999999999600 ) ) ;
#827 = DIRECTION ( 'NONE',  ( -1.000000000000000000, 0.000000000000000000, -7.228014483236187740E-16 ) ) ;
#828 = EDGE_CURVE ( 'NONE', #590, #3729, #5044, .T. ) ;
#829 = ADVANCED_FACE ( 'NONE', ( #4494 ), #8934, .F. ) ;
#830 = ORIENTED_EDGE ( 'NONE', *, *, #2781, .F. ) ;
#831 = FACE_OUTER_BOUND ( 'NONE', #6745, .T. ) ;
#832 = EDGE_LOOP ( 'NONE', ( #1118, #872, #5365, #2403 ) ) ;
#833 = CARTESIAN_POINT ( 'NONE',  ( 2.695000000000000284, 1.350000000000000089, 0.4249999999999998224 ) ) ;
#834 = VERTEX_POINT ( 'NONE', #2214 ) ;
#835 = CARTESIAN_POINT ( 'NONE',  ( 3.100000000000000533, 0.1600000000000000033, -1.414999999999999813 ) ) ;
#836 = DIRECTION ( 'NONE',  ( 1.000000000000000000, 0.000000000000000000, 0.000000000000000000 ) ) ;
#837 = CARTESIAN_POINT ( 'NONE',  ( -2.022499999999999964, 1.500000000000000000, 0.3424999999999996381 ) ) ;
#838 = EDGE_LOOP ( 'NONE', ( #7224, #7718, #941, #4107 ) ) ;
#839 = VECTOR ( 'NONE', #5666, 1000.000000000000000 ) ;
#840 = CARTESIAN_POINT ( 'NONE',  ( -0.5000000000000008882, 0.000000000000000000, 0.8000000000000003775 ) ) ;
#841 = FACE_OUTER_BOUND ( 'NONE', #8903, .T. ) ;
#842 = ORIENTED_EDGE ( 'NONE', *, *, #1478, .F. ) ;
#843 = MANIFOLD_SOLID_BREP ( 'Cut-Extrude3[2]', #3577 ) ;
#844 = LINE ( 'NONE', #7528, #3080 ) ;
#845 = CARTESIAN_POINT ( 'NONE',  ( 1.814999999999999725, 0.2000000000000000944, 1.450000000000000622 ) ) ;
#846 = CARTESIAN_POINT ( 'NONE',  ( 0.000000000000000000, 0.05000000000000000278, 0.000000000000000000 ) ) ;
#847 = VERTEX_POINT ( 'NONE', #7487 ) ;
#848 = CARTESIAN_POINT ( 'NONE',  ( -1.750000000000000666, 0.05000000000000000278, -1.414999999999999813 ) ) ;
#849 = VERTEX_POINT ( 'NONE', #2945 ) ;
#850 = DIRECTION ( 'NONE',  ( 8.673617379884035472E-16, -0.000000000000000000, 1.000000000000000000 ) ) ;
#851 = LINE ( 'NONE', #8932, #3234 ) ;
#852 = PLANE ( 'NONE',  #5997 ) ;
#853 = ORIENTED_EDGE ( 'NONE', *, *, #5466, .F. ) ;
#854 = FACE_OUTER_BOUND ( 'NONE', #3276, .T. ) ;
#855 = DIRECTION ( 'NONE',  ( -0.000000000000000000, -1.000000000000000000, 0.000000000000000000 ) ) ;
#856 = LINE ( 'NONE', #2423, #8649 ) ;
#857 = CARTESIAN_POINT ( 'NONE',  ( 0.9300000000000000488, 1.164999999999999813, -0.4500000000000003997 ) ) ;
#858 = MANIFOLD_SOLID_BREP ( 'Boss-Extrude4[17]', #2642 ) ;
#859 = VECTOR ( 'NONE', #4057, 1000.000000000000000 ) ;
#860 = EDGE_CURVE ( 'NONE', #5721, #1075, #5883, .T. ) ;
#861 = DIRECTION ( 'NONE',  ( 0.000000000000000000, 0.000000000000000000, -1.000000000000000000 ) ) ;
#862 = VERTEX_POINT ( 'NONE', #2169 ) ;
#863 = LINE ( 'NONE', #3100, #6712 ) ;
#864 = ORIENTED_EDGE ( 'NONE', *, *, #5701, .T. ) ;
#865 = VECTOR ( 'NONE', #7255, 1000.000000000000000 ) ;
#866 = EDGE_CURVE ( 'NONE', #6321, #6890, #8123, .T. ) ;
#867 = VECTOR ( 'NONE', #7066, 1000.000000000000000 ) ;
#868 = DIRECTION ( 'NONE',  ( 0.000000000000000000, 1.000000000000000000, 0.000000000000000000 ) ) ;
#869 = FACE_OUTER_BOUND ( 'NONE', #3188, .T. ) ;
#870 = CARTESIAN_POINT ( 'NONE',  ( -3.100000000000000533, 0.2000000000000000944, 1.414999999999999813 ) ) ;
#871 = LINE ( 'NONE', #2673, #3679 ) ;
#872 = ORIENTED_EDGE ( 'NONE', *, *, #4803, .F. ) ;
#873 = EDGE_CURVE ( 'NONE', #1093, #5163, #3677, .T. ) ;
#874 = DIRECTION ( 'NONE',  ( 1.000000000000000000, 0.000000000000000000, -8.673617379884035472E-16 ) ) ;
#875 = ADVANCED_FACE ( 'NONE', ( #5485 ), #8304, .T. ) ;
#876 = ORIENTED_EDGE ( 'NONE', *, *, #4971, .F. ) ;
#877 = VECTOR ( 'NONE', #6368, 1000.000000000000000 ) ;
#878 = DIRECTION ( 'NONE',  ( 0.000000000000000000, -1.000000000000000000, 0.000000000000000000 ) ) ;
#879 = VECTOR ( 'NONE', #4553, 1000.000000000000000 ) ;
#880 = CARTESIAN_POINT ( 'NONE',  ( 0.8411543845949644993, 1.449999999999999512, -0.4500000000000003997 ) ) ;
#881 = ORIENTED_EDGE ( 'NONE', *, *, #9388, .T. ) ;
#882 = ADVANCED_FACE ( 'NONE', ( #7688 ), #9033, .T. ) ;
#883 = EDGE_CURVE ( 'NONE', #7920, #1089, #6856, .T. ) ;
#884 = FACE_OUTER_BOUND ( 'NONE', #5357, .T. ) ;
#885 = FACE_OUTER_BOUND ( 'NONE', #7153, .T. ) ;
#886 = AXIS2_PLACEMENT_3D ( 'NONE', #362, #3131, #2510 ) ;
#887 = ORIENTED_EDGE ( 'NONE', *, *, #9374, .F. ) ;
#888 = VERTEX_POINT ( 'NONE', #4693 ) ;
#889 = VERTEX_POINT ( 'NONE', #7639 ) ;
#890 = FACE_OUTER_BOUND ( 'NONE', #2758, .T. ) ;
#891 = MECHANICAL_DESIGN_GEOMETRIC_PRESENTATION_REPRESENTATION (  '', ( #260 ), #8663 ) ;
#892 = DIRECTION ( 'NONE',  ( 0.000000000000000000, -0.000000000000000000, 1.000000000000000000 ) ) ;
#893 = VERTEX_POINT ( 'NONE', #6121 ) ;
#894 = SURFACE_STYLE_USAGE ( .BOTH. , #8491 ) ;
#895 = MANIFOLD_SOLID_BREP ( 'Boss-Extrude4[5]', #8102 ) ;
#896 = DIRECTION ( 'NONE',  ( 0.000000000000000000, 0.000000000000000000, -1.000000000000000000 ) ) ;
#897 = CARTESIAN_POINT ( 'NONE',  ( -1.704999999999999849, 1.324999999999999956, 0.3500000000000000888 ) ) ;
#898 = PRESENTATION_LAYER_ASSIGNMENT (  '', '', ( #8824 ) ) ;
#899 = FACE_OUTER_BOUND ( 'NONE', #1007, .T. ) ;
#900 = CARTESIAN_POINT ( 'NONE',  ( 3.100000000000000533, 0.05000000000000000278, 1.414999999999999813 ) ) ;
#901 = EDGE_LOOP ( 'NONE', ( #1758, #5119, #7144, #1815 ) ) ;
#902 = LINE ( 'NONE', #2363, #5401 ) ;
#903 = ORIENTED_EDGE ( 'NONE', *, *, #5825, .T. ) ;
#904 = CARTESIAN_POINT ( 'NONE',  ( -1.947499999999999565, 1.500000000000000000, 0.4175000000000001488 ) ) ;
#905 = FACE_BOUND ( 'NONE', #2538, .T. ) ;
#906 = FILL_AREA_STYLE ('',( #2418 ) ) ;
#907 = VERTEX_POINT ( 'NONE', #9177 ) ;
#908 = VECTOR ( 'NONE', #366, 1000.000000000000000 ) ;
#909 = CARTESIAN_POINT ( 'NONE',  ( -2.500000000000000444, 0.05000000000000000278, 1.300000000000000266 ) ) ;
#910 = LINE ( 'NONE', #7132, #8160 ) ;
#911 = DIRECTION ( 'NONE',  ( -0.000000000000000000, -1.000000000000000000, -0.000000000000000000 ) ) ;
#912 = DIRECTION ( 'NONE',  ( 0.000000000000000000, -1.000000000000000000, 0.000000000000000000 ) ) ;
#913 = AXIS2_PLACEMENT_3D ( 'NONE', #3851, #9118, #896 ) ;
#914 = ORIENTED_EDGE ( 'NONE', *, *, #2001, .F. ) ;
#915 = DIRECTION ( 'NONE',  ( -0.000000000000000000, 0.000000000000000000, 1.000000000000000000 ) ) ;
#916 = ORIENTED_EDGE ( 'NONE', *, *, #9491, .T. ) ;
#917 = DIRECTION ( 'NONE',  ( 1.000000000000000000, 0.000000000000000000, 0.000000000000000000 ) ) ;
#918 = SURFACE_SIDE_STYLE ('',( #3974 ) ) ;
#919 = EDGE_LOOP ( 'NONE', ( #1871, #7115, #8249, #4888 ) ) ;
#920 = CARTESIAN_POINT ( 'NONE',  ( -3.165000000000000480, 1.464999999999999858, -0.6149999999999989919 ) ) ;
#921 = ADVANCED_FACE ( 'NONE', ( #6902 ), #3959, .F. ) ;
#922 = CARTESIAN_POINT ( 'NONE',  ( 0.09499999999999975131, 1.164999999999999813, 0.6499999999999996891 ) ) ;
#923 = SURFACE_STYLE_FILL_AREA ( #9534 ) ;
#924 = ORIENTED_EDGE ( 'NONE', *, *, #1342, .T. ) ;
#925 = LINE ( 'NONE', #2437, #3165 ) ;
#926 = ORIENTED_EDGE ( 'NONE', *, *, #2247, .F. ) ;
#927 = DIRECTION ( 'NONE',  ( 0.000000000000000000, 0.000000000000000000, -1.000000000000000000 ) ) ;
#928 = ORIENTED_EDGE ( 'NONE', *, *, #4271, .T. ) ;
#929 = MANIFOLD_SOLID_BREP ( 'Boss-Extrude4[7]', #3113 ) ;
#930 = DIRECTION ( 'NONE',  ( 0.000000000000000000, 0.000000000000000000, 1.000000000000000000 ) ) ;
#931 = LINE ( 'NONE', #3882, #5748 ) ;
#932 = VERTEX_POINT ( 'NONE', #3090 ) ;
#933 = ADVANCED_FACE ( 'NONE', ( #6069 ), #5333, .F. ) ;
#934 = EDGE_CURVE ( 'NONE', #6887, #1736, #8220, .T. ) ;
#935 = AXIS2_PLACEMENT_3D ( 'NONE', #2627, #9291, #494 ) ;
#936 = CARTESIAN_POINT ( 'NONE',  ( -3.137500000000000178, 1.464999999999999858, -1.399999999999999245 ) ) ;
#937 = CARTESIAN_POINT ( 'NONE',  ( -2.500000000000000444, 0.000000000000000000, 1.300000000000000266 ) ) ;
#938 = ADVANCED_FACE ( 'NONE', ( #8943 ), #2908, .F. ) ;
#939 = EDGE_LOOP ( 'NONE', ( #9536, #9599, #1620, #6271 ) ) ;
#940 = ADVANCED_FACE ( 'NONE', ( #2129 ), #8087, .T. ) ;
#941 = ORIENTED_EDGE ( 'NONE', *, *, #3968, .T. ) ;
#942 = ORIENTED_EDGE ( 'NONE', *, *, #2555, .F. ) ;
#943 = CARTESIAN_POINT ( 'NONE',  ( 0.2499999999999997780, 0.05000000000000000278, 1.300000000000000266 ) ) ;
#944 = CLOSED_SHELL ( 'NONE', ( #8856, #7556, #3070, #7254, #6605, #7083 ) ) ;
#945 = LINE ( 'NONE', #1677, #1808 ) ;
#946 = EDGE_LOOP ( 'NONE', ( #4020, #4298, #5968, #3795 ) ) ;
#947 = EDGE_CURVE ( 'NONE', #4945, #2526, #2858, .T. ) ;
#948 = EDGE_CURVE ( 'NONE', #1138, #7964, #1410, .T. ) ;
#949 = AXIS2_PLACEMENT_3D ( 'NONE', #6916, #5300, #3157 ) ;
#950 = MECHANICAL_DESIGN_GEOMETRIC_PRESENTATION_REPRESENTATION (  '', ( #6864 ), #6870 ) ;
#951 = CARTESIAN_POINT ( 'NONE',  ( -3.100000000000000533, 0.1600000000000000033, 1.414999999999999813 ) ) ;
#952 = DIRECTION ( 'NONE',  ( 0.000000000000000000, 0.000000000000000000, 1.000000000000000000 ) ) ;
#953 = CARTESIAN_POINT ( 'NONE',  ( 1.000000000000021316, 0.05000000000000000278, -0.7999999999999994893 ) ) ;
#954 = ORIENTED_EDGE ( 'NONE', *, *, #5227, .T. ) ;
#955 =( NAMED_UNIT ( * ) SI_UNIT ( $, .STERADIAN. ) SOLID_ANGLE_UNIT ( ) );
#956 = ORIENTED_EDGE ( 'NONE', *, *, #6186, .T. ) ;
#957 = DIRECTION ( 'NONE',  ( -1.000000000000000000, 0.000000000000000000, -4.336808689942017736E-16 ) ) ;
#958 = CARTESIAN_POINT ( 'NONE',  ( -3.125000000000000000, 1.464999999999999858, -1.439999999999999947 ) ) ;
#959 = VECTOR ( 'NONE', #1098, 1000.000000000000000 ) ;
#960 = ORIENTED_EDGE ( 'NONE', *, *, #3323, .F. ) ;
#961 = CIRCLE ( 'NONE', #1113, 0.06999999999999996503 ) ;
#962 = LINE ( 'NONE', #2421, #3673 ) ;
#963 = CARTESIAN_POINT ( 'NONE',  ( -1.885000000000000231, 0.2000000000000000944, -1.479999999999999760 ) ) ;
#964 = AXIS2_PLACEMENT_3D ( 'NONE', #4393, #5264, #1567 ) ;
#965 = CARTESIAN_POINT ( 'NONE',  ( -2.397499999999999520, 1.439999999999999947, -1.434999999999999609 ) ) ;
#966 = VECTOR ( 'NONE', #6373, 1000.000000000000114 ) ;
#967 = CARTESIAN_POINT ( 'NONE',  ( -1.749999999999978462, 0.05000000000000000278, -0.7999999999999997113 ) ) ;
#968 = ORIENTED_EDGE ( 'NONE', *, *, #7237, .T. ) ;
#969 = DIRECTION ( 'NONE',  ( 1.000000000000000000, 0.000000000000000000, -8.673617379884035472E-16 ) ) ;
#970 = ORIENTED_EDGE ( 'NONE', *, *, #1356, .T. ) ;
#971 = CARTESIAN_POINT ( 'NONE',  ( -3.100000000000000533, 0.1600000000000004197, 1.414999999999999813 ) ) ;
#972 = CARTESIAN_POINT ( 'NONE',  ( -3.102500000000000036, 1.439999999999999947, -1.399999999999999245 ) ) ;
#973 = ORIENTED_EDGE ( 'NONE', *, *, #3272, .F. ) ;
#974 = VECTOR ( 'NONE', #8439, 1000.000000000000000 ) ;
#975 = DIRECTION ( 'NONE',  ( -1.000000000000000000, 0.000000000000000000, 0.000000000000000000 ) ) ;
#976 = ORIENTED_EDGE ( 'NONE', *, *, #697, .F. ) ;
#977 = LINE ( 'NONE', #3876, #6136 ) ;
#978 = EDGE_LOOP ( 'NONE', ( #612, #5585, #8771, #7050 ) ) ;
#979 = ORIENTED_EDGE ( 'NONE', *, *, #5345, .F. ) ;
#980 = LINE ( 'NONE', #7708, #4831 ) ;
#981 = DIRECTION ( 'NONE',  ( -1.000000000000000000, 0.000000000000000000, 0.000000000000000000 ) ) ;
#982 = VERTEX_POINT ( 'NONE', #7358 ) ;
#983 = LINE ( 'NONE', #8434, #2039 ) ;
#984 = VECTOR ( 'NONE', #4403, 1000.000000000000000 ) ;
#985 = CARTESIAN_POINT ( 'NONE',  ( 3.165000000000000480, 1.464999999999999858, 1.479999999999999760 ) ) ;
#986 = DIRECTION ( 'NONE',  ( 0.000000000000000000, 0.000000000000000000, -1.000000000000000000 ) ) ;
#987 = SURFACE_STYLE_USAGE ( .BOTH. , #5562 ) ;
#988 = VERTEX_POINT ( 'NONE', #2079 ) ;
#989 = EDGE_CURVE ( 'NONE', #7101, #9590, #679, .T. ) ;
#990 = ORIENTED_EDGE ( 'NONE', *, *, #3364, .F. ) ;
#991 = LINE ( 'NONE', #2451, #8531 ) ;
#992 = LINE ( 'NONE', #3947, #2589 ) ;
#993 = CARTESIAN_POINT ( 'NONE',  ( 2.020000000000000018, 1.324999999999999956, 0.4249999999999998224 ) ) ;
#994 = EDGE_CURVE ( 'NONE', #4775, #3784, #3726, .T. ) ;
#995 = VECTOR ( 'NONE', #7611, 1000.000000000000000 ) ;
#996 = CARTESIAN_POINT ( 'NONE',  ( 1.749999999999999334, 0.05000000000000000278, 1.300000000000000266 ) ) ;
#997 = CARTESIAN_POINT ( 'NONE',  ( -1.814999999999999947, 1.500000000000000000, -1.379999999999999449 ) ) ;
#998 = PLANE ( 'NONE',  #5705 ) ;
#999 = ORIENTED_EDGE ( 'NONE', *, *, #4858, .T. ) ;
#1000 = ORIENTED_EDGE ( 'NONE', *, *, #3490, .T. ) ;
#1001 = ADVANCED_FACE ( 'NONE', ( #8175 ), #2176, .F. ) ;
#1002 = EDGE_CURVE ( 'NONE', #3424, #9502, #5052, .T. ) ;
#1003 = LINE ( 'NONE', #4889, #908 ) ;
#1004 = DIRECTION ( 'NONE',  ( 0.000000000000000000, 0.000000000000000000, -1.000000000000000000 ) ) ;
#1005 = PRESENTATION_STYLE_ASSIGNMENT (( #6761 ) ) ;
#1006 = AXIS2_PLACEMENT_3D ( 'NONE', #8125, #5791, #1449 ) ;
#1007 = EDGE_LOOP ( 'NONE', ( #3062, #1219, #9414, #9353 ) ) ;
#1008 = VECTOR ( 'NONE', #8009, 1000.000000000000000 ) ;
#1009 = EDGE_CURVE ( 'NONE', #8402, #1927, #5844, .T. ) ;
#1010 = EDGE_CURVE ( 'NONE', #1672, #6890, #1550, .T. ) ;
#1011 = LINE ( 'NONE', #7642, #6917 ) ;
#1012 = AXIS2_PLACEMENT_3D ( 'NONE', #2995, #7539, #5981 ) ;
#1013 = EDGE_LOOP ( 'NONE', ( #1670, #8539, #3463, #1514 ) ) ;
#1014 = LINE ( 'NONE', #9132, #4828 ) ;
#1015 = MECHANICAL_DESIGN_GEOMETRIC_PRESENTATION_REPRESENTATION (  '', ( #7548 ), #7710 ) ;
#1016 = ORIENTED_EDGE ( 'NONE', *, *, #6351, .T. ) ;
#1017 = CARTESIAN_POINT ( 'NONE',  ( 0.000000000000000000, 0.000000000000000000, 0.000000000000000000 ) ) ;
#1018 = ORIENTED_EDGE ( 'NONE', *, *, #8492, .T. ) ;
#1019 = DIRECTION ( 'NONE',  ( 1.000000000000000000, 0.000000000000000000, 0.000000000000000000 ) ) ;
#1020 = AXIS2_PLACEMENT_3D ( 'NONE', #1017, #5586, #2572 ) ;
#1021 = LINE ( 'NONE', #5446, #6393 ) ;
#1022 = CARTESIAN_POINT ( 'NONE',  ( -1.000000000000000444, 0.05000000000000000278, 0.8000000000000003775 ) ) ;
#1023 = CARTESIAN_POINT ( 'NONE',  ( -1.749999999999978462, 0.000000000000000000, -0.7999999999999997113 ) ) ;
#1024 = DIRECTION ( 'NONE',  ( 0.000000000000000000, 0.000000000000000000, -1.000000000000000000 ) ) ;
#1025 = VERTEX_POINT ( 'NONE', #729 ) ;
#1026 = CARTESIAN_POINT ( 'NONE',  ( -3.125000000000000000, 0.2000000000000000944, -1.439999999999999947 ) ) ;
#1027 = ORIENTED_EDGE ( 'NONE', *, *, #6733, .F. ) ;
#1028 = LINE ( 'NONE', #1706, #8678 ) ;
#1029 = EDGE_LOOP ( 'NONE', ( #5439, #6290, #2166, #3450 ) ) ;
#1030 = CARTESIAN_POINT ( 'NONE',  ( 1.324999999999999956, 1.464999999999999858, -0.5100000000000003419 ) ) ;
#1031 = VECTOR ( 'NONE', #6967, 1000.000000000000000 ) ;
#1032 = FACE_OUTER_BOUND ( 'NONE', #1183, .T. ) ;
#1033 = ORIENTED_EDGE ( 'NONE', *, *, #1471, .T. ) ;
#1034 = CARTESIAN_POINT ( 'NONE',  ( 2.000000000000000000, 0.05000000000000000278, 1.300000000000000266 ) ) ;
#1035 = FACE_OUTER_BOUND ( 'NONE', #6103, .T. ) ;
#1036 = DIRECTION ( 'NONE',  ( -4.336808689942017736E-16, 0.000000000000000000, 1.000000000000000000 ) ) ;
#1037 = PLANE ( 'NONE',  #1740 ) ;
#1038 = VECTOR ( 'NONE', #4446, 999.9999999999998863 ) ;
#1039 = AXIS2_PLACEMENT_3D ( 'NONE', #8995, #3553, #2093 ) ;
#1040 = ORIENTED_EDGE ( 'NONE', *, *, #1010, .T. ) ;
#1041 = LINE ( 'NONE', #2548, #1061 ) ;
#1042 = EDGE_LOOP ( 'NONE', ( #9045, #3929, #2414, #7522 ) ) ;
#1043 = ORIENTED_EDGE ( 'NONE', *, *, #947, .T. ) ;
#1044 = CARTESIAN_POINT ( 'NONE',  ( -0.9999999999999785727, 0.05000000000000000278, -1.299999999999999600 ) ) ;
#1045 = CARTESIAN_POINT ( 'NONE',  ( -1.750000000000000444, 0.05000000000000000278, 1.300000000000000266 ) ) ;
#1046 = VECTOR ( 'NONE', #4007, 1000.000000000000000 ) ;
#1047 = VECTOR ( 'NONE', #917, 1000.000000000000000 ) ;
#1048 = ADVANCED_FACE ( 'NONE', ( #3535 ), #7309, .T. ) ;
#1049 = FACE_OUTER_BOUND ( 'NONE', #1489, .T. ) ;
#1050 = CARTESIAN_POINT ( 'NONE',  ( -0.6999999999999998446, 1.464999999999999858, 0.7599999999999995648 ) ) ;
#1051 = CARTESIAN_POINT ( 'NONE',  ( 1.885000000000000009, 0.2000000000000000944, 1.479999999999999760 ) ) ;
#1052 = ORIENTED_EDGE ( 'NONE', *, *, #8442, .F. ) ;
#1053 = AXIS2_PLACEMENT_3D ( 'NONE', #8312, #135, #9044 ) ;
#1054 = DIRECTION ( 'NONE',  ( 0.000000000000000000, 0.000000000000000000, -1.000000000000000000 ) ) ;
#1055 = VERTEX_POINT ( 'NONE', #5940 ) ;
#1056 = ADVANCED_FACE ( 'NONE', ( #7454 ), #8899, .T. ) ;
#1057 = LINE ( 'NONE', #415, #3386 ) ;
#1058 = CARTESIAN_POINT ( 'NONE',  ( 1.814999999999999725, 1.500000000000000000, -1.379999999999999671 ) ) ;
#1059 = SURFACE_SIDE_STYLE ('',( #3140 ) ) ;
#1060 = ORIENTED_EDGE ( 'NONE', *, *, #3485, .T. ) ;
#1061 = VECTOR ( 'NONE', #4043, 1000.000000000000000 ) ;
#1062 = FACE_OUTER_BOUND ( 'NONE', #9077, .T. ) ;
#1063 = ADVANCED_FACE ( 'NONE', ( #8041 ), #1363, .F. ) ;
#1064 = EDGE_CURVE ( 'NONE', #1434, #809, #6818, .T. ) ;
#1065 = DIRECTION ( 'NONE',  ( 0.000000000000000000, 0.000000000000000000, -1.000000000000000000 ) ) ;
#1066 = CARTESIAN_POINT ( 'NONE',  ( -2.299999999999999822, 0.05000000000000000278, -0.7999999999999997113 ) ) ;
#1067 = EDGE_LOOP ( 'NONE', ( #6646, #3703, #6083, #9178 ) ) ;
#1068 = DIRECTION ( 'NONE',  ( 0.000000000000000000, 0.000000000000000000, 1.000000000000000000 ) ) ;
#1069 = EDGE_CURVE ( 'NONE', #4705, #3389, #3866, .T. ) ;
#1070 = ORIENTED_EDGE ( 'NONE', *, *, #6656, .T. ) ;
#1071 = VECTOR ( 'NONE', #7513, 1000.000000000000000 ) ;
#1072 = ADVANCED_FACE ( 'NONE', ( #4551 ), #5492, .T. ) ;
#1073 = DIRECTION ( 'NONE',  ( -1.000000000000000000, 0.000000000000000000, 5.973565688625369584E-17 ) ) ;
#1074 =( NAMED_UNIT ( * ) PLANE_ANGLE_UNIT ( ) SI_UNIT ( $, .RADIAN. ) );
#1075 = VERTEX_POINT ( 'NONE', #8464 ) ;
#1076 = EDGE_CURVE ( 'NONE', #5346, #1764, #6032, .T. ) ;
#1077 = VECTOR ( 'NONE', #4242, 1000.000000000000000 ) ;
#1078 = FACE_OUTER_BOUND ( 'NONE', #8935, .T. ) ;
#1079 = CARTESIAN_POINT ( 'NONE',  ( -2.397499999999999520, 1.439999999999999947, -0.6599999999999995870 ) ) ;
#1080 = DIRECTION ( 'NONE',  ( 0.000000000000000000, 0.000000000000000000, 1.000000000000000000 ) ) ;
#1081 = DIRECTION ( 'NONE',  ( 0.000000000000000000, -0.000000000000000000, 1.000000000000000000 ) ) ;
#1082 = LINE ( 'NONE', #6972, #5814 ) ;
#1083 = VERTEX_POINT ( 'NONE', #3817 ) ;
#1084 = CARTESIAN_POINT ( 'NONE',  ( 3.100000000000000533, -6.815342984766064482, -1.414999999999999813 ) ) ;
#1085 = EDGE_CURVE ( 'NONE', #6774, #4114, #1014, .T. ) ;
#1086 = DIRECTION ( 'NONE',  ( 0.000000000000000000, 1.000000000000000000, -0.000000000000000000 ) ) ;
#1087 = VECTOR ( 'NONE', #7134, 1000.000000000000000 ) ;
#1088 = CYLINDRICAL_SURFACE ( 'NONE', #2497, 0.05000000000000002359 ) ;
#1089 = VERTEX_POINT ( 'NONE', #9090 ) ;
#1090 = DIRECTION ( 'NONE',  ( -1.000000000000000000, 0.000000000000000000, 0.000000000000000000 ) ) ;
#1091 = CARTESIAN_POINT ( 'NONE',  ( -2.000000000000000444, 0.000000000000000000, 1.300000000000000266 ) ) ;
#1092 = LINE ( 'NONE', #759, #4697 ) ;
#1093 = VERTEX_POINT ( 'NONE', #6910 ) ;
#1094 = ORIENTED_EDGE ( 'NONE', *, *, #8188, .T. ) ;
#1095 = CARTESIAN_POINT ( 'NONE',  ( -2.000000000000000888, 0.000000000000000000, 0.8000000000000003775 ) ) ;
#1096 = PRESENTATION_STYLE_ASSIGNMENT (( #894 ) ) ;
#1097 = CARTESIAN_POINT ( 'NONE',  ( -2.500000000000000444, 0.05000000000000000278, 1.300000000000000266 ) ) ;
#1098 = DIRECTION ( 'NONE',  ( 1.000000000000000000, 7.026196345254701424E-15, 0.000000000000000000 ) ) ;
#1099 = LINE ( 'NONE', #9171, #1968 ) ;
#1100 = ORIENTED_EDGE ( 'NONE', *, *, #5998, .T. ) ;
#1101 = ORIENTED_EDGE ( 'NONE', *, *, #2887, .T. ) ;
#1102 = PLANE ( 'NONE',  #2467 ) ;
#1103 = CARTESIAN_POINT ( 'NONE',  ( 2.000000000000000000, 0.05000000000000000278, 0.8000000000000003775 ) ) ;
#1104 = ORIENTED_EDGE ( 'NONE', *, *, #8015, .T. ) ;
#1105 = ORIENTED_EDGE ( 'NONE', *, *, #7308, .T. ) ;
#1106 = VECTOR ( 'NONE', #3624, 1000.000000000000000 ) ;
#1107 = VECTOR ( 'NONE', #693, 1000.000000000000000 ) ;
#1108 = CARTESIAN_POINT ( 'NONE',  ( 0.2500000000000214828, 0.05000000000000000278, -0.7999999999999994893 ) ) ;
#1109 = FACE_OUTER_BOUND ( 'NONE', #7409, .T. ) ;
#1110 = CARTESIAN_POINT ( 'NONE',  ( 3.100000000000000533, 0.000000000000000000, -1.414999999999999813 ) ) ;
#1111 = LINE ( 'NONE', #3340, #5630 ) ;
#1112 = VECTOR ( 'NONE', #6000, 1000.000000000000000 ) ;
#1113 = AXIS2_PLACEMENT_3D ( 'NONE', #6626, #5897, #2180 ) ;
#1114 = ORIENTED_EDGE ( 'NONE', *, *, #9470, .F. ) ;
#1115 = ADVANCED_FACE ( 'NONE', ( #8314 ), #8993, .T. ) ;
#1116 = LINE ( 'NONE', #3301, #3345 ) ;
#1117 = CARTESIAN_POINT ( 'NONE',  ( 0.2500000000000214828, 0.05000000000000000278, -0.7999999999999994893 ) ) ;
#1118 = ORIENTED_EDGE ( 'NONE', *, *, #7958, .F. ) ;
#1119 = VECTOR ( 'NONE', #3801, 1000.000000000000000 ) ;
#1120 = ADVANCED_FACE ( 'NONE', ( #3247 ), #9046, .T. ) ;
#1121 = AXIS2_PLACEMENT_3D ( 'NONE', #5149, #1504, #4417 ) ;
#1122 = CARTESIAN_POINT ( 'NONE',  ( -1.462500000000000133, 1.500000000000000000, 0.3425000000000001932 ) ) ;
#1123 = LINE ( 'NONE', #3392, #3495 ) ;
#1124 = DIRECTION ( 'NONE',  ( 0.000000000000000000, 0.000000000000000000, -1.000000000000000000 ) ) ;
#1125 =( NAMED_UNIT ( * ) PLANE_ANGLE_UNIT ( ) SI_UNIT ( $, .RADIAN. ) );
#1126 = VERTEX_POINT ( 'NONE', #6225 ) ;
#1127 = VERTEX_POINT ( 'NONE', #5390 ) ;
#1128 = EDGE_CURVE ( 'NONE', #5163, #8165, #8412, .T. ) ;
#1129 = VECTOR ( 'NONE', #6826, 1000.000000000000000 ) ;
#1130 = LINE ( 'NONE', #6341, #6079 ) ;
#1131 = EDGE_CURVE ( 'NONE', #1725, #4792, #1873, .T. ) ;
#1132 = VECTOR ( 'NONE', #6770, 1000.000000000000000 ) ;
#1133 = LINE ( 'NONE', #6484, #154 ) ;
#1134 = ADVANCED_FACE ( 'NONE', ( #1743 ), #3770, .F. ) ;
#1135 = EDGE_CURVE ( 'NONE', #8674, #8465, #5440, .T. ) ;
#1136 = CARTESIAN_POINT ( 'NONE',  ( 0.000000000000000000, 0.000000000000000000, 0.000000000000000000 ) ) ;
#1137 = DIRECTION ( 'NONE',  ( 1.000000000000000000, 0.000000000000000000, 4.336808689942017736E-16 ) ) ;
#1138 = VERTEX_POINT ( 'NONE', #89 ) ;
#1139 = CARTESIAN_POINT ( 'NONE',  ( 1.158000000000000140, 0.05000000000000000278, -0.5999999999999998668 ) ) ;
#1140 = VERTEX_POINT ( 'NONE', #6180 ) ;
#1141 = EDGE_LOOP ( 'NONE', ( #3291, #5222, #3171, #6607 ) ) ;
#1142 = LINE ( 'NONE', #5665, #3046 ) ;
#1143 = CIRCLE ( 'NONE', #2382, 0.2499999999999999445 ) ;
#1144 = CARTESIAN_POINT ( 'NONE',  ( -2.397499999999999520, 1.464999999999999858, -1.434999999999999609 ) ) ;
#1145 = FACE_OUTER_BOUND ( 'NONE', #5768, .T. ) ;
#1146 = DIRECTION ( 'NONE',  ( 0.000000000000000000, -0.000000000000000000, -1.000000000000000000 ) ) ;
#1147 = CARTESIAN_POINT ( 'NONE',  ( 1.945000000000000062, 1.350000000000000089, -0.2249999999999997280 ) ) ;
#1148 = VERTEX_POINT ( 'NONE', #2325 ) ;
#1149 = ORIENTED_EDGE ( 'NONE', *, *, #3905, .T. ) ;
#1150 = CARTESIAN_POINT ( 'NONE',  ( 1.229999999999999982, 1.164999999999999813, -0.4500000000000003997 ) ) ;
#1151 = LINE ( 'NONE', #8734, #1820 ) ;
#1152 = ORIENTED_EDGE ( 'NONE', *, *, #7908, .T. ) ;
#1153 = EDGE_LOOP ( 'NONE', ( #6348, #1794, #8330, #208 ) ) ;
#1154 = DIRECTION ( 'NONE',  ( 8.673617379884035472E-16, -0.000000000000000000, 1.000000000000000000 ) ) ;
#1155 = DIRECTION ( 'NONE',  ( 0.000000000000000000, -1.000000000000000000, 0.000000000000000000 ) ) ;
#1156 = DIRECTION ( 'NONE',  ( 1.000000000000000000, 0.000000000000000000, 0.000000000000000000 ) ) ;
#1157 = DIRECTION ( 'NONE',  ( 0.000000000000000000, 1.000000000000000000, 0.000000000000000000 ) ) ;
#1158 = VERTEX_POINT ( 'NONE', #5291 ) ;
#1159 = CARTESIAN_POINT ( 'NONE',  ( 2.620000000000000107, 1.324999999999999956, -0.3000000000000002665 ) ) ;
#1160 = ORIENTED_EDGE ( 'NONE', *, *, #4962, .F. ) ;
#1161 = PLANE ( 'NONE',  #7567 ) ;
#1162 = DIRECTION ( 'NONE',  ( 0.000000000000000000, 1.000000000000000000, 0.000000000000000000 ) ) ;
#1163 = EDGE_LOOP ( 'NONE', ( #2364, #2204, #4451, #7761 ) ) ;
#1164 = CYLINDRICAL_SURFACE ( 'NONE', #3177, 0.05000000000000002359 ) ;
#1165 = PLANE ( 'NONE',  #25 ) ;
#1166 = VECTOR ( 'NONE', #2579, 1000.000000000000000 ) ;
#1167 = EDGE_CURVE ( 'NONE', #3611, #9279, #7646, .T. ) ;
#1168 = AXIS2_PLACEMENT_3D ( 'NONE', #6980, #9248, #4667 ) ;
#1169 = LINE ( 'NONE', #285, #6628 ) ;
#1170 = FACE_OUTER_BOUND ( 'NONE', #1459, .T. ) ;
#1171 = FACE_OUTER_BOUND ( 'NONE', #5631, .T. ) ;
#1172 = EDGE_LOOP ( 'NONE', ( #1636, #3414, #8946, #3712 ) ) ;
#1173 = DIRECTION ( 'NONE',  ( -0.000000000000000000, -0.000000000000000000, -1.000000000000000000 ) ) ;
#1174 = EDGE_CURVE ( 'NONE', #7705, #2012, #6551, .T. ) ;
#1175 = FACE_OUTER_BOUND ( 'NONE', #449, .T. ) ;
#1176 = PLANE ( 'NONE',  #9515 ) ;
#1177 = ADVANCED_FACE ( 'NONE', ( #6077 ), #2380, .T. ) ;
#1178 = EDGE_CURVE ( 'NONE', #2438, #3389, #1693, .T. ) ;
#1179 = CARTESIAN_POINT ( 'NONE',  ( 1.249999999999999334, 0.05000000000000000278, 1.300000000000000266 ) ) ;
#1180 = ORIENTED_EDGE ( 'NONE', *, *, #5168, .T. ) ;
#1181 = VECTOR ( 'NONE', #7674, 1000.000000000000000 ) ;
#1182 = CARTESIAN_POINT ( 'NONE',  ( -0.5000000000000004441, 0.05000000000000000278, -1.414999999999999369 ) ) ;
#1183 = EDGE_LOOP ( 'NONE', ( #5607, #616, #5621, #2236 ) ) ;
#1184 = ORIENTED_EDGE ( 'NONE', *, *, #9018, .T. ) ;
#1185 = DIRECTION ( 'NONE',  ( 0.000000000000000000, 1.000000000000000000, 0.000000000000000000 ) ) ;
#1186 = ADVANCED_FACE ( 'NONE', ( #3384 ), #7055, .F. ) ;
#1187 = ADVANCED_FACE ( 'NONE', ( #375 ), #6328, .T. ) ;
#1188 = VECTOR ( 'NONE', #5839, 1000.000000000000000 ) ;
#1189 = CARTESIAN_POINT ( 'NONE',  ( 0.4999999999999995559, 0.05000000000000000278, -1.414999999999999813 ) ) ;
#1190 = VECTOR ( 'NONE', #9376, 1000.000000000000000 ) ;
#1191 = CARTESIAN_POINT ( 'NONE',  ( 0.4341322026734634187, 1.164999999999999813, -0.4500000000000003997 ) ) ;
#1192 = CARTESIAN_POINT ( 'NONE',  ( -1.947500000000000009, 1.500000000000000000, 0.3425000000000001932 ) ) ;
#1193 = CARTESIAN_POINT ( 'NONE',  ( -2.000000000000000888, 0.05000000000000000278, 0.8000000000000003775 ) ) ;
#1194 = ORIENTED_EDGE ( 'NONE', *, *, #215, .T. ) ;
#1195 = VERTEX_POINT ( 'NONE', #5634 ) ;
#1196 = VECTOR ( 'NONE', #2877, 1000.000000000000000 ) ;
#1197 = VECTOR ( 'NONE', #4728, 1000.000000000000000 ) ;
#1198 = EDGE_LOOP ( 'NONE', ( #8386, #9047, #3879, #6842, #7453, #5543, #88, #4627, #2601, #8271, #6140, #7335 ) ) ;
#1199 = ORIENTED_EDGE ( 'NONE', *, *, #4658, .F. ) ;
#1200 = DIRECTION ( 'NONE',  ( -0.000000000000000000, 1.000000000000000000, -0.000000000000000000 ) ) ;
#1201 = DIRECTION ( 'NONE',  ( 1.000000000000000000, -0.000000000000000000, 0.000000000000000000 ) ) ;
#1202 = MECHANICAL_DESIGN_GEOMETRIC_PRESENTATION_REPRESENTATION (  '', ( #1676 ), #3996 ) ;
#1203 = CARTESIAN_POINT ( 'NONE',  ( -3.165000000000000480, 1.464999999999999858, 1.444999999999999396 ) ) ;
#1204 = ORIENTED_EDGE ( 'NONE', *, *, #156, .F. ) ;
#1205 = ORIENTED_EDGE ( 'NONE', *, *, #1897, .F. ) ;
#1206 = CARTESIAN_POINT ( 'NONE',  ( 0.5000000000000213163, 0.000000000000000000, -0.7999999999999997113 ) ) ;
#1207 = ORIENTED_EDGE ( 'NONE', *, *, #2960, .F. ) ;
#1208 = DIRECTION ( 'NONE',  ( -0.000000000000000000, 0.000000000000000000, 1.000000000000000000 ) ) ;
#1209 = DIRECTION ( 'NONE',  ( 0.000000000000000000, 0.000000000000000000, -1.000000000000000000 ) ) ;
#1210 = ORIENTED_EDGE ( 'NONE', *, *, #6289, .T. ) ;
#1211 = VECTOR ( 'NONE', #637, 1000.000000000000000 ) ;
#1212 = CARTESIAN_POINT ( 'NONE',  ( 3.130000000000000338, 1.464999999999999858, -1.479999999999999760 ) ) ;
#1213 = LINE ( 'NONE', #5643, #9042 ) ;
#1214 = DIRECTION ( 'NONE',  ( 0.000000000000000000, 0.000000000000000000, -1.000000000000000000 ) ) ;
#1215 = AXIS2_PLACEMENT_3D ( 'NONE', #3550, #9478, #5806 ) ;
#1216 =( NAMED_UNIT ( * ) PLANE_ANGLE_UNIT ( ) SI_UNIT ( $, .RADIAN. ) );
#1217 = CARTESIAN_POINT ( 'NONE',  ( -0.2500000000000002220, 0.05000000000000000278, 1.300000000000000266 ) ) ;
#1218 = EDGE_LOOP ( 'NONE', ( #81, #7269, #7455, #6555 ) ) ;
#1219 = ORIENTED_EDGE ( 'NONE', *, *, #6654, .F. ) ;
#1220 = DIRECTION ( 'NONE',  ( 0.000000000000000000, -1.000000000000000000, 0.000000000000000000 ) ) ;
#1221 = FACE_OUTER_BOUND ( 'NONE', #4562, .T. ) ;
#1222 = AXIS2_PLACEMENT_3D ( 'NONE', #4407, #5598, #6570 ) ;
#1223 = LINE ( 'NONE', #348, #6752 ) ;
#1224 = DIRECTION ( 'NONE',  ( -0.000000000000000000, -1.000000000000000000, -0.000000000000000000 ) ) ;
#1225 = CARTESIAN_POINT ( 'NONE',  ( -3.137500000000000178, 1.439999999999999947, -0.6949999999999993960 ) ) ;
#1226 = ORIENTED_EDGE ( 'NONE', *, *, #1301, .T. ) ;
#1227 = AXIS2_PLACEMENT_3D ( 'NONE', #3404, #1185, #1231 ) ;
#1228 = LINE ( 'NONE', #5660, #6653 ) ;
#1229 = ORIENTED_EDGE ( 'NONE', *, *, #7194, .F. ) ;
#1230 = ORIENTED_EDGE ( 'NONE', *, *, #5701, .F. ) ;
#1231 = DIRECTION ( 'NONE',  ( 0.000000000000000000, -0.000000000000000000, 1.000000000000000000 ) ) ;
#1232 = LINE ( 'NONE', #6821, #879 ) ;
#1233 = ADVANCED_FACE ( 'NONE', ( #6370 ), #2660, .T. ) ;
#1234 = LINE ( 'NONE', #9348, #6794 ) ;
#1235 = DIRECTION ( 'NONE',  ( 0.000000000000000000, -0.000000000000000000, -1.000000000000000000 ) ) ;
#1236 = VECTOR ( 'NONE', #7910, 1000.000000000000000 ) ;
#1237 = EDGE_CURVE ( 'NONE', #7950, #4792, #2755, .T. ) ;
#1238 = DIRECTION ( 'NONE',  ( 0.000000000000000000, 1.000000000000000000, -0.000000000000000000 ) ) ;
#1239 = FACE_OUTER_BOUND ( 'NONE', #5383, .T. ) ;
#1240 = EDGE_CURVE ( 'NONE', #3994, #2104, #1111, .T. ) ;
#1241 = CARTESIAN_POINT ( 'NONE',  ( -1.999999999999978684, 0.000000000000000000, -0.7999999999999994893 ) ) ;
#1242 = DIRECTION ( 'NONE',  ( 0.000000000000000000, -1.000000000000000000, 0.000000000000000000 ) ) ;
#1243 = ORIENTED_EDGE ( 'NONE', *, *, #2959, .F. ) ;
#1244 = DIRECTION ( 'NONE',  ( -1.000000000000000000, -0.000000000000000000, -0.000000000000000000 ) ) ;
#1245 = ORIENTED_EDGE ( 'NONE', *, *, #8453, .T. ) ;
#1246 = LINE ( 'NONE', #2156, #4163 ) ;
#1247 = MECHANICAL_DESIGN_GEOMETRIC_PRESENTATION_REPRESENTATION (  '', ( #7775 ), #5590 ) ;
#1248 = ADVANCED_FACE ( 'NONE', ( #7828 ), #2705, .F. ) ;
#1249 = ORIENTED_EDGE ( 'NONE', *, *, #3838, .F. ) ;
#1250 = EDGE_CURVE ( 'NONE', #8042, #8073, #7038, .T. ) ;
#1251 = CARTESIAN_POINT ( 'NONE',  ( 0.4999999999999995559, 0.000000000000000000, 0.8000000000000003775 ) ) ;
#1252 = UNCERTAINTY_MEASURE_WITH_UNIT (LENGTH_MEASURE( 1.000000000000000082E-05 ), #9163, 'distance_accuracy_value', 'NONE');
#1253 = CARTESIAN_POINT ( 'NONE',  ( 3.100000000000000533, -6.815342984766064482, 1.414999999999999813 ) ) ;
#1254 = DIRECTION ( 'NONE',  ( 0.000000000000000000, -1.000000000000000000, 0.000000000000000000 ) ) ;
#1255 = EDGE_LOOP ( 'NONE', ( #2852, #2449, #6727, #5676 ) ) ;
#1256 = ORIENTED_EDGE ( 'NONE', *, *, #8247, .T. ) ;
#1257 = DIRECTION ( 'NONE',  ( -1.000000000000000000, 0.000000000000000000, -0.000000000000000000 ) ) ;
#1258 = ORIENTED_EDGE ( 'NONE', *, *, #4737, .F. ) ;
#1259 = CARTESIAN_POINT ( 'NONE',  ( 0.2499999999999997780, 0.05000000000000000278, 1.300000000000000266 ) ) ;
#1260 = DIRECTION ( 'NONE',  ( 0.000000000000000000, 0.000000000000000000, -1.000000000000000000 ) ) ;
#1261 = ORIENTED_EDGE ( 'NONE', *, *, #6546, .T. ) ;
#1262 = VECTOR ( 'NONE', #2678, 1000.000000000000000 ) ;
#1263 = DIRECTION ( 'NONE',  ( 0.000000000000000000, -0.000000000000000000, -1.000000000000000000 ) ) ;
#1264 = UNCERTAINTY_MEASURE_WITH_UNIT (LENGTH_MEASURE( 1.000000000000000082E-05 ), #7798, 'distance_accuracy_value', 'NONE');
#1265 = DIRECTION ( 'NONE',  ( -0.000000000000000000, -0.000000000000000000, 1.000000000000000000 ) ) ;
#1267 = CIRCLE ( 'NONE', #9331, 0.03500000000000009354 ) ;
#1266 = PLANE ( 'NONE',  #2880 ) ;
#1268 = MECHANICAL_DESIGN_GEOMETRIC_PRESENTATION_REPRESENTATION (  '', ( #6402 ), #5299 ) ;
#1269 =( GEOMETRIC_REPRESENTATION_CONTEXT ( 3 ) GLOBAL_UNCERTAINTY_ASSIGNED_CONTEXT ( ( #6028 ) ) GLOBAL_UNIT_ASSIGNED_CONTEXT ( ( #8666, #3538, #629 ) ) REPRESENTATION_CONTEXT ( 'NONE', 'WORKASPACE' ) );
#1270 = SURFACE_STYLE_USAGE ( .BOTH. , #3585 ) ;
#1271 = LINE ( 'NONE', #7888, #533 ) ;
#1272 = ORIENTED_EDGE ( 'NONE', *, *, #1878, .T. ) ;
#1273 = EDGE_LOOP ( 'NONE', ( #785, #8445, #4649, #3160 ) ) ;
#1274 = LINE ( 'NONE', #4173, #7648 ) ;
#1275 = DIRECTION ( 'NONE',  ( 0.000000000000000000, 1.000000000000000000, -0.000000000000000000 ) ) ;
#1276 = AXIS2_PLACEMENT_3D ( 'NONE', #1680, #4634, #952 ) ;
#1277 = LINE ( 'NONE', #1321, #8292 ) ;
#1278 =( NAMED_UNIT ( * ) PLANE_ANGLE_UNIT ( ) SI_UNIT ( $, .RADIAN. ) );
#1279 = LINE ( 'NONE', #7218, #4989 ) ;
#1280 = DIRECTION ( 'NONE',  ( -0.000000000000000000, 0.000000000000000000, -1.000000000000000000 ) ) ;
#1281 = AXIS2_PLACEMENT_3D ( 'NONE', #8918, #743, #1474 ) ;
#1282 = AXIS2_PLACEMENT_3D ( 'NONE', #2426, #137, #4701 ) ;
#1283 = ORIENTED_EDGE ( 'NONE', *, *, #3086, .T. ) ;
#1284 = DIRECTION ( 'NONE',  ( 0.000000000000000000, 1.000000000000000000, 0.000000000000000000 ) ) ;
#1285 = ORIENTED_EDGE ( 'NONE', *, *, #3478, .T. ) ;
#1286 = ORIENTED_EDGE ( 'NONE', *, *, #1786, .F. ) ;
#1287 = LINE ( 'NONE', #7173, #8504 ) ;
#1288 = CYLINDRICAL_SURFACE ( 'NONE', #5540, 0.07000000000000018707 ) ;
#1289 = VECTOR ( 'NONE', #7664, 1000.000000000000000 ) ;
#1290 = CARTESIAN_POINT ( 'NONE',  ( 0.000000000000000000, 1.500000000000000000, 0.000000000000000000 ) ) ;
#1291 = PLANE ( 'NONE',  #5143 ) ;
#1292 = EDGE_CURVE ( 'NONE', #8860, #3077, #7331, .T. ) ;
#1293 = DIRECTION ( 'NONE',  ( 0.000000000000000000, 0.000000000000000000, 1.000000000000000000 ) ) ;
#1294 = ORIENTED_EDGE ( 'NONE', *, *, #8669, .T. ) ;
#1295 = EDGE_LOOP ( 'NONE', ( #8457, #5073, #5790, #5925 ) ) ;
#1296 = DIRECTION ( 'NONE',  ( 0.000000000000000000, -1.000000000000000000, 0.000000000000000000 ) ) ;
#1297 = DIRECTION ( 'NONE',  ( -0.000000000000000000, 0.000000000000000000, 1.000000000000000000 ) ) ;
#1298 = ORIENTED_EDGE ( 'NONE', *, *, #2420, .F. ) ;
#1299 = EDGE_CURVE ( 'NONE', #3522, #1442, #5683, .T. ) ;
#1300 = VERTEX_POINT ( 'NONE', #1159 ) ;
#1301 = EDGE_CURVE ( 'NONE', #9206, #254, #7739, .T. ) ;
#1302 = CARTESIAN_POINT ( 'NONE',  ( 2.020000000000000018, 1.324999999999999956, 0.4249999999999998224 ) ) ;
#1303 = EDGE_CURVE ( 'NONE', #428, #862, #4161, .T. ) ;
#1304 = EDGE_LOOP ( 'NONE', ( #999, #2402, #1243, #6412 ) ) ;
#1305 = ORIENTED_EDGE ( 'NONE', *, *, #3185, .T. ) ;
#1306 = DIRECTION ( 'NONE',  ( -1.000000000000000000, 0.000000000000000000, -0.000000000000000000 ) ) ;
#1307 = EDGE_LOOP ( 'NONE', ( #4314, #4465, #6518, #7183 ) ) ;
#1308 = VECTOR ( 'NONE', #8425, 1000.000000000000000 ) ;
#1309 = FACE_OUTER_BOUND ( 'NONE', #4864, .T. ) ;
#1310 = ADVANCED_FACE ( 'NONE', ( #2570 ), #7154, .F. ) ;
#1311 = ORIENTED_EDGE ( 'NONE', *, *, #5989, .T. ) ;
#1312 = EDGE_CURVE ( 'NONE', #9588, #9403, #4017, .T. ) ;
#1313 = CARTESIAN_POINT ( 'NONE',  ( 1.324999999999999956, 1.464999999999999858, 0.7099999999999996314 ) ) ;
#1314 = DIRECTION ( 'NONE',  ( -0.000000000000000000, -1.000000000000000000, -0.000000000000000000 ) ) ;
#1315 = LINE ( 'NONE', #3583, #5628 ) ;
#1316 =( NAMED_UNIT ( * ) SI_UNIT ( $, .STERADIAN. ) SOLID_ANGLE_UNIT ( ) );
#1317 = CARTESIAN_POINT ( 'NONE',  ( -0.2499999999999785449, 0.05000000000000000278, -0.7999999999999997113 ) ) ;
#1318 = ORIENTED_EDGE ( 'NONE', *, *, #5624, .T. ) ;
#1319 = FACE_OUTER_BOUND ( 'NONE', #4856, .T. ) ;
#1320 = VECTOR ( 'NONE', #8322, 1000.000000000000000 ) ;
#1321 = CARTESIAN_POINT ( 'NONE',  ( 3.100000000000000533, -6.815342984766064482, 1.414999999999999813 ) ) ;
#1322 = FILL_AREA_STYLE ('',( #5703 ) ) ;
#1323 = LINE ( 'NONE', #4282, #2661 ) ;
#1324 = CARTESIAN_POINT ( 'NONE',  ( 2.400000000000001243, 0.05000000000000000278, 0.2500000000000017208 ) ) ;
#1325 = CARTESIAN_POINT ( 'NONE',  ( -2.022499999999999964, 1.500000000000000000, -0.1424999999999993494 ) ) ;
#1326 = EDGE_LOOP ( 'NONE', ( #6830, #3459, #8588, #7182 ) ) ;
#1327 = DIRECTION ( 'NONE',  ( 0.000000000000000000, -1.000000000000000000, 0.000000000000000000 ) ) ;
#1328 = ORIENTED_EDGE ( 'NONE', *, *, #9384, .T. ) ;
#1329 = ORIENTED_EDGE ( 'NONE', *, *, #161, .F. ) ;
#1330 = FACE_OUTER_BOUND ( 'NONE', #9252, .T. ) ;
#1331 = DIRECTION ( 'NONE',  ( -0.000000000000000000, 1.000000000000000000, -0.000000000000000000 ) ) ;
#1332 = SURFACE_SIDE_STYLE ('',( #741 ) ) ;
#1333 = VECTOR ( 'NONE', #2469, 1000.000000000000000 ) ;
#1334 = CARTESIAN_POINT ( 'NONE',  ( -1.749999999999978462, 0.000000000000000000, -0.7999999999999997113 ) ) ;
#1335 = VECTOR ( 'NONE', #8889, 1000.000000000000000 ) ;
#1336 = CARTESIAN_POINT ( 'NONE',  ( 0.000000000000000000, 0.05000000000000000278, 0.000000000000000000 ) ) ;
#1337 = ORIENTED_EDGE ( 'NONE', *, *, #6481, .F. ) ;
#1338 = ORIENTED_EDGE ( 'NONE', *, *, #4872, .T. ) ;
#1339 = CARTESIAN_POINT ( 'NONE',  ( -1.885000000000000231, 1.464999999999999858, -1.449999999999999734 ) ) ;
#1340 = EDGE_LOOP ( 'NONE', ( #864, #8738, #3240, #6940, #6704, #2788, #256, #1862 ) ) ;
#1341 = VECTOR ( 'NONE', #5914, 1000.000000000000000 ) ;
#1342 = EDGE_CURVE ( 'NONE', #4044, #5284, #8651, .T. ) ;
#1343 = DIRECTION ( 'NONE',  ( -1.977701239613303879E-15, 0.9396926207859082059, -0.3420201433256694901 ) ) ;
#1344 = LINE ( 'NONE', #4307, #2375 ) ;
#1345 = EDGE_CURVE ( 'NONE', #7398, #6973, #7931, .T. ) ;
#1346 = ORIENTED_EDGE ( 'NONE', *, *, #6376, .T. ) ;
#1347 = VECTOR ( 'NONE', #3095, 1000.000000000000000 ) ;
#1348 = ORIENTED_EDGE ( 'NONE', *, *, #6171, .T. ) ;
#1349 = AXIS2_PLACEMENT_3D ( 'NONE', #9229, #8550, #3378 ) ;
#1350 = DIRECTION ( 'NONE',  ( 0.000000000000000000, 1.000000000000000000, -0.000000000000000000 ) ) ;
#1351 = VERTEX_POINT ( 'NONE', #7002 ) ;
#1352 = CARTESIAN_POINT ( 'NONE',  ( 1.158000000000000140, 0.000000000000000000, -0.5999999999999998668 ) ) ;
#1353 = FILL_AREA_STYLE_COLOUR ( '', #7030 ) ;
#1354 = EDGE_LOOP ( 'NONE', ( #5219, #354, #5105, #4982 ) ) ;
#1355 = EDGE_CURVE ( 'NONE', #3343, #3926, #4212, .T. ) ;
#1356 = EDGE_CURVE ( 'NONE', #6834, #9460, #3299, .T. ) ;
#1357 = MECHANICAL_DESIGN_GEOMETRIC_PRESENTATION_REPRESENTATION (  '', ( #4300 ), #3215 ) ;
#1358 = DIRECTION ( 'NONE',  ( 0.000000000000000000, 0.000000000000000000, -1.000000000000000000 ) ) ;
#1359 = FACE_OUTER_BOUND ( 'NONE', #8930, .T. ) ;
#1360 = CARTESIAN_POINT ( 'NONE',  ( -0.2500000000000002220, 0.05000000000000000278, 1.300000000000000266 ) ) ;
#1361 = ADVANCED_FACE ( 'NONE', ( #5784 ), #7346, .T. ) ;
#1362 = EDGE_CURVE ( 'NONE', #6887, #1971, #666, .T. ) ;
#1363 = PLANE ( 'NONE',  #6863 ) ;
#1364 = ORIENTED_EDGE ( 'NONE', *, *, #2820, .F. ) ;
#1365 = LINE ( 'NONE', #4324, #9339 ) ;
#1366 = ORIENTED_EDGE ( 'NONE', *, *, #9263, .T. ) ;
#1367 = EDGE_CURVE ( 'NONE', #2230, #3383, #5314, .T. ) ;
#1368 = EDGE_CURVE ( 'NONE', #3736, #2087, #4045, .T. ) ;
#1369 = DIRECTION ( 'NONE',  ( -0.000000000000000000, -0.000000000000000000, 1.000000000000000000 ) ) ;
#1370 = CARTESIAN_POINT ( 'NONE',  ( 2.500000000000000000, 0.05000000000000000278, -1.414999999999999369 ) ) ;
#1371 = AXIS2_PLACEMENT_3D ( 'NONE', #448, #1377, #6493 ) ;
#1372 = CARTESIAN_POINT ( 'NONE',  ( -2.900000000000000355, 0.05000000000000000278, 0.2500000000000002220 ) ) ;
#1373 = EDGE_CURVE ( 'NONE', #8132, #254, #2113, .T. ) ;
#1374 = VERTEX_POINT ( 'NONE', #2942 ) ;
#1375 = DIRECTION ( 'NONE',  ( -1.000000000000000000, -0.000000000000000000, -0.000000000000000000 ) ) ;
#1376 = ORIENTED_EDGE ( 'NONE', *, *, #4127, .T. ) ;
#1377 = DIRECTION ( 'NONE',  ( -0.000000000000000000, -1.000000000000000000, 0.000000000000000000 ) ) ;
#1378 = ORIENTED_EDGE ( 'NONE', *, *, #3059, .F. ) ;
#1379 = ORIENTED_EDGE ( 'NONE', *, *, #8082, .F. ) ;
#1380 = DIRECTION ( 'NONE',  ( -8.673617379884035472E-16, 0.000000000000000000, -1.000000000000000000 ) ) ;
#1381 = AXIS2_PLACEMENT_3D ( 'NONE', #1084, #8427, #243 ) ;
#1382 = FILL_AREA_STYLE ('',( #2291 ) ) ;
#1383 = DIRECTION ( 'NONE',  ( 0.000000000000000000, -1.000000000000000000, 0.000000000000000000 ) ) ;
#1384 = PLANE ( 'NONE',  #1726 ) ;
#1385 = PLANE ( 'NONE',  #4382 ) ;
#1386 = VECTOR ( 'NONE', #1201, 1000.000000000000000 ) ;
#1387 = DIRECTION ( 'NONE',  ( -0.000000000000000000, 1.000000000000000000, -0.000000000000000000 ) ) ;
#1388 = ORIENTED_EDGE ( 'NONE', *, *, #4873, .T. ) ;
#1389 = PRESENTATION_STYLE_ASSIGNMENT (( #2099 ) ) ;
#1390 = ORIENTED_EDGE ( 'NONE', *, *, #4680, .T. ) ;
#1391 = DIRECTION ( 'NONE',  ( -0.000000000000000000, 1.000000000000000000, -0.000000000000000000 ) ) ;
#1392 = DIRECTION ( 'NONE',  ( -0.000000000000000000, 1.000000000000000000, -0.000000000000000000 ) ) ;
#1393 = VERTEX_POINT ( 'NONE', #6707 ) ;
#1394 = DIRECTION ( 'NONE',  ( -0.000000000000000000, -1.000000000000000000, -0.000000000000000000 ) ) ;
#1395 = CARTESIAN_POINT ( 'NONE',  ( 0.2499999999999997780, 0.05000000000000000278, 1.300000000000000266 ) ) ;
#1396 = ORIENTED_EDGE ( 'NONE', *, *, #3006, .T. ) ;
#1397 = AXIS2_PLACEMENT_3D ( 'NONE', #1317, #3441, #5009 ) ;
#1398 = ORIENTED_EDGE ( 'NONE', *, *, #9014, .F. ) ;
#1399 = DIRECTION ( 'NONE',  ( 0.000000000000000000, -1.000000000000000000, 0.000000000000000000 ) ) ;
#1400 = ORIENTED_EDGE ( 'NONE', *, *, #584, .F. ) ;
#1401 = CARTESIAN_POINT ( 'NONE',  ( -0.2550000000000002820, 1.164999999999999813, -0.4500000000000003997 ) ) ;
#1402 = EDGE_LOOP ( 'NONE', ( #653, #1526, #8341, #2650 ) ) ;
#1403 = AXIS2_PLACEMENT_3D ( 'NONE', #3353, #8577, #1944 ) ;
#1404 = DIRECTION ( 'NONE',  ( 1.000000000000000000, -0.000000000000000000, 0.000000000000000000 ) ) ;
#1405 = CYLINDRICAL_SURFACE ( 'NONE', #5042, 0.03500000000000009354 ) ;
#1406 = CARTESIAN_POINT ( 'NONE',  ( 2.500000000000021760, 0.05000000000000000278, -0.7999999999999994893 ) ) ;
#1407 = DIRECTION ( 'NONE',  ( 0.000000000000000000, 0.000000000000000000, 1.000000000000000000 ) ) ;
#1408 = PLANE ( 'NONE',  #1901 ) ;
#1409 = EDGE_CURVE ( 'NONE', #7920, #6494, #9457, .T. ) ;
#1410 = LINE ( 'NONE', #4367, #3592 ) ;
#1411 = ORIENTED_EDGE ( 'NONE', *, *, #5996, .T. ) ;
#1412 = CARTESIAN_POINT ( 'NONE',  ( 0.000000000000000000, 0.000000000000000000, 0.000000000000000000 ) ) ;
#1413 = ORIENTED_EDGE ( 'NONE', *, *, #5942, .F. ) ;
#1414 = EDGE_CURVE ( 'NONE', #7964, #1551, #33, .T. ) ;
#1415 = VECTOR ( 'NONE', #2525, 1000.000000000000000 ) ;
#1416 = VECTOR ( 'NONE', #9005, 1000.000000000000000 ) ;
#1417 = CARTESIAN_POINT ( 'NONE',  ( -2.500000000000000000, 0.05000000000000000278, -0.6999999999999995115 ) ) ;
#1418 = DIRECTION ( 'NONE',  ( 0.000000000000000000, -1.000000000000000000, 0.000000000000000000 ) ) ;
#1419 = ORIENTED_EDGE ( 'NONE', *, *, #5271, .T. ) ;
#1420 = ADVANCED_FACE ( 'NONE', ( #4310 ), #6660, .F. ) ;
#1421 = PLANE ( 'NONE',  #7384 ) ;
#1422 = ADVANCED_FACE ( 'NONE', ( #3714 ), #6513, .F. ) ;
#1423 = VERTEX_POINT ( 'NONE', #1490 ) ;
#1424 = EDGE_LOOP ( 'NONE', ( #8748, #787, #5797, #8052 ) ) ;
#1425 = VECTOR ( 'NONE', #5015, 1000.000000000000000 ) ;
#1426 = CARTESIAN_POINT ( 'NONE',  ( -1.999999999999978684, 0.05000000000000000278, -0.7999999999999994893 ) ) ;
#1427 = DIRECTION ( 'NONE',  ( -7.228014483236188726E-16, 0.000000000000000000, 1.000000000000000000 ) ) ;
#1428 = VECTOR ( 'NONE', #5736, 1000.000000000000000 ) ;
#1429 = CARTESIAN_POINT ( 'NONE',  ( 2.020000000000000462, 1.324999999999999956, -0.3000000000000002665 ) ) ;
#1430 = AXIS2_PLACEMENT_3D ( 'NONE', #9443, #8011, #458 ) ;
#1431 = CARTESIAN_POINT ( 'NONE',  ( -1.885000000000000231, 1.464999999999999858, -1.449999999999999734 ) ) ;
#1432 = PLANE ( 'NONE',  #8590 ) ;
#1433 = CARTESIAN_POINT ( 'NONE',  ( -1.000000000000000444, 0.05000000000000000278, 0.8000000000000003775 ) ) ;
#1434 = VERTEX_POINT ( 'NONE', #8118 ) ;
#1435 = VERTEX_POINT ( 'NONE', #4995 ) ;
#1436 = ORIENTED_EDGE ( 'NONE', *, *, #8500, .F. ) ;
#1437 = PRODUCT ( 'VL53L5CXV0GC_1', 'VL53L5CXV0GC_1', '', ( #6486 ) ) ;
#1438 = LINE ( 'NONE', #7394, #3540 ) ;
#1439 = CARTESIAN_POINT ( 'NONE',  ( -3.100000000000000533, 0.1600000000000004197, 1.414999999999999813 ) ) ;
#1440 = DIRECTION ( 'NONE',  ( -0.000000000000000000, -1.000000000000000000, 0.000000000000000000 ) ) ;
#1441 = CARTESIAN_POINT ( 'NONE',  ( -0.2500000000000002220, 0.05000000000000000278, 1.414999999999999813 ) ) ;
#1442 = VERTEX_POINT ( 'NONE', #8749 ) ;
#1443 = ORIENTED_EDGE ( 'NONE', *, *, #7431, .F. ) ;
#1444 = CARTESIAN_POINT ( 'NONE',  ( -1.750000000000000444, 0.05000000000000000278, 1.414999999999999813 ) ) ;
#1445 = EDGE_LOOP ( 'NONE', ( #8356, #8695, #7233, #4408 ) ) ;
#1446 = DIRECTION ( 'NONE',  ( -0.000000000000000000, -1.000000000000000000, 0.000000000000000000 ) ) ;
#1447 =( LENGTH_UNIT ( ) NAMED_UNIT ( * ) SI_UNIT ( .MILLI., .METRE. ) );
#1448 = ORIENTED_EDGE ( 'NONE', *, *, #3839, .F. ) ;
#1449 = DIRECTION ( 'NONE',  ( 0.000000000000000000, -0.000000000000000000, 1.000000000000000000 ) ) ;
#1450 = UNCERTAINTY_MEASURE_WITH_UNIT (LENGTH_MEASURE( 1.000000000000000082E-05 ), #510, 'distance_accuracy_value', 'NONE');
#1451 = PLANE ( 'NONE',  #7875 ) ;
#1452 = PLANE ( 'NONE',  #5379 ) ;
#1453 = FACE_OUTER_BOUND ( 'NONE', #2392, .T. ) ;
#1454 = ORIENTED_EDGE ( 'NONE', *, *, #1723, .F. ) ;
#1455 = DIRECTION ( 'NONE',  ( 0.000000000000000000, -1.000000000000000000, 0.000000000000000000 ) ) ;
#1456 = VECTOR ( 'NONE', #5297, 1000.000000000000000 ) ;
#1457 = EDGE_LOOP ( 'NONE', ( #8164, #8855, #7440, #2264 ) ) ;
#1458 = CYLINDRICAL_SURFACE ( 'NONE', #8414, 0.03500000000000030864 ) ;
#1459 = EDGE_LOOP ( 'NONE', ( #7417, #4573, #3462, #5111 ) ) ;
#1460 = VECTOR ( 'NONE', #3596, 1000.000000000000000 ) ;
#1461 = LINE ( 'NONE', #8712, #19 ) ;
#1462 = DIRECTION ( 'NONE',  ( 0.000000000000000000, 0.000000000000000000, -1.000000000000000000 ) ) ;
#1463 = ORIENTED_EDGE ( 'NONE', *, *, #3727, .T. ) ;
#1464 = PLANE ( 'NONE',  #8452 ) ;
#1465 = EDGE_CURVE ( 'NONE', #7155, #862, #9553, .T. ) ;
#1466 = DIRECTION ( 'NONE',  ( 0.000000000000000000, 0.000000000000000000, -1.000000000000000000 ) ) ;
#1467 = ORIENTED_EDGE ( 'NONE', *, *, #4501, .F. ) ;
#1468 = CARTESIAN_POINT ( 'NONE',  ( -0.6999999999999998446, 1.500000000000000000, -0.5600000000000003864 ) ) ;
#1469 =( NAMED_UNIT ( * ) SI_UNIT ( $, .STERADIAN. ) SOLID_ANGLE_UNIT ( ) );
#1470 = VECTOR ( 'NONE', #9129, 1000.000000000000000 ) ;
#1471 = EDGE_CURVE ( 'NONE', #4103, #3110, #7984, .T. ) ;
#1472 = EDGE_CURVE ( 'NONE', #3805, #9474, #5879, .T. ) ;
#1473 = CARTESIAN_POINT ( 'NONE',  ( -1.885000000000000231, 1.500000000000000000, -0.000000000000000000 ) ) ;
#1474 = DIRECTION ( 'NONE',  ( 0.000000000000000000, 0.000000000000000000, 1.000000000000000000 ) ) ;
#1475 = AXIS2_PLACEMENT_3D ( 'NONE', #7656, #975, #4861 ) ;
#1476 =( NAMED_UNIT ( * ) SI_UNIT ( $, .STERADIAN. ) SOLID_ANGLE_UNIT ( ) );
#1477 = CARTESIAN_POINT ( 'NONE',  ( -0.5000000000000004441, 0.000000000000000000, -1.414999999999999369 ) ) ;
#1478 = EDGE_CURVE ( 'NONE', #9311, #6371, #2849, .T. ) ;
#1479 = EDGE_LOOP ( 'NONE', ( #5980, #7221, #6242, #956 ) ) ;
#1480 = EDGE_CURVE ( 'NONE', #6076, #4322, #4351, .T. ) ;
#1481 = ORIENTED_EDGE ( 'NONE', *, *, #3066, .F. ) ;
#1482 = ORIENTED_EDGE ( 'NONE', *, *, #3658, .F. ) ;
#1483 = CIRCLE ( 'NONE', #7413, 0.06999999999999996503 ) ;
#1484 = CARTESIAN_POINT ( 'NONE',  ( -3.137500000000000178, 1.464999999999999858, -0.6949999999999993960 ) ) ;
#1485 = LINE ( 'NONE', #6013, #3903 ) ;
#1486 = DIRECTION ( 'NONE',  ( 0.000000000000000000, -1.000000000000000000, 0.000000000000000000 ) ) ;
#1487 = CARTESIAN_POINT ( 'NONE',  ( -1.885000000000000231, 0.2000000000000000944, -1.479999999999999760 ) ) ;
#1488 = ORIENTED_EDGE ( 'NONE', *, *, #353, .T. ) ;
#1489 = EDGE_LOOP ( 'NONE', ( #6538, #6630, #6845, #4228 ) ) ;
#1490 = CARTESIAN_POINT ( 'NONE',  ( -0.7500000000000002220, 1.500000000000000000, -0.5100000000000000089 ) ) ;
#1491 = LINE ( 'NONE', #6900, #1841 ) ;
#1492 = VECTOR ( 'NONE', #3347, 1000.000000000000000 ) ;
#1493 = DIRECTION ( 'NONE',  ( 1.000000000000000000, -0.000000000000000000, -0.000000000000000000 ) ) ;
#1494 = CARTESIAN_POINT ( 'NONE',  ( 0.000000000000000000, 1.464999999999999858, 1.514999999999999902 ) ) ;
#1495 = ORIENTED_EDGE ( 'NONE', *, *, #8453, .F. ) ;
#1496 = DIRECTION ( 'NONE',  ( 0.000000000000000000, 0.000000000000000000, -1.000000000000000000 ) ) ;
#1497 = VECTOR ( 'NONE', #2752, 1000.000000000000000 ) ;
#1498 = VECTOR ( 'NONE', #8101, 1000.000000000000000 ) ;
#1499 = CARTESIAN_POINT ( 'NONE',  ( -2.500000000000000444, 0.05000000000000000278, 0.8000000000000003775 ) ) ;
#1500 = LINE ( 'NONE', #1640, #383 ) ;
#1501 = CARTESIAN_POINT ( 'NONE',  ( 3.100000000000000533, 0.000000000000000000, 1.414999999999999813 ) ) ;
#1502 = LINE ( 'NONE', #7596, #9582 ) ;
#1503 = EDGE_LOOP ( 'NONE', ( #1348, #2560, #5294, #2918 ) ) ;
#1504 = DIRECTION ( 'NONE',  ( -0.000000000000000000, 1.000000000000000000, -0.000000000000000000 ) ) ;
#1505 = ORIENTED_EDGE ( 'NONE', *, *, #3598, .T. ) ;
#1506 = DIRECTION ( 'NONE',  ( 0.000000000000000000, 0.000000000000000000, 1.000000000000000000 ) ) ;
#1507 = EDGE_LOOP ( 'NONE', ( #1755, #6918, #1261, #7618, #7235, #2202, #4054, #3601 ) ) ;
#1508 = AXIS2_PLACEMENT_3D ( 'NONE', #1336, #2833, #4296 ) ;
#1509 = CARTESIAN_POINT ( 'NONE',  ( 2.500000000000000000, 0.000000000000000000, 1.414999999999999813 ) ) ;
#1510 =( GEOMETRIC_REPRESENTATION_CONTEXT ( 3 ) GLOBAL_UNCERTAINTY_ASSIGNED_CONTEXT ( ( #5141 ) ) GLOBAL_UNIT_ASSIGNED_CONTEXT ( ( #414, #8596, #955 ) ) REPRESENTATION_CONTEXT ( 'NONE', 'WORKASPACE' ) );
#1511 = VERTEX_POINT ( 'NONE', #8884 ) ;
#1512 = CARTESIAN_POINT ( 'NONE',  ( 1.814999999999999725, 0.2000000000000000944, 1.415000000000000480 ) ) ;
#1513 = ORIENTED_EDGE ( 'NONE', *, *, #3374, .F. ) ;
#1514 = ORIENTED_EDGE ( 'NONE', *, *, #766, .T. ) ;
#1515 = DIRECTION ( 'NONE',  ( 0.000000000000000000, 0.000000000000000000, -1.000000000000000000 ) ) ;
#1516 = FILL_AREA_STYLE ('',( #8772 ) ) ;
#1517 = ORIENTED_EDGE ( 'NONE', *, *, #1896, .T. ) ;
#1518 = VECTOR ( 'NONE', #9344, 1000.000000000000000 ) ;
#1519 = ADVANCED_FACE ( 'NONE', ( #7402 ), #717, .T. ) ;
#1520 = FACE_OUTER_BOUND ( 'NONE', #2704, .T. ) ;
#1521 = LINE ( 'NONE', #699, #4523 ) ;
#1522 = ORIENTED_EDGE ( 'NONE', *, *, #7024, .T. ) ;
#1523 = AXIS2_PLACEMENT_3D ( 'NONE', #654, #7969, #3510 ) ;
#1524 = CARTESIAN_POINT ( 'NONE',  ( -1.999999999999978684, 0.05000000000000000278, -0.7999999999999994893 ) ) ;
#1525 = EDGE_CURVE ( 'NONE', #3507, #4044, #1633, .T. ) ;
#1526 = ORIENTED_EDGE ( 'NONE', *, *, #3534, .F. ) ;
#1527 = DIRECTION ( 'NONE',  ( 0.000000000000000000, 0.000000000000000000, -1.000000000000000000 ) ) ;
#1528 = ADVANCED_FACE ( 'NONE', ( #6021 ), #8252, .F. ) ;
#1529 = CIRCLE ( 'NONE', #2769, 0.03500000000000030864 ) ;
#1530 = EDGE_CURVE ( 'NONE', #6322, #2834, #4586, .T. ) ;
#1531 = DIRECTION ( 'NONE',  ( -4.336808689942017736E-16, 0.000000000000000000, 1.000000000000000000 ) ) ;
#1532 = LINE ( 'NONE', #8244, #7654 ) ;
#1533 = DIRECTION ( 'NONE',  ( -1.000000000000000000, 0.000000000000000000, -0.000000000000000000 ) ) ;
#1534 = LINE ( 'NONE', #2359, #7079 ) ;
#1535 = DIRECTION ( 'NONE',  ( -0.000000000000000000, -0.000000000000000000, 1.000000000000000000 ) ) ;
#1536 = ORIENTED_EDGE ( 'NONE', *, *, #4391, .T. ) ;
#1537 = ORIENTED_EDGE ( 'NONE', *, *, #7606, .T. ) ;
#1538 = ADVANCED_FACE ( 'NONE', ( #2416 ), #5378, .F. ) ;
#1539 = DIRECTION ( 'NONE',  ( 0.000000000000000000, -1.000000000000000000, 0.000000000000000000 ) ) ;
#1540 = EDGE_CURVE ( 'NONE', #1647, #618, #3858, .T. ) ;
#1541 = CARTESIAN_POINT ( 'NONE',  ( -1.814999999999999947, 1.464999999999999858, -1.449999999999999734 ) ) ;
#1542 = LINE ( 'NONE', #765, #2817 ) ;
#1543 = ORIENTED_EDGE ( 'NONE', *, *, #1773, .T. ) ;
#1544 = EDGE_CURVE ( 'NONE', #149, #5504, #5281, .T. ) ;
#1545 = DIRECTION ( 'NONE',  ( 1.000000000000000000, 0.000000000000000000, 0.000000000000000000 ) ) ;
#1546 = ADVANCED_FACE ( 'NONE', ( #6167 ), #9124, .F. ) ;
#1547 = CARTESIAN_POINT ( 'NONE',  ( 0.5000000000000213163, 0.000000000000000000, -0.7999999999999997113 ) ) ;
#1548 = FACE_OUTER_BOUND ( 'NONE', #1910, .T. ) ;
#1549 = ORIENTED_EDGE ( 'NONE', *, *, #3485, .F. ) ;
#1550 = LINE ( 'NONE', #4503, #7348 ) ;
#1551 = VERTEX_POINT ( 'NONE', #3039 ) ;
#1552 = CARTESIAN_POINT ( 'NONE',  ( -2.397500000000000409, 1.439999999999999947, -1.399999999999999245 ) ) ;
#1553 = EDGE_LOOP ( 'NONE', ( #3831, #9283, #207, #8955 ) ) ;
#1554 = CIRCLE ( 'NONE', #7781, 0.03500000000000009354 ) ;
#1555 = CARTESIAN_POINT ( 'NONE',  ( 3.100000000000000533, 0.05000000000000000278, 1.414999999999999813 ) ) ;
#1556 = DIRECTION ( 'NONE',  ( 1.000000000000000000, 0.000000000000000000, 0.000000000000000000 ) ) ;
#1557 = ORIENTED_EDGE ( 'NONE', *, *, #4094, .T. ) ;
#1558 = PLANE ( 'NONE',  #8616 ) ;
#1559 = PLANE ( 'NONE',  #587 ) ;
#1560 = CARTESIAN_POINT ( 'NONE',  ( 0.2499999999999997780, 0.05000000000000000278, 1.414999999999999813 ) ) ;
#1561 = CARTESIAN_POINT ( 'NONE',  ( 1.814999999999999725, 1.464999999999999858, -1.449999999999999734 ) ) ;
#1562 = EDGE_LOOP ( 'NONE', ( #6016, #5633, #8750, #9467 ) ) ;
#1563 = AXIS2_PLACEMENT_3D ( 'NONE', #7443, #2067, #762 ) ;
#1564 = COLOUR_RGB ( '',0.5019607843137254832, 0.5019607843137254832, 0.5019607843137254832 ) ;
#1565 = VECTOR ( 'NONE', #6594, 999.9999999999998863 ) ;
#1566 = DIRECTION ( 'NONE',  ( 1.000000000000000000, 0.000000000000000000, 0.000000000000000000 ) ) ;
#1567 = DIRECTION ( 'NONE',  ( 0.000000000000000000, 0.000000000000000000, 1.000000000000000000 ) ) ;
#1568 = DIRECTION ( 'NONE',  ( -1.000000000000000000, 0.000000000000000000, -0.000000000000000000 ) ) ;
#1569 = AXIS2_PLACEMENT_3D ( 'NONE', #9249, #4916, #3397 ) ;
#1570 = AXIS2_PLACEMENT_3D ( 'NONE', #5104, #4369, #8854 ) ;
#1571 = VERTEX_POINT ( 'NONE', #8984 ) ;
#1572 = CARTESIAN_POINT ( 'NONE',  ( 1.750000000000020650, 0.05000000000000000278, -1.299999999999999600 ) ) ;
#1573 = ORIENTED_EDGE ( 'NONE', *, *, #4430, .F. ) ;
#1574 = DIRECTION ( 'NONE',  ( 0.000000000000000000, 0.000000000000000000, -1.000000000000000000 ) ) ;
#1575 = ORIENTED_EDGE ( 'NONE', *, *, #9363, .F. ) ;
#1576 = CARTESIAN_POINT ( 'NONE',  ( 0.4999999999999995559, 0.05000000000000000278, -1.414999999999999369 ) ) ;
#1577 = VECTOR ( 'NONE', #3756, 1000.000000000000000 ) ;
#1578 = VECTOR ( 'NONE', #2225, 1000.000000000000000 ) ;
#1579 = EDGE_CURVE ( 'NONE', #6216, #6193, #8931, .T. ) ;
#1580 = DIRECTION ( 'NONE',  ( 0.000000000000000000, -0.000000000000000000, -1.000000000000000000 ) ) ;
#1581 = CARTESIAN_POINT ( 'NONE',  ( 1.158000000000000140, 0.000000000000000000, -0.5999999999999998668 ) ) ;
#1582 = LINE ( 'NONE', #2937, #6952 ) ;
#1583 = FACE_OUTER_BOUND ( 'NONE', #8097, .T. ) ;
#1584 = ORIENTED_EDGE ( 'NONE', *, *, #7736, .F. ) ;
#1585 = ORIENTED_EDGE ( 'NONE', *, *, #9540, .T. ) ;
#1586 = CARTESIAN_POINT ( 'NONE',  ( -1.999999999999978684, 0.05000000000000000278, -0.7999999999999994893 ) ) ;
#1587 = VECTOR ( 'NONE', #5144, 1000.000000000000000 ) ;
#1588 = EDGE_CURVE ( 'NONE', #4552, #7080, #7534, .T. ) ;
#1589 = AXIS2_PLACEMENT_3D ( 'NONE', #3098, #4648, #230 ) ;
#1590 = CARTESIAN_POINT ( 'NONE',  ( 2.020000000000000462, 1.324999999999999956, 0.4999999999999997780 ) ) ;
#1591 = ORIENTED_EDGE ( 'NONE', *, *, #4089, .F. ) ;
#1592 = CARTESIAN_POINT ( 'NONE',  ( 0.09499999999999975131, 1.164999999999999813, 0.6499999999999996891 ) ) ;
#1593 = LINE ( 'NONE', #4545, #5531 ) ;
#1594 = EDGE_CURVE ( 'NONE', #9017, #3106, #7482, .T. ) ;
#1595 = ADVANCED_FACE ( 'NONE', ( #8058 ), #1384, .F. ) ;
#1596 = DIRECTION ( 'NONE',  ( 0.000000000000000000, -1.000000000000000000, 0.000000000000000000 ) ) ;
#1597 = CARTESIAN_POINT ( 'NONE',  ( -2.362499999999999378, 1.439999999999999947, -1.399999999999999245 ) ) ;
#1598 = CARTESIAN_POINT ( 'NONE',  ( -2.397500000000000409, 1.439999999999999947, -0.6949999999999993960 ) ) ;
#1599 = EDGE_CURVE ( 'NONE', #1511, #8407, #696, .T. ) ;
#1600 = ORIENTED_EDGE ( 'NONE', *, *, #9318, .F. ) ;
#1601 = EDGE_CURVE ( 'NONE', #893, #7982, #17, .T. ) ;
#1602 = AXIS2_PLACEMENT_3D ( 'NONE', #7531, #4447, #4040 ) ;
#1603 = CARTESIAN_POINT ( 'NONE',  ( -2.400000000000000355, 0.05000000000000000278, 0.2500000000000002220 ) ) ;
#1604 = ORIENTED_EDGE ( 'NONE', *, *, #6141, .T. ) ;
#1605 = CARTESIAN_POINT ( 'NONE',  ( 0.2500000000000210387, 0.05000000000000000278, -1.299999999999999600 ) ) ;
#1606 = AXIS2_PLACEMENT_3D ( 'NONE', #8580, #9428, #5745 ) ;
#1607 = EDGE_LOOP ( 'NONE', ( #4278, #5605, #477, #8654 ) ) ;
#1608 = CARTESIAN_POINT ( 'NONE',  ( 0.4999999999999995559, 0.000000000000000000, 1.300000000000000266 ) ) ;
#1609 = VERTEX_POINT ( 'NONE', #2148 ) ;
#1610 = EDGE_CURVE ( 'NONE', #1860, #7034, #790, .T. ) ;
#1611 = CARTESIAN_POINT ( 'NONE',  ( -0.4999999999999789613, 0.05000000000000000278, -1.299999999999999600 ) ) ;
#1612 =( NAMED_UNIT ( * ) PLANE_ANGLE_UNIT ( ) SI_UNIT ( $, .RADIAN. ) );
#1613 = VERTEX_POINT ( 'NONE', #3700 ) ;
#1614 = CARTESIAN_POINT ( 'NONE',  ( -1.850000000000000089, 0.2000000000000000944, -1.449999999999999734 ) ) ;
#1615 = DIRECTION ( 'NONE',  ( 0.000000000000000000, -1.000000000000000000, 0.000000000000000000 ) ) ;
#1616 = FACE_OUTER_BOUND ( 'NONE', #7575, .T. ) ;
#1617 = DIRECTION ( 'NONE',  ( 8.673617379884035472E-16, -0.000000000000000000, 1.000000000000000000 ) ) ;
#1618 = ORIENTED_EDGE ( 'NONE', *, *, #42, .T. ) ;
#1619 = ORIENTED_EDGE ( 'NONE', *, *, #5944, .T. ) ;
#1620 = ORIENTED_EDGE ( 'NONE', *, *, #234, .F. ) ;
#1621 = CYLINDRICAL_SURFACE ( 'NONE', #2112, 0.07499999999999998335 ) ;
#1622 = DIRECTION ( 'NONE',  ( 0.000000000000000000, 1.000000000000000000, 0.000000000000000000 ) ) ;
#1623 = ORIENTED_EDGE ( 'NONE', *, *, #3949, .T. ) ;
#1624 = LINE ( 'NONE', #2408, #6697 ) ;
#1625 = VECTOR ( 'NONE', #2172, 1000.000000000000000 ) ;
#1626 = DIRECTION ( 'NONE',  ( 0.000000000000000000, -0.000000000000000000, -1.000000000000000000 ) ) ;
#1627 = FACE_OUTER_BOUND ( 'NONE', #3008, .T. ) ;
#1628 = PLANE ( 'NONE',  #416 ) ;
#1629 = FACE_OUTER_BOUND ( 'NONE', #7773, .T. ) ;
#1630 = ORIENTED_EDGE ( 'NONE', *, *, #4088, .F. ) ;
#1631 = FILL_AREA_STYLE_COLOUR ( '', #5397 ) ;
#1632 = VERTEX_POINT ( 'NONE', #5116 ) ;
#1633 = LINE ( 'NONE', #9028, #9019 ) ;
#1634 = EDGE_CURVE ( 'NONE', #2643, #8280, #7328, .T. ) ;
#1635 = CARTESIAN_POINT ( 'NONE',  ( -1.250000000000000444, 0.05000000000000000278, 1.300000000000000266 ) ) ;
#1636 = ORIENTED_EDGE ( 'NONE', *, *, #531, .F. ) ;
#1637 = LINE ( 'NONE', #9180, #733 ) ;
#1638 = CARTESIAN_POINT ( 'NONE',  ( 1.249999999999999334, 0.05000000000000000278, 0.8000000000000003775 ) ) ;
#1639 = CARTESIAN_POINT ( 'NONE',  ( 1.814999999999999725, 1.464999999999999858, 1.450000000000000622 ) ) ;
#1640 = CARTESIAN_POINT ( 'NONE',  ( 0.000000000000000000, 1.500000000000000000, 0.4999999999999997780 ) ) ;
#1641 = CIRCLE ( 'NONE', #4903, 0.05000000000000002359 ) ;
#1642 = EDGE_LOOP ( 'NONE', ( #1685, #4219, #3162, #2892 ) ) ;
#1643 = DIRECTION ( 'NONE',  ( 0.000000000000000000, 0.000000000000000000, 1.000000000000000000 ) ) ;
#1644 = EDGE_LOOP ( 'NONE', ( #5773, #3669, #3932, #1366 ) ) ;
#1645 = EDGE_CURVE ( 'NONE', #376, #3994, #3558, .T. ) ;
#1646 = EDGE_CURVE ( 'NONE', #7386, #3686, #2974, .T. ) ;
#1647 = VERTEX_POINT ( 'NONE', #6544 ) ;
#1648 = CIRCLE ( 'NONE', #7097, 0.07499999999999998335 ) ;
#1649 = AXIS2_PLACEMENT_3D ( 'NONE', #3232, #6210, #4003 ) ;
#1650 = PLANE ( 'NONE',  #8626 ) ;
#1651 = EDGE_CURVE ( 'NONE', #8393, #8911, #6246, .T. ) ;
#1652 = ADVANCED_FACE ( 'NONE', ( #2923 ), #5908, .F. ) ;
#1653 = LINE ( 'NONE', #145, #8276 ) ;
#1654 = CARTESIAN_POINT ( 'NONE',  ( 1.324999999999999956, 1.500000000000000000, -0.5100000000000003419 ) ) ;
#1655 = ORIENTED_EDGE ( 'NONE', *, *, #4543, .T. ) ;
#1656 = CARTESIAN_POINT ( 'NONE',  ( 3.100000000000000533, 0.000000000000000000, 1.414999999999999813 ) ) ;
#1657 = ORIENTED_EDGE ( 'NONE', *, *, #3078, .T. ) ;
#1658 = VECTOR ( 'NONE', #7991, 1000.000000000000000 ) ;
#1659 = CARTESIAN_POINT ( 'NONE',  ( -1.704999999999999849, 1.324999999999999956, 0.3500000000000000888 ) ) ;
#1660 = ORIENTED_EDGE ( 'NONE', *, *, #5094, .F. ) ;
#1661 = ADVANCED_FACE ( 'NONE', ( #1520 ), #3069, .F. ) ;
#1662 = VECTOR ( 'NONE', #4928, 1000.000000000000000 ) ;
#1663 = CARTESIAN_POINT ( 'NONE',  ( 3.100000000000000533, 0.05000000000000000278, 1.414999999999999813 ) ) ;
#1664 = EDGE_CURVE ( 'NONE', #8836, #6553, #1267, .T. ) ;
#1665 = SURFACE_STYLE_FILL_AREA ( #3109 ) ;
#1666 = ORIENTED_EDGE ( 'NONE', *, *, #7783, .F. ) ;
#1667 = LINE ( 'NONE', #4037, #1289 ) ;
#1668 = VECTOR ( 'NONE', #5617, 1000.000000000000000 ) ;
#1669 = EDGE_CURVE ( 'NONE', #9590, #6405, #5298, .T. ) ;
#1670 = ORIENTED_EDGE ( 'NONE', *, *, #6546, .F. ) ;
#1671 = LINE ( 'NONE', #5752, #8524 ) ;
#1672 = VERTEX_POINT ( 'NONE', #3167 ) ;
#1673 = VERTEX_POINT ( 'NONE', #5312 ) ;
#1674 = CARTESIAN_POINT ( 'NONE',  ( 1.885000000000000009, 0.2000000000000000944, 1.479999999999999760 ) ) ;
#1675 = CARTESIAN_POINT ( 'NONE',  ( -1.750000000000000444, 0.05000000000000000278, 1.300000000000000266 ) ) ;
#1676 = STYLED_ITEM ( 'NONE', ( #5843 ), #7120 ) ;
#1677 = CARTESIAN_POINT ( 'NONE',  ( 1.000000000000020872, 0.05000000000000000278, -1.299999999999999600 ) ) ;
#1678 = EDGE_LOOP ( 'NONE', ( #8210, #2804, #5985, #4662 ) ) ;
#1679 = CARTESIAN_POINT ( 'NONE',  ( -1.750000000000000444, 0.05000000000000000278, 0.8000000000000003775 ) ) ;
#1680 = CARTESIAN_POINT ( 'NONE',  ( 1.814999999999999725, 1.500000000000000000, -1.449999999999999734 ) ) ;
#1681 = VECTOR ( 'NONE', #6694, 1000.000000000000000 ) ;
#1682 = LINE ( 'NONE', #6164, #7116 ) ;
#1683 = ORIENTED_EDGE ( 'NONE', *, *, #4329, .T. ) ;
#1684 = PRESENTATION_STYLE_ASSIGNMENT (( #7587 ) ) ;
#1685 = ORIENTED_EDGE ( 'NONE', *, *, #6905, .F. ) ;
#1686 = CARTESIAN_POINT ( 'NONE',  ( 2.900000000000001243, 0.05000000000000000278, -0.2499999999999980571 ) ) ;
#1687 = ORIENTED_EDGE ( 'NONE', *, *, #9159, .F. ) ;
#1688 = AXIS2_PLACEMENT_3D ( 'NONE', #705, #5771, #7390 ) ;
#1689 = DIRECTION ( 'NONE',  ( 0.000000000000000000, 0.000000000000000000, 1.000000000000000000 ) ) ;
#1690 = FACE_OUTER_BOUND ( 'NONE', #4569, .T. ) ;
#1691 = AXIS2_PLACEMENT_3D ( 'NONE', #74, #3032, #8204 ) ;
#1692 = DIRECTION ( 'NONE',  ( 8.673617379884035472E-16, -0.000000000000000000, 1.000000000000000000 ) ) ;
#1693 = LINE ( 'NONE', #3925, #343 ) ;
#1694 = EDGE_LOOP ( 'NONE', ( #4610, #8306, #1683, #5878 ) ) ;
#1695 = LINE ( 'NONE', #8467, #8173 ) ;
#1696 = FILL_AREA_STYLE ('',( #190 ) ) ;
#1697 = ORIENTED_EDGE ( 'NONE', *, *, #6644, .F. ) ;
#1698 = VECTOR ( 'NONE', #4294, 1000.000000000000000 ) ;
#1699 = LINE ( 'NONE', #2530, #4559 ) ;
#1700 = EDGE_CURVE ( 'NONE', #8426, #2524, #155, .T. ) ;
#1701 = LINE ( 'NONE', #6379, #296 ) ;
#1702 = VERTEX_POINT ( 'NONE', #6981 ) ;
#1703 = DIRECTION ( 'NONE',  ( 0.000000000000000000, 0.000000000000000000, 1.000000000000000000 ) ) ;
#1704 = ORIENTED_EDGE ( 'NONE', *, *, #8188, .F. ) ;
#1705 =( GEOMETRIC_REPRESENTATION_CONTEXT ( 3 ) GLOBAL_UNCERTAINTY_ASSIGNED_CONTEXT ( ( #7885 ) ) GLOBAL_UNIT_ASSIGNED_CONTEXT ( ( #7464, #7276, #2094 ) ) REPRESENTATION_CONTEXT ( 'NONE', 'WORKASPACE' ) );
#1706 = CARTESIAN_POINT ( 'NONE',  ( 1.885000000000000009, 1.464999999999999858, 1.450000000000000622 ) ) ;
#1707 = EDGE_LOOP ( 'NONE', ( #7930, #7321, #715, #3520 ) ) ;
#1708 = PLANE ( 'NONE',  #3728 ) ;
#1709 = ADVANCED_FACE ( 'NONE', ( #7714 ), #1714, .F. ) ;
#1710 =( NAMED_UNIT ( * ) SI_UNIT ( $, .STERADIAN. ) SOLID_ANGLE_UNIT ( ) );
#1711 = ORIENTED_EDGE ( 'NONE', *, *, #9373, .T. ) ;
#1712 = CLOSED_SHELL ( 'NONE', ( #6713, #5522, #169, #4781, #6433, #6609, #3020, #3408, #5472, #3055, #4811, #8787, #5949, #4865, #1528, #5106, #3000, #3178, #7967, #6965, #3142, #5706, #8845, #2074, #7137, #1709, #9554, #586, #1422, #3823, #4028, #289, #6239, #7150, #2654, #2054, #3715, #8670, #7914, #810, #7838, #3484, #751, #96, #5024, #7681, #512, #1846, #4619, #7202, #8091, #1248, #3376, #1134, #5639, #1420, #5807, #9602, #7779, #5409, #9545, #3434, #6310, #5714, #6426, #7860, #3554, #1661, #3604, #8398, #6347, #8904, #7082, #6557, #1762, #2181 ) ) ;
#1713 = CARTESIAN_POINT ( 'NONE',  ( -0.6050000000000004263, 1.464999999999999636, -0.4500000000000003997 ) ) ;
#1714 = PLANE ( 'NONE',  #177 ) ;
#1715 = ADVANCED_FACE ( 'NONE', ( #1616 ), #6050, .F. ) ;
#1716 = EDGE_CURVE ( 'NONE', #7810, #564, #5464, .T. ) ;
#1717 = ORIENTED_EDGE ( 'NONE', *, *, #2959, .T. ) ;
#1718 = ORIENTED_EDGE ( 'NONE', *, *, #8089, .F. ) ;
#1719 = ORIENTED_EDGE ( 'NONE', *, *, #6250, .T. ) ;
#1720 = DIRECTION ( 'NONE',  ( 0.000000000000000000, 0.000000000000000000, 1.000000000000000000 ) ) ;
#1721 = EDGE_CURVE ( 'NONE', #1863, #2719, #300, .T. ) ;
#1722 = CLOSED_SHELL ( 'NONE', ( #644, #5961, #4272, #8851, #1546, #1834 ) ) ;
#1723 = EDGE_CURVE ( 'NONE', #9255, #1138, #4668, .T. ) ;
#1724 = DIRECTION ( 'NONE',  ( -1.000000000000000000, 0.000000000000000000, 0.000000000000000000 ) ) ;
#1725 = VERTEX_POINT ( 'NONE', #5263 ) ;
#1726 = AXIS2_PLACEMENT_3D ( 'NONE', #4339, #8821, #7379 ) ;
#1728 = VECTOR ( 'NONE', #5115, 1000.000000000000000 ) ;
#1727 = LINE ( 'NONE', #5372, #8992 ) ;
#1729 = CARTESIAN_POINT ( 'NONE',  ( 2.900000000000001243, 0.05000000000000000278, -0.2499999999999980571 ) ) ;
#1730 = DIRECTION ( 'NONE',  ( 0.000000000000000000, 1.000000000000000000, 0.000000000000000000 ) ) ;
#1731 = ORIENTED_EDGE ( 'NONE', *, *, #6599, .F. ) ;
#1732 = SURFACE_STYLE_FILL_AREA ( #5572 ) ;
#1733 = ORIENTED_EDGE ( 'NONE', *, *, #2900, .T. ) ;
#1734 = AXIS2_PLACEMENT_3D ( 'NONE', #6938, #5477, #7041 ) ;
#1735 = DIRECTION ( 'NONE',  ( -8.673617379884035472E-16, 0.000000000000000000, -1.000000000000000000 ) ) ;
#1736 = VERTEX_POINT ( 'NONE', #9009 ) ;
#1737 = AXIS2_PLACEMENT_3D ( 'NONE', #6726, #2280, #2134 ) ;
#1738 = CARTESIAN_POINT ( 'NONE',  ( 1.749999999999999334, 0.000000000000000000, -1.414999999999999369 ) ) ;
#1739 = CARTESIAN_POINT ( 'NONE',  ( -0.5000000000000004441, 0.05000000000000000278, 1.300000000000000266 ) ) ;
#1740 = AXIS2_PLACEMENT_3D ( 'NONE', #6254, #9161, #5514 ) ;
#1741 = VECTOR ( 'NONE', #5189, 1000.000000000000000 ) ;
#1742 = ORIENTED_EDGE ( 'NONE', *, *, #9036, .F. ) ;
#1743 = FACE_OUTER_BOUND ( 'NONE', #3956, .T. ) ;
#1744 = ORIENTED_EDGE ( 'NONE', *, *, #8387, .T. ) ;
#1745 = CARTESIAN_POINT ( 'NONE',  ( 1.814999999999999725, 1.464999999999999858, -1.379999999999999671 ) ) ;
#1746 = ORIENTED_EDGE ( 'NONE', *, *, #8326, .T. ) ;
#1747 = VECTOR ( 'NONE', #185, 1000.000000000000000 ) ;
#1748 = CARTESIAN_POINT ( 'NONE',  ( 0.03701609466424640033, 1.449999999999999734, -0.4500000000000003997 ) ) ;
#1749 = DIRECTION ( 'NONE',  ( -0.000000000000000000, -1.000000000000000000, -0.000000000000000000 ) ) ;
#1750 = DIRECTION ( 'NONE',  ( -0.000000000000000000, -0.000000000000000000, 1.000000000000000000 ) ) ;
#1751 = CARTESIAN_POINT ( 'NONE',  ( 2.900000000000001243, 0.000000000000000000, 0.2500000000000019429 ) ) ;
#1752 = ORIENTED_EDGE ( 'NONE', *, *, #3006, .F. ) ;
#1753 = CARTESIAN_POINT ( 'NONE',  ( -3.130000000000000338, 1.464999999999999858, 1.444999999999999396 ) ) ;
#1754 = ORIENTED_EDGE ( 'NONE', *, *, #8492, .F. ) ;
#1755 = ORIENTED_EDGE ( 'NONE', *, *, #5818, .T. ) ;
#1756 = DIRECTION ( 'NONE',  ( -0.000000000000000000, 0.000000000000000000, 1.000000000000000000 ) ) ;
#1757 = SURFACE_STYLE_USAGE ( .BOTH. , #2442 ) ;
#1758 = ORIENTED_EDGE ( 'NONE', *, *, #6072, .F. ) ;
#1759 = DIRECTION ( 'NONE',  ( -0.000000000000000000, 0.000000000000000000, 1.000000000000000000 ) ) ;
#1760 = VECTOR ( 'NONE', #5991, 1000.000000000000000 ) ;
#1761 = DIRECTION ( 'NONE',  ( 0.000000000000000000, -1.000000000000000000, 0.000000000000000000 ) ) ;
#1762 = ADVANCED_FACE ( 'NONE', ( #4571 ), #3997, .F. ) ;
#1763 = DIRECTION ( 'NONE',  ( 0.000000000000000000, 0.000000000000000000, 1.000000000000000000 ) ) ;
#1764 = VERTEX_POINT ( 'NONE', #936 ) ;
#1765 = FILL_AREA_STYLE ('',( #8392 ) ) ;
#1766 = ORIENTED_EDGE ( 'NONE', *, *, #1465, .T. ) ;
#1767 = ORIENTED_EDGE ( 'NONE', *, *, #110, .F. ) ;
#1768 = DIRECTION ( 'NONE',  ( -1.000000000000000000, 0.000000000000000000, -0.000000000000000000 ) ) ;
#1769 = CARTESIAN_POINT ( 'NONE',  ( 2.620000000000000107, 1.350000000000000089, -0.3000000000000002665 ) ) ;
#1770 = EDGE_CURVE ( 'NONE', #8318, #8718, #7647, .T. ) ;
#1771 = CARTESIAN_POINT ( 'NONE',  ( 0.2500000000000214828, 0.05000000000000000278, -1.414999999999999813 ) ) ;
#1772 = EDGE_CURVE ( 'NONE', #4302, #7386, #2446, .T. ) ;
#1773 = EDGE_CURVE ( 'NONE', #3217, #6068, #6791, .T. ) ;
#1774 = CARTESIAN_POINT ( 'NONE',  ( -1.947500000000000009, 1.500000000000000000, -0.1424999999999998768 ) ) ;
#1775 = DIRECTION ( 'NONE',  ( -0.000000000000000000, 1.000000000000000000, -0.000000000000000000 ) ) ;
#1776 = EDGE_CURVE ( 'NONE', #400, #2407, #6710, .T. ) ;
#1777 = DIRECTION ( 'NONE',  ( 8.673617379884035472E-16, -0.000000000000000000, 1.000000000000000000 ) ) ;
#1778 = DIRECTION ( 'NONE',  ( 0.1993679344171940815, -0.9799247046208302558, 0.000000000000000000 ) ) ;
#1779 = ORIENTED_EDGE ( 'NONE', *, *, #6317, .F. ) ;
#1780 = CARTESIAN_POINT ( 'NONE',  ( 1.945000000000000062, 1.350000000000000089, 0.4249999999999998224 ) ) ;
#1781 = EDGE_LOOP ( 'NONE', ( #7832, #2666, #2022, #4211 ) ) ;
#1782 = DIRECTION ( 'NONE',  ( 8.673617379884035472E-16, -0.000000000000000000, 1.000000000000000000 ) ) ;
#1783 = LINE ( 'NONE', #2368, #5056 ) ;
#1784 = DIRECTION ( 'NONE',  ( 0.000000000000000000, 0.000000000000000000, 1.000000000000000000 ) ) ;
#1785 = EDGE_LOOP ( 'NONE', ( #7296, #6735, #6461, #4462 ) ) ;
#1786 = EDGE_CURVE ( 'NONE', #9062, #3671, #6927, .T. ) ;
#1787 = LINE ( 'NONE', #8446, #4757 ) ;
#1788 = CARTESIAN_POINT ( 'NONE',  ( 2.900000000000001243, 0.05000000000000000278, 0.2500000000000019429 ) ) ;
#1789 = CARTESIAN_POINT ( 'NONE',  ( -3.102500000000000036, 1.439999999999999947, -1.399999999999999245 ) ) ;
#1790 = PLANE ( 'NONE',  #4530 ) ;
#1791 = ORIENTED_EDGE ( 'NONE', *, *, #1664, .T. ) ;
#1792 = DIRECTION ( 'NONE',  ( 0.000000000000000000, 1.000000000000000000, 0.000000000000000000 ) ) ;
#1793 = AXIS2_PLACEMENT_3D ( 'NONE', #3223, #5463, #6202 ) ;
#1794 = ORIENTED_EDGE ( 'NONE', *, *, #5825, .F. ) ;
#1795 = CARTESIAN_POINT ( 'NONE',  ( -1.999999999999978684, 0.05000000000000000278, -0.7999999999999994893 ) ) ;
#1796 =( LENGTH_UNIT ( ) NAMED_UNIT ( * ) SI_UNIT ( .MILLI., .METRE. ) );
#1797 = ORIENTED_EDGE ( 'NONE', *, *, #8789, .F. ) ;
#1798 = DIRECTION ( 'NONE',  ( 0.000000000000000000, -1.000000000000000000, 0.000000000000000000 ) ) ;
#1799 = VECTOR ( 'NONE', #7986, 1000.000000000000000 ) ;
#1800 = LINE ( 'NONE', #7746, #3741 ) ;
#1801 = CARTESIAN_POINT ( 'NONE',  ( -1.157999999999999696, 0.05000000000000000278, 0.6000000000000000888 ) ) ;
#1802 = DIRECTION ( 'NONE',  ( -0.000000000000000000, -1.000000000000000000, -0.000000000000000000 ) ) ;
#1803 = CARTESIAN_POINT ( 'NONE',  ( 0.000000000000000000, 1.464999999999999858, 0.000000000000000000 ) ) ;
#1804 = CARTESIAN_POINT ( 'NONE',  ( 0.9300000000000000488, 1.164999999999999813, -0.4500000000000003997 ) ) ;
#1805 = ORIENTED_EDGE ( 'NONE', *, *, #4329, .F. ) ;
#1806 = CARTESIAN_POINT ( 'NONE',  ( 2.500000000000000000, 0.000000000000000000, 1.300000000000000266 ) ) ;
#1807 = DIRECTION ( 'NONE',  ( -1.000000000000000000, 0.000000000000000000, -0.000000000000000000 ) ) ;
#1808 = VECTOR ( 'NONE', #6260, 1000.000000000000000 ) ;
#1809 = CARTESIAN_POINT ( 'NONE',  ( 1.885000000000000009, 0.2000000000000000944, -1.479999999999999760 ) ) ;
#1810 = ORIENTED_EDGE ( 'NONE', *, *, #2360, .T. ) ;
#1811 = CARTESIAN_POINT ( 'NONE',  ( 0.000000000000000000, 0.2000000000000000944, -1.514999999999999902 ) ) ;
#1812 = VECTOR ( 'NONE', #2717, 1000.000000000000000 ) ;
#1813 = CIRCLE ( 'NONE', #5548, 0.03500000000000009354 ) ;
#1814 = LINE ( 'NONE', #8979, #5959 ) ;
#1815 = ORIENTED_EDGE ( 'NONE', *, *, #3137, .F. ) ;
#1816 = ORIENTED_EDGE ( 'NONE', *, *, #3265, .T. ) ;
#1817 = ORIENTED_EDGE ( 'NONE', *, *, #1301, .F. ) ;
#1818 = PLANE ( 'NONE',  #5856 ) ;
#1819 = COLOUR_RGB ( '',1.000000000000000000, 0.8117647058823529438, 0.5019607843137254832 ) ;
#1820 = VECTOR ( 'NONE', #9405, 1000.000000000000000 ) ;
#1821 = DIRECTION ( 'NONE',  ( 0.000000000000000000, -1.000000000000000000, 0.000000000000000000 ) ) ;
#1822 = LINE ( 'NONE', #4783, #3126 ) ;
#1823 = EDGE_CURVE ( 'NONE', #4096, #2238, #7518, .T. ) ;
#1824 = DIRECTION ( 'NONE',  ( 0.000000000000000000, 0.000000000000000000, 1.000000000000000000 ) ) ;
#1825 = ORIENTED_EDGE ( 'NONE', *, *, #3492, .F. ) ;
#1826 = PRESENTATION_LAYER_ASSIGNMENT (  '', '', ( #1676 ) ) ;
#1827 = DIRECTION ( 'NONE',  ( -1.000000000000000000, 0.000000000000000000, 0.000000000000000000 ) ) ;
#1828 = ORIENTED_EDGE ( 'NONE', *, *, #9418, .F. ) ;
#1829 = FACE_OUTER_BOUND ( 'NONE', #5001, .T. ) ;
#1830 = EDGE_LOOP ( 'NONE', ( #1537, #5901, #1600, #3628 ) ) ;
#1831 = EDGE_CURVE ( 'NONE', #3025, #5721, #4177, .T. ) ;
#1832 = VECTOR ( 'NONE', #6554, 1000.000000000000000 ) ;
#1833 = CARTESIAN_POINT ( 'NONE',  ( 2.900000000000001243, 0.05000000000000000278, 0.2500000000000019429 ) ) ;
#1834 = ADVANCED_FACE ( 'NONE', ( #6298 ), #497, .T. ) ;
#1835 = DIRECTION ( 'NONE',  ( 1.000000000000000000, -0.000000000000000000, -0.000000000000000000 ) ) ;
#1836 = ADVANCED_FACE ( 'NONE', ( #7896 ), #7167, .F. ) ;
#1837 = CARTESIAN_POINT ( 'NONE',  ( -2.499999999999978684, 0.05000000000000000278, -0.7999999999999997113 ) ) ;
#1838 = ORIENTED_EDGE ( 'NONE', *, *, #1009, .F. ) ;
#1839 = DIRECTION ( 'NONE',  ( 0.000000000000000000, 1.000000000000000000, -0.000000000000000000 ) ) ;
#1840 = VERTEX_POINT ( 'NONE', #7027 ) ;
#1841 = VECTOR ( 'NONE', #6854, 1000.000000000000000 ) ;
#1842 = CARTESIAN_POINT ( 'NONE',  ( -0.2499999999999785449, 0.05000000000000000278, -0.7999999999999997113 ) ) ;
#1843 = DIRECTION ( 'NONE',  ( 1.000000000000000000, -0.000000000000000000, 4.336808689942017736E-16 ) ) ;
#1844 = ADVANCED_FACE ( 'NONE', ( #3446 ), #4772, .F. ) ;
#1845 = ORIENTED_EDGE ( 'NONE', *, *, #5888, .T. ) ;
#1846 = ADVANCED_FACE ( 'NONE', ( #5512 ), #2727, .F. ) ;
#1847 = DIRECTION ( 'NONE',  ( 0.000000000000000000, 0.000000000000000000, 1.000000000000000000 ) ) ;
#1848 = VECTOR ( 'NONE', #8350, 1000.000000000000000 ) ;
#1849 = LINE ( 'NONE', #8786, #2970 ) ;
#1850 = DIRECTION ( 'NONE',  ( 0.000000000000000000, 0.000000000000000000, 1.000000000000000000 ) ) ;
#1851 = FACE_OUTER_BOUND ( 'NONE', #6019, .T. ) ;
#1852 = CARTESIAN_POINT ( 'NONE',  ( -3.102500000000000036, 1.464999999999999858, -0.6599999999999995870 ) ) ;
#1853 = ORIENTED_EDGE ( 'NONE', *, *, #8245, .F. ) ;
#1854 = LINE ( 'NONE', #6974, #6200 ) ;
#1855 = CARTESIAN_POINT ( 'NONE',  ( -0.7500000000000002220, 1.500000000000000000, 0.7099999999999992983 ) ) ;
#1856 = DIRECTION ( 'NONE',  ( 0.000000000000000000, 0.000000000000000000, -1.000000000000000000 ) ) ;
#1857 = PLANE ( 'NONE',  #9535 ) ;
#1858 = DIRECTION ( 'NONE',  ( 8.673617379884035472E-16, -0.000000000000000000, 1.000000000000000000 ) ) ;
#1859 = CARTESIAN_POINT ( 'NONE',  ( 2.000000000000021760, 0.05000000000000000278, -0.7999999999999997113 ) ) ;
#1860 = VERTEX_POINT ( 'NONE', #7074 ) ;
#1861 = CARTESIAN_POINT ( 'NONE',  ( 0.4999999999999995559, 0.000000000000000000, -1.414999999999999369 ) ) ;
#1862 = ORIENTED_EDGE ( 'NONE', *, *, #3657, .T. ) ;
#1863 = VERTEX_POINT ( 'NONE', #1091 ) ;
#1864 = CARTESIAN_POINT ( 'NONE',  ( 2.499999999999999556, 0.05000000000000000278, 0.8000000000000003775 ) ) ;
#1865 = CARTESIAN_POINT ( 'NONE',  ( 1.250000000000021094, 0.05000000000000000278, -0.7999999999999997113 ) ) ;
#1866 = CARTESIAN_POINT ( 'NONE',  ( 0.000000000000000000, 0.000000000000000000, 0.6499999999999996891 ) ) ;
#1867 = VERTEX_POINT ( 'NONE', #6437 ) ;
#1868 = ORIENTED_EDGE ( 'NONE', *, *, #7566, .T. ) ;
#1869 = DIRECTION ( 'NONE',  ( -8.673617379884035472E-16, 0.000000000000000000, -1.000000000000000000 ) ) ;
#1870 = DIRECTION ( 'NONE',  ( 0.000000000000000000, 0.000000000000000000, -1.000000000000000000 ) ) ;
#1871 = ORIENTED_EDGE ( 'NONE', *, *, #7536, .F. ) ;
#1872 = EDGE_CURVE ( 'NONE', #8792, #5681, #6342, .T. ) ;
#1873 = CIRCLE ( 'NONE', #6099, 0.07499999999999998335 ) ;
#1874 = CARTESIAN_POINT ( 'NONE',  ( 2.500000000000000000, 0.000000000000000000, 1.300000000000000266 ) ) ;
#1875 = DIRECTION ( 'NONE',  ( 0.000000000000000000, -1.000000000000000000, 0.000000000000000000 ) ) ;
#1876 = LINE ( 'NONE', #3923, #7099 ) ;
#1877 = DIRECTION ( 'NONE',  ( -8.673617379884035472E-16, 0.000000000000000000, -1.000000000000000000 ) ) ;
#1878 = EDGE_CURVE ( 'NONE', #8987, #8201, #2545, .T. ) ;
#1879 = CARTESIAN_POINT ( 'NONE',  ( 3.125000000000000000, 0.2000000000000000944, 1.439999999999999947 ) ) ;
#1880 = VERTEX_POINT ( 'NONE', #350 ) ;
#1881 = CARTESIAN_POINT ( 'NONE',  ( 1.814999999999999725, 1.500000000000000000, 1.415000000000000480 ) ) ;
#1882 = VECTOR ( 'NONE', #1539, 1000.000000000000000 ) ;
#1883 = AXIS2_PLACEMENT_3D ( 'NONE', #4267, #3476, #6467 ) ;
#1884 = ORIENTED_EDGE ( 'NONE', *, *, #3311, .T. ) ;
#1885 = PLANE ( 'NONE',  #1020 ) ;
#1886 = LINE ( 'NONE', #9370, #1428 ) ;
#1887 = VERTEX_POINT ( 'NONE', #1992 ) ;
#1888 = EDGE_CURVE ( 'NONE', #4326, #5895, #5602, .T. ) ;
#1889 = EDGE_CURVE ( 'NONE', #7284, #5150, #1279, .T. ) ;
#1890 = DIRECTION ( 'NONE',  ( 0.000000000000000000, 0.000000000000000000, 1.000000000000000000 ) ) ;
#1891 = AXIS2_PLACEMENT_3D ( 'NONE', #9119, #7680, #2557 ) ;
#1892 = VECTOR ( 'NONE', #8842, 1000.000000000000000 ) ;
#1893 = LINE ( 'NONE', #4859, #6877 ) ;
#1894 = DIRECTION ( 'NONE',  ( -1.000000000000000000, 0.000000000000000000, -0.000000000000000000 ) ) ;
#1895 = DIRECTION ( 'NONE',  ( 0.000000000000000000, -1.000000000000000000, 0.000000000000000000 ) ) ;
#1896 = EDGE_CURVE ( 'NONE', #6339, #7033, #1461, .T. ) ;
#1897 = EDGE_CURVE ( 'NONE', #7630, #6228, #734, .T. ) ;
#1898 = FACE_OUTER_BOUND ( 'NONE', #1503, .T. ) ;
#1899 = ORIENTED_EDGE ( 'NONE', *, *, #1355, .F. ) ;
#1900 = ORIENTED_EDGE ( 'NONE', *, *, #7064, .F. ) ;
#1901 = AXIS2_PLACEMENT_3D ( 'NONE', #5741, #7992, #7357 ) ;
#1902 = CARTESIAN_POINT ( 'NONE',  ( 0.4999999999999995559, 0.000000000000000000, 0.8000000000000003775 ) ) ;
#1903 = VECTOR ( 'NONE', #7877, 1000.000000000000000 ) ;
#1904 = FACE_OUTER_BOUND ( 'NONE', #2329, .T. ) ;
#1905 = FACE_OUTER_BOUND ( 'NONE', #838, .T. ) ;
#1906 = LINE ( 'NONE', #1713, #73 ) ;
#1907 = DIRECTION ( 'NONE',  ( 0.000000000000000000, -0.000000000000000000, -1.000000000000000000 ) ) ;
#1908 = EDGE_CURVE ( 'NONE', #888, #9606, #6629, .T. ) ;
#1909 = PLANE ( 'NONE',  #2536 ) ;
#1910 = EDGE_LOOP ( 'NONE', ( #8139, #3452, #1436, #8796 ) ) ;
#1911 = DIRECTION ( 'NONE',  ( 0.000000000000000000, 0.000000000000000000, 1.000000000000000000 ) ) ;
#1912 = EDGE_LOOP ( 'NONE', ( #4842, #9115, #4723, #8381 ) ) ;
#1913 = ORIENTED_EDGE ( 'NONE', *, *, #8508, .T. ) ;
#1914 = VECTOR ( 'NONE', #5804, 999.9999999999998863 ) ;
#1915 = CARTESIAN_POINT ( 'NONE',  ( 0.2499999999999997780, 0.000000000000000000, 1.300000000000000266 ) ) ;
#1916 = FACE_OUTER_BOUND ( 'NONE', #7955, .T. ) ;
#1917 = CARTESIAN_POINT ( 'NONE',  ( 0.000000000000000000, 0.000000000000000000, 0.000000000000000000 ) ) ;
#1918 = VECTOR ( 'NONE', #6964, 1000.000000000000000 ) ;
#1919 = ORIENTED_EDGE ( 'NONE', *, *, #8035, .F. ) ;
#1920 = ORIENTED_EDGE ( 'NONE', *, *, #2001, .T. ) ;
#1921 = PLANE ( 'NONE',  #9556 ) ;
#1922 = ORIENTED_EDGE ( 'NONE', *, *, #4150, .T. ) ;
#1923 = VERTEX_POINT ( 'NONE', #8812 ) ;
#1924 = FACE_OUTER_BOUND ( 'NONE', #7740, .T. ) ;
#1925 = PLANE ( 'NONE',  #8340 ) ;
#1926 = FACE_OUTER_BOUND ( 'NONE', #1553, .T. ) ;
#1927 = VERTEX_POINT ( 'NONE', #779 ) ;
#1928 = ORIENTED_EDGE ( 'NONE', *, *, #7008, .F. ) ;
#1929 = DIRECTION ( 'NONE',  ( 0.000000000000000000, -1.000000000000000000, 0.000000000000000000 ) ) ;
#1930 = ORIENTED_EDGE ( 'NONE', *, *, #7667, .T. ) ;
#1931 = DIRECTION ( 'NONE',  ( 0.000000000000000000, 0.000000000000000000, 1.000000000000000000 ) ) ;
#1932 = LINE ( 'NONE', #528, #9483 ) ;
#1933 = VERTEX_POINT ( 'NONE', #3544 ) ;
#1934 = DIRECTION ( 'NONE',  ( 0.000000000000000000, 0.000000000000000000, 1.000000000000000000 ) ) ;
#1935 = UNCERTAINTY_MEASURE_WITH_UNIT (LENGTH_MEASURE( 1.000000000000000082E-05 ), #6431, 'distance_accuracy_value', 'NONE');
#1936 = LINE ( 'NONE', #8567, #332 ) ;
#1937 = AXIS2_PLACEMENT_3D ( 'NONE', #7449, #8799, #2122 ) ;
#1938 = DIRECTION ( 'NONE',  ( -1.000000000000000000, 0.000000000000000000, 0.000000000000000000 ) ) ;
#1939 = ADVANCED_FACE ( 'NONE', ( #8858 ), #8048, .F. ) ;
#1940 = CARTESIAN_POINT ( 'NONE',  ( 0.9999999999999995559, 0.05000000000000000278, 1.300000000000000266 ) ) ;
#1941 = ADVANCED_FACE ( 'NONE', ( #7315 ), #589, .T. ) ;
#1942 = ORIENTED_EDGE ( 'NONE', *, *, #8551, .F. ) ;
#1943 = CARTESIAN_POINT ( 'NONE',  ( 1.949999999999999956, 0.2000000000000000944, -1.414999999999999813 ) ) ;
#1944 = DIRECTION ( 'NONE',  ( 0.000000000000000000, 0.000000000000000000, 1.000000000000000000 ) ) ;
#1945 = ADVANCED_FACE ( 'NONE', ( #8765 ), #2913, .T. ) ;
#1946 = EDGE_CURVE ( 'NONE', #6876, #4902, #2085, .T. ) ;
#1947 = DIRECTION ( 'NONE',  ( 0.000000000000000000, 0.000000000000000000, 1.000000000000000000 ) ) ;
#1948 = EDGE_CURVE ( 'NONE', #5420, #9092, #2771, .T. ) ;
#1949 = CARTESIAN_POINT ( 'NONE',  ( 2.000000000000021760, 0.000000000000000000, -0.7999999999999997113 ) ) ;
#1950 = EDGE_CURVE ( 'NONE', #7080, #8152, #2232, .T. ) ;
#1951 = VERTEX_POINT ( 'NONE', #8180 ) ;
#1952 = VECTOR ( 'NONE', #8680, 1000.000000000000000 ) ;
#1953 = DIRECTION ( 'NONE',  ( 1.000000000000000000, -0.000000000000000000, -0.000000000000000000 ) ) ;
#1954 = ORIENTED_EDGE ( 'NONE', *, *, #471, .F. ) ;
#1955 = CYLINDRICAL_SURFACE ( 'NONE', #8572, 0.05000000000000002359 ) ;
#1956 = LINE ( 'NONE', #4969, #1077 ) ;
#1957 = DIRECTION ( 'NONE',  ( -1.000000000000000000, 0.000000000000000000, 2.506825832336425562E-16 ) ) ;
#1958 = DIRECTION ( 'NONE',  ( 0.000000000000000000, 0.000000000000000000, -1.000000000000000000 ) ) ;
#1959 = EDGE_CURVE ( 'NONE', #7324, #5355, #5058, .T. ) ;
#1960 = CARTESIAN_POINT ( 'NONE',  ( -2.000000000000000888, 0.000000000000000000, 0.8000000000000003775 ) ) ;
#1961 = VECTOR ( 'NONE', #183, 1000.000000000000000 ) ;
#1962 = FACE_BOUND ( 'NONE', #7465, .T. ) ;
#1963 = CARTESIAN_POINT ( 'NONE',  ( 2.000000000000021760, 0.05000000000000000278, -0.7999999999999997113 ) ) ;
#1964 = DIRECTION ( 'NONE',  ( -0.000000000000000000, 1.000000000000000000, -0.000000000000000000 ) ) ;
#1965 = DIRECTION ( 'NONE',  ( -1.000000000000000000, 0.000000000000000000, 0.000000000000000000 ) ) ;
#1966 = ORIENTED_EDGE ( 'NONE', *, *, #2830, .T. ) ;
#1967 = ORIENTED_EDGE ( 'NONE', *, *, #3464, .T. ) ;
#1968 = VECTOR ( 'NONE', #6314, 1000.000000000000000 ) ;
#1969 = AXIS2_PLACEMENT_3D ( 'NONE', #131, #8308, #7593 ) ;
#1970 = DIRECTION ( 'NONE',  ( 1.000000000000000000, 0.000000000000000000, 0.000000000000000000 ) ) ;
#1971 = VERTEX_POINT ( 'NONE', #2137 ) ;
#1972 = EDGE_LOOP ( 'NONE', ( #6181, #1666, #8782, #6978 ) ) ;
#1973 = LINE ( 'NONE', #4895, #4949 ) ;
#1974 = DIRECTION ( 'NONE',  ( -1.000000000000000000, -0.000000000000000000, -0.000000000000000000 ) ) ;
#1975 = EDGE_LOOP ( 'NONE', ( #2131, #1505, #7420, #8190 ) ) ;
#1976 = EDGE_LOOP ( 'NONE', ( #9614, #3869, #7765, #4741 ) ) ;
#1977 = DIRECTION ( 'NONE',  ( -1.000000000000000000, 0.000000000000000000, 0.000000000000000000 ) ) ;
#1978 = VERTEX_POINT ( 'NONE', #1509 ) ;
#1979 = DIRECTION ( 'NONE',  ( -0.000000000000000000, 1.000000000000000000, -0.000000000000000000 ) ) ;
#1980 = LINE ( 'NONE', #5000, #3117 ) ;
#1981 = ORIENTED_EDGE ( 'NONE', *, *, #5645, .T. ) ;
#1982 = CARTESIAN_POINT ( 'NONE',  ( -3.125000000000000000, 0.2000000000000000944, 1.439999999999999947 ) ) ;
#1983 = CARTESIAN_POINT ( 'NONE',  ( -3.102500000000000036, 1.439999999999999947, -1.434999999999999165 ) ) ;
#1984 = VECTOR ( 'NONE', #4639, 1000.000000000000000 ) ;
#1985 = FACE_OUTER_BOUND ( 'NONE', #9215, .T. ) ;
#1986 = ORIENTED_EDGE ( 'NONE', *, *, #642, .F. ) ;
#1987 = CARTESIAN_POINT ( 'NONE',  ( 2.500000000000021760, 0.05000000000000000278, -1.414999999999999813 ) ) ;
#1988 = CARTESIAN_POINT ( 'NONE',  ( 1.324999999999999956, 1.464999999999999858, 0.7099999999999996314 ) ) ;
#1989 = AXIS2_PLACEMENT_3D ( 'NONE', #2307, #8242, #1580 ) ;
#1990 = EDGE_CURVE ( 'NONE', #6460, #2091, #7365, .T. ) ;
#1991 = CARTESIAN_POINT ( 'NONE',  ( 0.000000000000000000, 0.000000000000000000, 0.000000000000000000 ) ) ;
#1992 = CARTESIAN_POINT ( 'NONE',  ( 1.229999999999999982, 1.164999999999999813, -0.4500000000000003997 ) ) ;
#1993 = DIRECTION ( 'NONE',  ( 1.000000000000000000, 0.000000000000000000, 4.336808689942017736E-16 ) ) ;
#1994 = ADVANCED_FACE ( 'NONE', ( #4468 ), #5110, .F. ) ;
#1995 = ORIENTED_EDGE ( 'NONE', *, *, #3548, .F. ) ;
#1996 = VECTOR ( 'NONE', #9442, 1000.000000000000000 ) ;
#1997 = FACE_OUTER_BOUND ( 'NONE', #2870, .T. ) ;
#1998 = ORIENTED_EDGE ( 'NONE', *, *, #5271, .F. ) ;
#1999 = LINE ( 'NONE', #5713, #7014 ) ;
#2000 = EDGE_CURVE ( 'NONE', #1632, #775, #9429, .T. ) ;
#2001 = EDGE_CURVE ( 'NONE', #8585, #1393, #2036, .T. ) ;
#2002 = CARTESIAN_POINT ( 'NONE',  ( 1.249999999999999334, 0.05000000000000000278, 0.8000000000000003775 ) ) ;
#2003 = CYLINDRICAL_SURFACE ( 'NONE', #1430, 0.03500000000000009354 ) ;
#2004 = CARTESIAN_POINT ( 'NONE',  ( -2.299999999999999822, 0.000000000000000000, -0.6999999999999995115 ) ) ;
#2005 = EDGE_CURVE ( 'NONE', #5403, #718, #1323, .T. ) ;
#2006 = VERTEX_POINT ( 'NONE', #3594 ) ;
#2007 = EDGE_CURVE ( 'NONE', #4525, #688, #6588, .T. ) ;
#2008 = ORIENTED_EDGE ( 'NONE', *, *, #633, .F. ) ;
#2009 = FACE_OUTER_BOUND ( 'NONE', #8766, .T. ) ;
#2010 = COLOUR_RGB ( '',1.000000000000000000, 0.8117647058823529438, 0.5019607843137254832 ) ;
#2011 = DIRECTION ( 'NONE',  ( -8.673617379884035472E-16, 0.000000000000000000, -1.000000000000000000 ) ) ;
#2012 = VERTEX_POINT ( 'NONE', #2480 ) ;
#2013 = VERTEX_POINT ( 'NONE', #7655 ) ;
#2014 = CARTESIAN_POINT ( 'NONE',  ( -2.900000000000000355, 0.05000000000000000278, 0.2500000000000002220 ) ) ;
#2015 = DIRECTION ( 'NONE',  ( -0.000000000000000000, 1.000000000000000000, -0.000000000000000000 ) ) ;
#2016 = VERTEX_POINT ( 'NONE', #922 ) ;
#2017 = VERTEX_POINT ( 'NONE', #9054 ) ;
#2018 = CARTESIAN_POINT ( 'NONE',  ( 0.5000000000000213163, 0.05000000000000000278, -1.299999999999999600 ) ) ;
#2019 = ORIENTED_EDGE ( 'NONE', *, *, #7024, .F. ) ;
#2020 = CARTESIAN_POINT ( 'NONE',  ( 1.945000000000000062, 1.500000000000000000, 0.000000000000000000 ) ) ;
#2021 = STYLED_ITEM ( 'NONE', ( #1096 ), #4116 ) ;
#2022 = ORIENTED_EDGE ( 'NONE', *, *, #413, .F. ) ;
#2023 = VECTOR ( 'NONE', #7018, 1000.000000000000000 ) ;
#2024 = DIRECTION ( 'NONE',  ( 0.000000000000000000, 1.000000000000000000, 0.000000000000000000 ) ) ;
#2025 = DIRECTION ( 'NONE',  ( 1.000000000000000000, 0.000000000000000000, -8.673617379884035472E-16 ) ) ;
#2026 = VECTOR ( 'NONE', #5414, 1000.000000000000000 ) ;
#2027 = FACE_OUTER_BOUND ( 'NONE', #1972, .T. ) ;
#2028 =( NAMED_UNIT ( * ) PLANE_ANGLE_UNIT ( ) SI_UNIT ( $, .RADIAN. ) );
#2029 = DIRECTION ( 'NONE',  ( -0.000000000000000000, -1.000000000000000000, -0.000000000000000000 ) ) ;
#2030 = ORIENTED_EDGE ( 'NONE', *, *, #1480, .T. ) ;
#2031 = DIRECTION ( 'NONE',  ( 1.000000000000000000, 0.000000000000000000, 0.000000000000000000 ) ) ;
#2032 = VECTOR ( 'NONE', #4933, 1000.000000000000000 ) ;
#2033 = MECHANICAL_DESIGN_GEOMETRIC_PRESENTATION_REPRESENTATION (  '', ( #5623 ), #500 ) ;
#2034 = DIRECTION ( 'NONE',  ( 1.000000000000000000, 0.000000000000000000, -8.673617379884035472E-16 ) ) ;
#2035 =( LENGTH_UNIT ( ) NAMED_UNIT ( * ) SI_UNIT ( .MILLI., .METRE. ) );
#2036 = LINE ( 'NONE', #8001, #1425 ) ;
#2037 = FACE_OUTER_BOUND ( 'NONE', #1707, .T. ) ;
#2038 = AXIS2_PLACEMENT_3D ( 'NONE', #2222, #6523, #8705 ) ;
#2039 = VECTOR ( 'NONE', #5511, 1000.000000000000000 ) ;
#2040 = VECTOR ( 'NONE', #8074, 1000.000000000000000 ) ;
#2041 = ORIENTED_EDGE ( 'NONE', *, *, #4742, .T. ) ;
#2042 = ORIENTED_EDGE ( 'NONE', *, *, #3415, .F. ) ;
#2043 = DIRECTION ( 'NONE',  ( -0.000000000000000000, -0.000000000000000000, 1.000000000000000000 ) ) ;
#2044 = DIRECTION ( 'NONE',  ( 1.000000000000000000, 0.000000000000000000, 0.000000000000000000 ) ) ;
#2045 = PLANE ( 'NONE',  #4117 ) ;
#2046 = ADVANCED_FACE ( 'NONE', ( #5988 ), #3208, .T. ) ;
#2047 = CARTESIAN_POINT ( 'NONE',  ( -1.750000000000000444, 0.05000000000000000278, 0.8000000000000003775 ) ) ;
#2048 = DIRECTION ( 'NONE',  ( 0.000000000000000000, 0.000000000000000000, 1.000000000000000000 ) ) ;
#2049 = DIRECTION ( 'NONE',  ( 0.000000000000000000, -1.000000000000000000, 0.000000000000000000 ) ) ;
#2050 = PLANE ( 'NONE',  #4129 ) ;
#2051 = ORIENTED_EDGE ( 'NONE', *, *, #4396, .T. ) ;
#2052 = ORIENTED_EDGE ( 'NONE', *, *, #405, .T. ) ;
#2053 = EDGE_CURVE ( 'NONE', #8121, #6590, #1021, .T. ) ;
#2054 = ADVANCED_FACE ( 'NONE', ( #2386 ), #6732, .F. ) ;
#2055 = CARTESIAN_POINT ( 'NONE',  ( -0.9999999999999785727, 0.000000000000000000, -1.299999999999999600 ) ) ;
#2056 = FACE_OUTER_BOUND ( 'NONE', #1830, .T. ) ;
#2057 = EDGE_LOOP ( 'NONE', ( #1390, #138, #6257, #4599 ) ) ;
#2058 = ORIENTED_EDGE ( 'NONE', *, *, #9325, .F. ) ;
#2059 = EDGE_CURVE ( 'NONE', #6593, #3248, #3007, .T. ) ;
#2060 = EDGE_CURVE ( 'NONE', #9354, #5158, #8279, .T. ) ;
#2061 = VECTOR ( 'NONE', #1019, 1000.000000000000000 ) ;
#2062 = DIRECTION ( 'NONE',  ( 0.000000000000000000, 0.000000000000000000, -1.000000000000000000 ) ) ;
#2063 = LINE ( 'NONE', #8022, #5068 ) ;
#2064 = LINE ( 'NONE', #7397, #8754 ) ;
#2065 = ORIENTED_EDGE ( 'NONE', *, *, #9470, .T. ) ;
#2066 = VERTEX_POINT ( 'NONE', #826 ) ;
#2067 = DIRECTION ( 'NONE',  ( -4.336808689942017736E-16, 0.000000000000000000, 1.000000000000000000 ) ) ;
#2068 = ADVANCED_FACE ( 'NONE', ( #869 ), #6824, .T. ) ;
#2069 = ORIENTED_EDGE ( 'NONE', *, *, #6057, .T. ) ;
#2070 = CARTESIAN_POINT ( 'NONE',  ( 2.000000000000021760, 0.05000000000000000278, -0.7999999999999997113 ) ) ;
#2071 = SURFACE_SIDE_STYLE ('',( #8031 ) ) ;
#2072 = VECTOR ( 'NONE', #9139, 1000.000000000000000 ) ;
#2073 = ORIENTED_EDGE ( 'NONE', *, *, #3908, .T. ) ;
#2074 = ADVANCED_FACE ( 'NONE', ( #3256 ), #7159, .F. ) ;
#2075 = DIRECTION ( 'NONE',  ( -1.000000000000000000, -0.000000000000000000, -4.336808689942017736E-16 ) ) ;
#2076 = CARTESIAN_POINT ( 'NONE',  ( 2.400000000000001243, 0.05000000000000000278, -0.2499999999999982792 ) ) ;
#2077 = CARTESIAN_POINT ( 'NONE',  ( 1.949999999999999956, 0.000000000000000000, -1.414999999999999813 ) ) ;
#2078 = LINE ( 'NONE', #8758, #4457 ) ;
#2079 = CARTESIAN_POINT ( 'NONE',  ( 1.945000000000000062, 1.324999999999999956, 0.4249999999999998224 ) ) ;
#2080 = ORIENTED_EDGE ( 'NONE', *, *, #4390, .F. ) ;
#2081 = CARTESIAN_POINT ( 'NONE',  ( 1.885000000000000009, 0.2000000000000000944, 1.514999999999999902 ) ) ;
#2082 = ORIENTED_EDGE ( 'NONE', *, *, #8455, .T. ) ;
#2083 = FILL_AREA_STYLE_COLOUR ( '', #2161 ) ;
#2084 = AXIS2_PLACEMENT_3D ( 'NONE', #2609, #3924, #7643 ) ;
#2085 = LINE ( 'NONE', #2963, #792 ) ;
#2086 = LINE ( 'NONE', #5502, #7037 ) ;
#2087 = VERTEX_POINT ( 'NONE', #7010 ) ;
#2088 = LINE ( 'NONE', #2139, #1760 ) ;
#2089 = EDGE_LOOP ( 'NONE', ( #1249, #141, #4515, #5965 ) ) ;
#2090 = CARTESIAN_POINT ( 'NONE',  ( -1.750000000000000444, 0.05000000000000000278, 0.8000000000000003775 ) ) ;
#2091 = VERTEX_POINT ( 'NONE', #4025 ) ;
#2092 = LINE ( 'NONE', #8055, #2652 ) ;
#2093 = DIRECTION ( 'NONE',  ( 0.000000000000000000, 0.000000000000000000, -1.000000000000000000 ) ) ;
#2094 =( NAMED_UNIT ( * ) SI_UNIT ( $, .STERADIAN. ) SOLID_ANGLE_UNIT ( ) );
#2095 = CARTESIAN_POINT ( 'NONE',  ( 0.4341322026734634187, 1.164999999999999813, -0.4500000000000003997 ) ) ;
#2096 = DIRECTION ( 'NONE',  ( -1.000000000000000000, 0.000000000000000000, -0.000000000000000000 ) ) ;
#2097 = FACE_OUTER_BOUND ( 'NONE', #7865, .T. ) ;
#2098 = VERTEX_POINT ( 'NONE', #4904 ) ;
#2099 = SURFACE_STYLE_USAGE ( .BOTH. , #4195 ) ;
#2100 = VERTEX_POINT ( 'NONE', #6428 ) ;
#2101 = CARTESIAN_POINT ( 'NONE',  ( 2.900000000000001243, 0.05000000000000000278, -0.2499999999999980571 ) ) ;
#2102 = VECTOR ( 'NONE', #6500, 1000.000000000000000 ) ;
#2103 = CARTESIAN_POINT ( 'NONE',  ( -1.814999999999999947, 1.464999999999999858, -1.379999999999999449 ) ) ;
#2104 = VERTEX_POINT ( 'NONE', #3439 ) ;
#2105 = VECTOR ( 'NONE', #2622, 1000.000000000000000 ) ;
#2106 = EDGE_CURVE ( 'NONE', #982, #6695, #1213, .T. ) ;
#2107 = CARTESIAN_POINT ( 'NONE',  ( -3.102500000000000036, 1.439999999999999947, -0.6599999999999995870 ) ) ;
#2108 = FACE_BOUND ( 'NONE', #5018, .T. ) ;
#2109 = ORIENTED_EDGE ( 'NONE', *, *, #1776, .T. ) ;
#2110 = CIRCLE ( 'NONE', #8184, 0.07499999999999998335 ) ;
#2111 = ORIENTED_EDGE ( 'NONE', *, *, #655, .T. ) ;
#2112 = AXIS2_PLACEMENT_3D ( 'NONE', #2502, #5471, #4576 ) ;
#2113 = LINE ( 'NONE', #2018, #9471 ) ;
#2114 = ADVANCED_FACE ( 'NONE', ( #1078 ), #9375, .T. ) ;
#2115 = PLANE ( 'NONE',  #2920 ) ;
#2116 = ORIENTED_EDGE ( 'NONE', *, *, #5831, .F. ) ;
#2117 = DIRECTION ( 'NONE',  ( 0.000000000000000000, 0.000000000000000000, -1.000000000000000000 ) ) ;
#2118 = LINE ( 'NONE', #8890, #5786 ) ;
#2119 = VERTEX_POINT ( 'NONE', #3346 ) ;
#2120 = CIRCLE ( 'NONE', #3822, 0.03500000000000030864 ) ;
#2121 = CARTESIAN_POINT ( 'NONE',  ( -1.249999999999978462, 0.05000000000000000278, -0.7999999999999994893 ) ) ;
#2122 = DIRECTION ( 'NONE',  ( 0.000000000000000000, 0.000000000000000000, 1.000000000000000000 ) ) ;
#2123 = EDGE_CURVE ( 'NONE', #153, #6784, #5549, .T. ) ;
#2124 = EDGE_CURVE ( 'NONE', #8549, #7334, #1936, .T. ) ;
#2125 = UNCERTAINTY_MEASURE_WITH_UNIT (LENGTH_MEASURE( 1.000000000000000082E-05 ), #1796, 'distance_accuracy_value', 'NONE');
#2126 = CARTESIAN_POINT ( 'NONE',  ( -1.000000000000000444, 0.05000000000000000278, 1.300000000000000266 ) ) ;
#2127 = DIRECTION ( 'NONE',  ( -1.000000000000000000, 0.000000000000000000, 0.000000000000000000 ) ) ;
#2128 = FILL_AREA_STYLE ('',( #2857 ) ) ;
#2129 = FACE_OUTER_BOUND ( 'NONE', #8282, .T. ) ;
#2130 = EDGE_CURVE ( 'NONE', #3786, #5011, #2714, .T. ) ;
#2131 = ORIENTED_EDGE ( 'NONE', *, *, #5339, .T. ) ;
#2132 =( GEOMETRIC_REPRESENTATION_CONTEXT ( 3 ) GLOBAL_UNCERTAINTY_ASSIGNED_CONTEXT ( ( #7207 ) ) GLOBAL_UNIT_ASSIGNED_CONTEXT ( ( #8250, #5922, #6018 ) ) REPRESENTATION_CONTEXT ( 'NONE', 'WORKASPACE' ) );
#2133 = ADVANCED_FACE ( 'NONE', ( #5498 ), #1165, .T. ) ;
#2134 = DIRECTION ( 'NONE',  ( 0.000000000000000000, 0.000000000000000000, 1.000000000000000000 ) ) ;
#2135 = ORIENTED_EDGE ( 'NONE', *, *, #7724, .T. ) ;
#2136 = MECHANICAL_DESIGN_GEOMETRIC_PRESENTATION_REPRESENTATION (  '', ( #8668 ), #7129 ) ;
#2137 = CARTESIAN_POINT ( 'NONE',  ( -1.750000000000000444, 0.000000000000000000, 1.414999999999999813 ) ) ;
#2138 = ORIENTED_EDGE ( 'NONE', *, *, #2669, .T. ) ;
#2139 = CARTESIAN_POINT ( 'NONE',  ( -3.100000000000000533, -6.815342984766064482, 1.414999999999999813 ) ) ;
#2140 = ORIENTED_EDGE ( 'NONE', *, *, #1367, .F. ) ;
#2141 = CARTESIAN_POINT ( 'NONE',  ( -0.2499999999999785449, 0.000000000000000000, -0.7999999999999997113 ) ) ;
#2142 = ORIENTED_EDGE ( 'NONE', *, *, #1634, .T. ) ;
#2143 = LINE ( 'NONE', #1426, #2962 ) ;
#2144 = CARTESIAN_POINT ( 'NONE',  ( -0.6050000000000004263, 1.464999999999999636, -0.4500000000000003997 ) ) ;
#2145 = AXIS2_PLACEMENT_3D ( 'NONE', #7589, #175, #1869 ) ;
#2146 = CARTESIAN_POINT ( 'NONE',  ( 1.749999999999998890, 0.05000000000000000278, 0.8000000000000003775 ) ) ;
#2147 = LINE ( 'NONE', #4189, #2244 ) ;
#2148 = CARTESIAN_POINT ( 'NONE',  ( 1.000000000000020872, 0.05000000000000000278, -1.299999999999999600 ) ) ;
#2149 = FACE_OUTER_BOUND ( 'NONE', #7043, .T. ) ;
#2150 = AXIS2_PLACEMENT_3D ( 'NONE', #7960, #5716, #8683 ) ;
#2151 = FACE_OUTER_BOUND ( 'NONE', #4309, .T. ) ;
#2152 = CARTESIAN_POINT ( 'NONE',  ( -2.900000000000000355, 0.000000000000000000, 0.2500000000000002220 ) ) ;
#2153 = ORIENTED_EDGE ( 'NONE', *, *, #1888, .T. ) ;
#2154 = CARTESIAN_POINT ( 'NONE',  ( 1.749999999999999334, 0.05000000000000000278, 1.300000000000000266 ) ) ;
#2155 = ORIENTED_EDGE ( 'NONE', *, *, #8199, .T. ) ;
#2156 = CARTESIAN_POINT ( 'NONE',  ( -0.9999999999999785727, 0.05000000000000000278, -1.299999999999999600 ) ) ;
#2157 = LINE ( 'NONE', #8973, #6161 ) ;
#2158 = ORIENTED_EDGE ( 'NONE', *, *, #4991, .F. ) ;
#2159 = CARTESIAN_POINT ( 'NONE',  ( 1.814999999999999725, 1.464999999999999858, -1.449999999999999734 ) ) ;
#2160 = DIRECTION ( 'NONE',  ( -1.000000000000000000, 0.000000000000000000, -0.000000000000000000 ) ) ;
#2161 = COLOUR_RGB ( '',1.000000000000000000, 0.8117647058823529438, 0.5019607843137254832 ) ;
#2162 = CARTESIAN_POINT ( 'NONE',  ( -1.157999999999999696, 0.000000000000000000, 0.6000000000000000888 ) ) ;
#2163 = EDGE_LOOP ( 'NONE', ( #2967, #5770, #628, #3804 ) ) ;
#2164 = ORIENTED_EDGE ( 'NONE', *, *, #8199, .F. ) ;
#2165 = DIRECTION ( 'NONE',  ( -0.000000000000000000, -1.000000000000000000, -0.000000000000000000 ) ) ;
#2166 = ORIENTED_EDGE ( 'NONE', *, *, #1889, .F. ) ;
#2167 = EDGE_CURVE ( 'NONE', #7334, #7033, #798, .T. ) ;
#2168 = CARTESIAN_POINT ( 'NONE',  ( -0.9999999999999785727, 0.05000000000000000278, -0.7999999999999997113 ) ) ;
#2169 = CARTESIAN_POINT ( 'NONE',  ( 3.100000000000000533, 0.05000000000000000278, -1.414999999999999813 ) ) ;
#2170 = EDGE_LOOP ( 'NONE', ( #9231, #8116, #4352, #2245 ) ) ;
#2171 = FACE_OUTER_BOUND ( 'NONE', #374, .T. ) ;
#2172 = DIRECTION ( 'NONE',  ( 0.000000000000000000, 1.000000000000000000, 0.000000000000000000 ) ) ;
#2173 = ADVANCED_FACE ( 'NONE', ( #5592 ), #5827, .F. ) ;
#2174 = LINE ( 'NONE', #7938, #1190 ) ;
#2175 = CARTESIAN_POINT ( 'NONE',  ( -0.5000000000000004441, 0.05000000000000000278, 1.414999999999999813 ) ) ;
#2176 = CYLINDRICAL_SURFACE ( 'NONE', #1121, 0.2499999999999999445 ) ;
#2177 = EDGE_LOOP ( 'NONE', ( #2946, #6788, #735, #4877 ) ) ;
#2178 = MECHANICAL_DESIGN_GEOMETRIC_PRESENTATION_REPRESENTATION (  '', ( #4972 ), #1269 ) ;
#2179 = EDGE_CURVE ( 'NONE', #7512, #9606, #1849, .T. ) ;
#2180 = DIRECTION ( 'NONE',  ( 0.000000000000000000, 0.000000000000000000, 1.000000000000000000 ) ) ;
#2181 = ADVANCED_FACE ( 'NONE', ( #9192, #9237, #2108, #8615 ), #5081, .T. ) ;
#2182 = ORIENTED_EDGE ( 'NONE', *, *, #1250, .F. ) ;
#2183 =( GEOMETRIC_REPRESENTATION_CONTEXT ( 3 ) GLOBAL_UNCERTAINTY_ASSIGNED_CONTEXT ( ( #2322 ) ) GLOBAL_UNIT_ASSIGNED_CONTEXT ( ( #7677, #6211, #2506 ) ) REPRESENTATION_CONTEXT ( 'NONE', 'WORKASPACE' ) );
#2184 = EDGE_CURVE ( 'NONE', #8997, #7243, #2621, .T. ) ;
#2185 = VECTOR ( 'NONE', #1220, 1000.000000000000000 ) ;
#2186 = EDGE_CURVE ( 'NONE', #3204, #4637, #1800, .T. ) ;
#2187 = DIRECTION ( 'NONE',  ( 0.000000000000000000, 1.000000000000000000, 0.000000000000000000 ) ) ;
#2188 = EDGE_LOOP ( 'NONE', ( #1400, #6, #8770, #5396 ) ) ;
#2189 = LINE ( 'NONE', #7, #515 ) ;
#2190 = ORIENTED_EDGE ( 'NONE', *, *, #588, .T. ) ;
#2191 = DIRECTION ( 'NONE',  ( 0.000000000000000000, 1.000000000000000000, 0.000000000000000000 ) ) ;
#2192 = FACE_OUTER_BOUND ( 'NONE', #9300, .T. ) ;
#2193 = VECTOR ( 'NONE', #48, 1000.000000000000000 ) ;
#2194 = FACE_OUTER_BOUND ( 'NONE', #8197, .T. ) ;
#2195 = DIRECTION ( 'NONE',  ( 0.000000000000000000, -1.000000000000000000, 0.000000000000000000 ) ) ;
#2196 = CARTESIAN_POINT ( 'NONE',  ( -3.137500000000000178, 1.464999999999999858, -0.6949999999999993960 ) ) ;
#2197 = VECTOR ( 'NONE', #205, 1000.000000000000000 ) ;
#2198 = MECHANICAL_DESIGN_GEOMETRIC_PRESENTATION_REPRESENTATION (  '', ( #6413 ), #8431 ) ;
#2199 = CARTESIAN_POINT ( 'NONE',  ( -2.362499999999999378, 1.439999999999999947, -0.6949999999999993960 ) ) ;
#2200 =( NAMED_UNIT ( * ) PLANE_ANGLE_UNIT ( ) SI_UNIT ( $, .RADIAN. ) );
#2201 = DIRECTION ( 'NONE',  ( 8.673617379884035472E-16, -0.000000000000000000, 1.000000000000000000 ) ) ;
#2202 = ORIENTED_EDGE ( 'NONE', *, *, #3135, .T. ) ;
#2203 = CARTESIAN_POINT ( 'NONE',  ( 1.849999999999999867, 1.500000000000000000, 1.380000000000000338 ) ) ;
#2204 = ORIENTED_EDGE ( 'NONE', *, *, #8795, .T. ) ;
#2205 = CARTESIAN_POINT ( 'NONE',  ( -0.9999999999999785727, 0.05000000000000000278, -0.7999999999999997113 ) ) ;
#2206 = CARTESIAN_POINT ( 'NONE',  ( -0.2499999999999785449, 0.05000000000000000278, -1.299999999999999600 ) ) ;
#2207 = FACE_OUTER_BOUND ( 'NONE', #7349, .T. ) ;
#2208 = DIRECTION ( 'NONE',  ( 0.000000000000000000, -0.000000000000000000, -1.000000000000000000 ) ) ;
#2209 = ORIENTED_EDGE ( 'NONE', *, *, #4431, .F. ) ;
#2210 = ORIENTED_EDGE ( 'NONE', *, *, #9378, .F. ) ;
#2211 = DIRECTION ( 'NONE',  ( 0.000000000000000000, -0.000000000000000000, -1.000000000000000000 ) ) ;
#2212 = ORIENTED_EDGE ( 'NONE', *, *, #1178, .F. ) ;
#2213 = FACE_OUTER_BOUND ( 'NONE', #3955, .T. ) ;
#2214 = CARTESIAN_POINT ( 'NONE',  ( 1.885000000000000009, 1.464999999999999858, -1.449999999999999734 ) ) ;
#2215 = ORIENTED_EDGE ( 'NONE', *, *, #8910, .T. ) ;
#2216 = AXIS2_PLACEMENT_3D ( 'NONE', #5729, #8835, #7195 ) ;
#2217 = CARTESIAN_POINT ( 'NONE',  ( 0.5000000000000213163, 0.000000000000000000, -0.7999999999999997113 ) ) ;
#2218 = DIRECTION ( 'NONE',  ( 0.000000000000000000, 1.000000000000000000, 0.000000000000000000 ) ) ;
#2219 = UNCERTAINTY_MEASURE_WITH_UNIT (LENGTH_MEASURE( 1.000000000000000082E-05 ), #9049, 'distance_accuracy_value', 'NONE');
#2220 = EDGE_CURVE ( 'NONE', #1434, #240, #1893, .T. ) ;
#2221 = CARTESIAN_POINT ( 'NONE',  ( -0.9999999999999785727, 0.05000000000000000278, -0.7999999999999997113 ) ) ;
#2222 = CARTESIAN_POINT ( 'NONE',  ( -2.900000000000000355, 0.05000000000000000278, -0.2499999999999997780 ) ) ;
#2223 = FACE_OUTER_BOUND ( 'NONE', #1402, .T. ) ;
#2224 = ORIENTED_EDGE ( 'NONE', *, *, #7968, .F. ) ;
#2225 = DIRECTION ( 'NONE',  ( -1.000000000000000000, -0.000000000000000000, -0.000000000000000000 ) ) ;
#2226 = AXIS2_PLACEMENT_3D ( 'NONE', #4093, #7077, #6343 ) ;
#2227 = ORIENTED_EDGE ( 'NONE', *, *, #8967, .F. ) ;
#2228 = CYLINDRICAL_SURFACE ( 'NONE', #1737, 0.03499999999999987843 ) ;
#2229 = EDGE_CURVE ( 'NONE', #7576, #8290, #7111, .T. ) ;
#2230 = VERTEX_POINT ( 'NONE', #7476 ) ;
#2231 = AXIS2_PLACEMENT_3D ( 'NONE', #4082, #4862, #3308 ) ;
#2232 = LINE ( 'NONE', #5900, #4832 ) ;
#2233 = ADVANCED_FACE ( 'NONE', ( #5274 ), #7436, .T. ) ;
#2234 = VERTEX_POINT ( 'NONE', #2308 ) ;
#2235 = CARTESIAN_POINT ( 'NONE',  ( -1.850000000000000089, 0.2000000000000000944, -1.449999999999999734 ) ) ;
#2236 = ORIENTED_EDGE ( 'NONE', *, *, #6644, .T. ) ;
#2237 = DIRECTION ( 'NONE',  ( 1.000000000000000000, 0.000000000000000000, 4.336808689942017736E-16 ) ) ;
#2238 = VERTEX_POINT ( 'NONE', #5127 ) ;
#2239 = CARTESIAN_POINT ( 'NONE',  ( 3.100000000000000533, 0.05000000000000000278, -1.414999999999999813 ) ) ;
#2240 = VECTOR ( 'NONE', #3680, 1000.000000000000000 ) ;
#2241 = EDGE_CURVE ( 'NONE', #2230, #7669, #1532, .T. ) ;
#2242 = EDGE_CURVE ( 'NONE', #8762, #7630, #6700, .T. ) ;
#2243 = CARTESIAN_POINT ( 'NONE',  ( -0.2500000000000002220, 0.000000000000000000, 1.300000000000000266 ) ) ;
#2244 = VECTOR ( 'NONE', #4291, 1000.000000000000000 ) ;
#2245 = ORIENTED_EDGE ( 'NONE', *, *, #347, .T. ) ;
#2246 = DIRECTION ( 'NONE',  ( 0.000000000000000000, 0.000000000000000000, -1.000000000000000000 ) ) ;
#2247 = EDGE_CURVE ( 'NONE', #6762, #4268, #2259, .T. ) ;
#2248 = EDGE_CURVE ( 'NONE', #4776, #573, #4346, .T. ) ;
#2249 = CARTESIAN_POINT ( 'NONE',  ( 2.620000000000000551, 1.324999999999999956, -0.2250000000000002554 ) ) ;
#2250 = LINE ( 'NONE', #6841, #5885 ) ;
#2251 = VERTEX_POINT ( 'NONE', #1439 ) ;
#2252 = CARTESIAN_POINT ( 'NONE',  ( -2.397499999999999520, 1.439999999999999947, -0.6599999999999995870 ) ) ;
#2253 = EDGE_CURVE ( 'NONE', #2384, #3522, #2668, .T. ) ;
#2254 = EDGE_CURVE ( 'NONE', #388, #4656, #5324, .T. ) ;
#2255 = FACE_OUTER_BOUND ( 'NONE', #6390, .T. ) ;
#2256 = ORIENTED_EDGE ( 'NONE', *, *, #6129, .F. ) ;
#2257 = AXIS2_PLACEMENT_3D ( 'NONE', #6867, #189, #3152 ) ;
#2258 = CARTESIAN_POINT ( 'NONE',  ( -1.850000000000000089, 0.2000000000000000944, 1.479999999999999760 ) ) ;
#2259 = LINE ( 'NONE', #1581, #1577 ) ;
#2260 = DIRECTION ( 'NONE',  ( -1.000000000000000000, 0.000000000000000000, -4.336808689942017736E-16 ) ) ;
#2261 = LINE ( 'NONE', #3711, #5177 ) ;
#2262 = ORIENTED_EDGE ( 'NONE', *, *, #5750, .F. ) ;
#2263 = FILL_AREA_STYLE ('',( #1631 ) ) ;
#2264 = ORIENTED_EDGE ( 'NONE', *, *, #5262, .T. ) ;
#2265 = CARTESIAN_POINT ( 'NONE',  ( 2.500000000000021760, 0.05000000000000000278, -0.7999999999999994893 ) ) ;
#2266 = CARTESIAN_POINT ( 'NONE',  ( 3.125000000000000000, 0.2000000000000000944, -1.439999999999999947 ) ) ;
#2267 = AXIS2_PLACEMENT_3D ( 'NONE', #9310, #7286, #2011 ) ;
#2268 = CARTESIAN_POINT ( 'NONE',  ( 1.849999999999999867, 1.464999999999999858, 1.450000000000000622 ) ) ;
#2269 = DIRECTION ( 'NONE',  ( -0.000000000000000000, 1.000000000000000000, -0.000000000000000000 ) ) ;
#2270 = ORIENTED_EDGE ( 'NONE', *, *, #9485, .T. ) ;
#2271 = DIRECTION ( 'NONE',  ( 0.000000000000000000, 0.000000000000000000, -1.000000000000000000 ) ) ;
#2272 = DIRECTION ( 'NONE',  ( 0.000000000000000000, 0.000000000000000000, -1.000000000000000000 ) ) ;
#2273 = VECTOR ( 'NONE', #4459, 1000.000000000000000 ) ;
#2274 = VECTOR ( 'NONE', #8259, 1000.000000000000000 ) ;
#2275 = CARTESIAN_POINT ( 'NONE',  ( 0.000000000000000000, 0.000000000000000000, 0.000000000000000000 ) ) ;
#2276 = DIRECTION ( 'NONE',  ( -0.000000000000000000, 0.000000000000000000, -1.000000000000000000 ) ) ;
#2277 = VERTEX_POINT ( 'NONE', #755 ) ;
#2278 = CARTESIAN_POINT ( 'NONE',  ( -1.750000000000000444, 0.05000000000000000278, 1.300000000000000266 ) ) ;
#2279 = VERTEX_POINT ( 'NONE', #1395 ) ;
#2280 = DIRECTION ( 'NONE',  ( 0.000000000000000000, 1.000000000000000000, 0.000000000000000000 ) ) ;
#2281 = ORIENTED_EDGE ( 'NONE', *, *, #7442, .T. ) ;
#2282 = AXIS2_PLACEMENT_3D ( 'NONE', #5188, #8168, #2316 ) ;
#2283 = MECHANICAL_DESIGN_GEOMETRIC_PRESENTATION_REPRESENTATION (  '', ( #8972 ), #4149 ) ;
#2284 = ORIENTED_EDGE ( 'NONE', *, *, #6907, .F. ) ;
#2285 = LINE ( 'NONE', #3640, #6125 ) ;
#2286 = ORIENTED_EDGE ( 'NONE', *, *, #228, .T. ) ;
#2287 = LINE ( 'NONE', #784, #8374 ) ;
#2288 = EDGE_LOOP ( 'NONE', ( #1817, #6932, #1585, #9082 ) ) ;
#2289 = DIRECTION ( 'NONE',  ( -0.000000000000000000, -0.000000000000000000, 1.000000000000000000 ) ) ;
#2290 = ADVANCED_FACE ( 'NONE', ( #2984, #6754 ), #9595, .F. ) ;
#2291 = FILL_AREA_STYLE_COLOUR ( '', #5437 ) ;
#2292 = ORIENTED_EDGE ( 'NONE', *, *, #465, .F. ) ;
#2293 = AXIS2_PLACEMENT_3D ( 'NONE', #1139, #3360, #3895 ) ;
#2294 = DIRECTION ( 'NONE',  ( -1.000000000000000000, -0.000000000000000000, -4.336808689942017736E-16 ) ) ;
#2295 = EDGE_CURVE ( 'NONE', #9113, #760, #7529, .T. ) ;
#2296 = CYLINDRICAL_SURFACE ( 'NONE', #1281, 0.07499999999999998335 ) ;
#2297 = ORIENTED_EDGE ( 'NONE', *, *, #7325, .T. ) ;
#2298 = VECTOR ( 'NONE', #3413, 1000.000000000000000 ) ;
#2299 = ORIENTED_EDGE ( 'NONE', *, *, #1669, .F. ) ;
#2300 = DIRECTION ( 'NONE',  ( 0.000000000000000000, -1.000000000000000000, 0.000000000000000000 ) ) ;
#2301 = EDGE_CURVE ( 'NONE', #3227, #3661, #712, .T. ) ;
#2302 = LINE ( 'NONE', #2930, #1341 ) ;
#2303 = ORIENTED_EDGE ( 'NONE', *, *, #634, .T. ) ;
#2304 = EDGE_CURVE ( 'NONE', #3217, #3334, #7806, .T. ) ;
#2305 = VECTOR ( 'NONE', #9169, 1000.000000000000000 ) ;
#2306 = EDGE_CURVE ( 'NONE', #1025, #1764, #4401, .T. ) ;
#2307 = CARTESIAN_POINT ( 'NONE',  ( 0.000000000000000000, 0.05000000000000000278, 0.000000000000000000 ) ) ;
#2308 = CARTESIAN_POINT ( 'NONE',  ( -1.850000000000000089, 0.2000000000000000944, -1.479999999999999760 ) ) ;
#2309 = ADVANCED_FACE ( 'NONE', ( #6805 ), #5229, .T. ) ;
#2310 = DIRECTION ( 'NONE',  ( 0.000000000000000000, -0.000000000000000000, -1.000000000000000000 ) ) ;
#2311 = LINE ( 'NONE', #8534, #5802 ) ;
#2312 = ORIENTED_EDGE ( 'NONE', *, *, #3949, .F. ) ;
#2313 = VERTEX_POINT ( 'NONE', #8833 ) ;
#2314 = CARTESIAN_POINT ( 'NONE',  ( -0.2550000000000002820, 1.164999999999999813, -0.4500000000000003997 ) ) ;
#2315 = VECTOR ( 'NONE', #7012, 1000.000000000000000 ) ;
#2316 = DIRECTION ( 'NONE',  ( 0.000000000000000000, 0.000000000000000000, -1.000000000000000000 ) ) ;
#2317 = SURFACE_STYLE_USAGE ( .BOTH. , #3187 ) ;
#2318 = VERTEX_POINT ( 'NONE', #2206 ) ;
#2319 = DIRECTION ( 'NONE',  ( -0.000000000000000000, -1.000000000000000000, -0.000000000000000000 ) ) ;
#2320 = LINE ( 'NONE', #3719, #8338 ) ;
#2321 = VECTOR ( 'NONE', #3645, 1000.000000000000000 ) ;
#2322 = UNCERTAINTY_MEASURE_WITH_UNIT (LENGTH_MEASURE( 1.000000000000000082E-05 ), #7677, 'distance_accuracy_value', 'NONE');
#2323 = CARTESIAN_POINT ( 'NONE',  ( -3.102500000000000036, 1.439999999999999947, -0.6949999999999993960 ) ) ;
#2324 = ORIENTED_EDGE ( 'NONE', *, *, #8850, .F. ) ;
#2325 = CARTESIAN_POINT ( 'NONE',  ( 1.814999999999999725, 0.2000000000000000944, -1.414999999999999591 ) ) ;
#2326 = ORIENTED_EDGE ( 'NONE', *, *, #116, .F. ) ;
#2327 = CARTESIAN_POINT ( 'NONE',  ( -1.885000000000000231, 1.500000000000000000, 1.479999999999999760 ) ) ;
#2328 = CARTESIAN_POINT ( 'NONE',  ( -2.500000000000000000, 0.05000000000000000278, -0.6999999999999995115 ) ) ;
#2329 = EDGE_LOOP ( 'NONE', ( #7281, #511, #1230, #797 ) ) ;
#2330 =( GEOMETRIC_REPRESENTATION_CONTEXT ( 3 ) GLOBAL_UNCERTAINTY_ASSIGNED_CONTEXT ( ( #5049 ) ) GLOBAL_UNIT_ASSIGNED_CONTEXT ( ( #3937, #6198, #2337 ) ) REPRESENTATION_CONTEXT ( 'NONE', 'WORKASPACE' ) );
#2331 = DIRECTION ( 'NONE',  ( -0.000000000000000000, 0.000000000000000000, 1.000000000000000000 ) ) ;
#2332 = ORIENTED_EDGE ( 'NONE', *, *, #8020, .F. ) ;
#2333 = LINE ( 'NONE', #2487, #1308 ) ;
#2334 = ORIENTED_EDGE ( 'NONE', *, *, #2772, .F. ) ;
#2335 = CARTESIAN_POINT ( 'NONE',  ( 1.814999999999999725, 1.464999999999999858, -1.414999999999999591 ) ) ;
#2336 = CARTESIAN_POINT ( 'NONE',  ( -0.9999999999999785727, 0.05000000000000000278, -0.7999999999999997113 ) ) ;
#2337 =( NAMED_UNIT ( * ) SI_UNIT ( $, .STERADIAN. ) SOLID_ANGLE_UNIT ( ) );
#2338 = EDGE_LOOP ( 'NONE', ( #9492, #9406, #5062, #57 ) ) ;
#2339 = AXIS2_PLACEMENT_3D ( 'NONE', #522, #1839, #7784 ) ;
#2340 = VECTOR ( 'NONE', #1527, 1000.000000000000000 ) ;
#2341 = CIRCLE ( 'NONE', #5931, 0.03500000000000009354 ) ;
#2342 = CARTESIAN_POINT ( 'NONE',  ( -2.397500000000000409, 1.464999999999999858, -1.399999999999999245 ) ) ;
#2343 = LINE ( 'NONE', #5315, #5153 ) ;
#2344 = EDGE_CURVE ( 'NONE', #2797, #6123, #8976, .T. ) ;
#2345 = AXIS2_PLACEMENT_3D ( 'NONE', #2342, #8233, #7666 ) ;
#2346 = VECTOR ( 'NONE', #5054, 1000.000000000000000 ) ;
#2347 = FILL_AREA_STYLE ('',( #9587 ) ) ;
#2348 = ORIENTED_EDGE ( 'NONE', *, *, #3607, .T. ) ;
#2349 = DIRECTION ( 'NONE',  ( 0.000000000000000000, 0.000000000000000000, -1.000000000000000000 ) ) ;
#2350 = LINE ( 'NONE', #3280, #3040 ) ;
#2351 = EDGE_LOOP ( 'NONE', ( #8315, #9126, #8170, #1930 ) ) ;
#2352 = EDGE_CURVE ( 'NONE', #5576, #5089, #1485, .T. ) ;
#2353 = VECTOR ( 'NONE', #1556, 1000.000000000000000 ) ;
#2354 = VECTOR ( 'NONE', #5984, 1000.000000000000000 ) ;
#2355 = DIRECTION ( 'NONE',  ( 0.000000000000000000, 0.000000000000000000, -1.000000000000000000 ) ) ;
#2356 = DIRECTION ( 'NONE',  ( -1.000000000000000000, -0.000000000000000000, -4.336808689942017736E-16 ) ) ;
#2357 = EDGE_CURVE ( 'NONE', #3158, #7300, #5918, .T. ) ;
#2358 = LINE ( 'NONE', #3710, #1038 ) ;
#2359 = CARTESIAN_POINT ( 'NONE',  ( -2.499999999999978684, 0.05000000000000000278, -1.299999999999999600 ) ) ;
#2360 = EDGE_CURVE ( 'NONE', #6941, #7670, #4444, .T. ) ;
#2361 = FACE_OUTER_BOUND ( 'NONE', #4033, .T. ) ;
#2362 = ORIENTED_EDGE ( 'NONE', *, *, #6589, .F. ) ;
#2363 = CARTESIAN_POINT ( 'NONE',  ( -1.000000000000000444, 0.05000000000000000278, 1.300000000000000266 ) ) ;
#2364 = ORIENTED_EDGE ( 'NONE', *, *, #6471, .T. ) ;
#2365 = VECTOR ( 'NONE', #4460, 1000.000000000000000 ) ;
#2366 = AXIS2_PLACEMENT_3D ( 'NONE', #904, #9079, #8302 ) ;
#2367 = DIRECTION ( 'NONE',  ( 0.000000000000000000, -1.000000000000000000, 0.000000000000000000 ) ) ;
#2368 = CARTESIAN_POINT ( 'NONE',  ( 0.4999999999999995559, 0.000000000000000000, 1.300000000000000266 ) ) ;
#2369 = DIRECTION ( 'NONE',  ( -1.000000000000000000, 0.000000000000000000, 0.000000000000000000 ) ) ;
#2370 = EDGE_CURVE ( 'NONE', #3784, #1880, #3907, .T. ) ;
#2371 = ORIENTED_EDGE ( 'NONE', *, *, #1312, .T. ) ;
#2372 = ADVANCED_FACE ( 'NONE', ( #214 ), #6893, .T. ) ;
#2373 = DIRECTION ( 'NONE',  ( 0.000000000000000000, -0.000000000000000000, -1.000000000000000000 ) ) ;
#2374 = CARTESIAN_POINT ( 'NONE',  ( -1.387499999999999956, 1.500000000000000000, 0.3424999999999996381 ) ) ;
#2375 = VECTOR ( 'NONE', #8745, 1000.000000000000000 ) ;
#2376 = EDGE_CURVE ( 'NONE', #7705, #9477, #3180, .T. ) ;
#2377 = CARTESIAN_POINT ( 'NONE',  ( -1.442095535139930496, 1.350000000000000089, 0.3425000000000000266 ) ) ;
#2378 = DIRECTION ( 'NONE',  ( 1.000000000000000000, -0.000000000000000000, 0.000000000000000000 ) ) ;
#2379 = EDGE_CURVE ( 'NONE', #5945, #9523, #309, .T. ) ;
#2380 = PLANE ( 'NONE',  #4524 ) ;
#2381 = ORIENTED_EDGE ( 'NONE', *, *, #9525, .T. ) ;
#2382 = AXIS2_PLACEMENT_3D ( 'NONE', #8714, #3449, #9475 ) ;
#2383 = LINE ( 'NONE', #5860, #3980 ) ;
#2384 = VERTEX_POINT ( 'NONE', #4005 ) ;
#2385 = DIRECTION ( 'NONE',  ( -1.000000000000000000, -0.000000000000000000, -4.336808689942017736E-16 ) ) ;
#2386 = FACE_OUTER_BOUND ( 'NONE', #4829, .T. ) ;
#2387 = CARTESIAN_POINT ( 'NONE',  ( 0.006154384594964134106, 1.449999999999999734, -0.4500000000000003997 ) ) ;
#2388 = PRESENTATION_STYLE_ASSIGNMENT (( #7383 ) ) ;
#2389 = EDGE_LOOP ( 'NONE', ( #6912, #2391, #7367, #1744 ) ) ;
#2390 = FACE_OUTER_BOUND ( 'NONE', #369, .T. ) ;
#2391 = ORIENTED_EDGE ( 'NONE', *, *, #9263, .F. ) ;
#2392 = EDGE_LOOP ( 'NONE', ( #5017, #6179, #2582, #3576 ) ) ;
#2393 = DIRECTION ( 'NONE',  ( -1.000000000000000000, -0.000000000000000000, -0.000000000000000000 ) ) ;
#2394 = FILL_AREA_STYLE ('',( #297 ) ) ;
#2395 = AXIS2_PLACEMENT_3D ( 'NONE', #1026, #3933, #9058 ) ;
#2396 = ORIENTED_EDGE ( 'NONE', *, *, #6112, .F. ) ;
#2397 = LINE ( 'NONE', #3270, #7973 ) ;
#2398 = CARTESIAN_POINT ( 'NONE',  ( -0.2499999999999785449, 0.05000000000000000278, -0.7999999999999997113 ) ) ;
#2399 = DIRECTION ( 'NONE',  ( 0.000000000000000000, 0.000000000000000000, -1.000000000000000000 ) ) ;
#2400 = LINE ( 'NONE', #301, #3597 ) ;
#2401 = ORIENTED_EDGE ( 'NONE', *, *, #3609, .F. ) ;
#2402 = ORIENTED_EDGE ( 'NONE', *, *, #5322, .F. ) ;
#2403 = ORIENTED_EDGE ( 'NONE', *, *, #1872, .F. ) ;
#2404 = CARTESIAN_POINT ( 'NONE',  ( -0.7000000000000001776, 1.464999999999999858, -0.5100000000000003419 ) ) ;
#2405 = LINE ( 'NONE', #8293, #8657 ) ;
#2406 = CARTESIAN_POINT ( 'NONE',  ( 0.2500000000000210387, 0.000000000000000000, -1.299999999999999600 ) ) ;
#2407 = VERTEX_POINT ( 'NONE', #3852 ) ;
#2408 = CARTESIAN_POINT ( 'NONE',  ( 2.000000000000000000, 0.05000000000000000278, 0.8000000000000003775 ) ) ;
#2409 = AXIS2_PLACEMENT_3D ( 'NONE', #5911, #1568, #6692 ) ;
#2410 = CARTESIAN_POINT ( 'NONE',  ( -2.500000000000000444, 0.05000000000000000278, 1.300000000000000266 ) ) ;
#2411 = CARTESIAN_POINT ( 'NONE',  ( 1.250000000000021094, 0.05000000000000000278, -0.7999999999999997113 ) ) ;
#2412 = LINE ( 'NONE', #4733, #8964 ) ;
#2413 = DIRECTION ( 'NONE',  ( -0.000000000000000000, -1.000000000000000000, -0.000000000000000000 ) ) ;
#2414 = ORIENTED_EDGE ( 'NONE', *, *, #8679, .F. ) ;
#2415 = EDGE_LOOP ( 'NONE', ( #7563, #6526, #7146, #5957 ) ) ;
#2416 = FACE_OUTER_BOUND ( 'NONE', #5459, .T. ) ;
#2417 = LINE ( 'NONE', #8357, #4429 ) ;
#2418 = FILL_AREA_STYLE_COLOUR ( '', #9488 ) ;
#2419 = ORIENTED_EDGE ( 'NONE', *, *, #5272, .F. ) ;
#2420 = EDGE_CURVE ( 'NONE', #1951, #9580, #262, .T. ) ;
#2421 = CARTESIAN_POINT ( 'NONE',  ( -2.362499999999999378, 1.439999999999999947, -0.6949999999999993960 ) ) ;
#2422 = LINE ( 'NONE', #6128, #5198 ) ;
#2423 = CARTESIAN_POINT ( 'NONE',  ( -1.814999999999999947, 0.2000000000000000944, 1.415000000000000480 ) ) ;
#2424 = EDGE_CURVE ( 'NONE', #564, #4641, #8495, .T. ) ;
#2425 = VECTOR ( 'NONE', #1392, 1000.000000000000000 ) ;
#2426 = CARTESIAN_POINT ( 'NONE',  ( -1.704999999999999849, 1.324999999999999956, 0.1000000000000001582 ) ) ;
#2427 = ORIENTED_EDGE ( 'NONE', *, *, #1373, .F. ) ;
#2428 = LINE ( 'NONE', #5393, #4579 ) ;
#2429 = DIRECTION ( 'NONE',  ( -1.000000000000000000, 0.000000000000000000, 3.497426362856465737E-17 ) ) ;
#2430 = ORIENTED_EDGE ( 'NONE', *, *, #7075, .F. ) ;
#2431 = EDGE_CURVE ( 'NONE', #9590, #1374, #3952, .T. ) ;
#2432 = EDGE_CURVE ( 'NONE', #3106, #8606, #1822, .T. ) ;
#2433 = VECTOR ( 'NONE', #5050, 1000.000000000000000 ) ;
#2434 = CARTESIAN_POINT ( 'NONE',  ( 1.324999999999999956, 1.500000000000000000, 0.7099999999999996314 ) ) ;
#2435 = EDGE_CURVE ( 'NONE', #3566, #1351, #8400, .T. ) ;
#2436 = ORIENTED_EDGE ( 'NONE', *, *, #5148, .T. ) ;
#2437 = CARTESIAN_POINT ( 'NONE',  ( 1.249999999999999334, 0.05000000000000000278, 1.300000000000000266 ) ) ;
#2438 = VERTEX_POINT ( 'NONE', #1729 ) ;
#2439 = AXIS2_PLACEMENT_3D ( 'NONE', #5874, #5183, #8163 ) ;
#2440 = AXIS2_PLACEMENT_3D ( 'NONE', #1044, #5422, #3898 ) ;
#2441 = CARTESIAN_POINT ( 'NONE',  ( -1.442095535139930496, 1.350000000000000089, 0.3424999999999996381 ) ) ;
#2442 = SURFACE_SIDE_STYLE ('',( #1665 ) ) ;
#2443 = ORIENTED_EDGE ( 'NONE', *, *, #8387, .F. ) ;
#2444 = DIRECTION ( 'NONE',  ( 0.000000000000000000, -0.000000000000000000, -1.000000000000000000 ) ) ;
#2445 = AXIS2_PLACEMENT_3D ( 'NONE', #2787, #6503, #3610 ) ;
#2446 = LINE ( 'NONE', #6253, #2507 ) ;
#2447 = CARTESIAN_POINT ( 'NONE',  ( -2.500000000000000444, 0.05000000000000000278, 1.414999999999999813 ) ) ;
#2448 = VERTEX_POINT ( 'NONE', #9170 ) ;
#2449 = ORIENTED_EDGE ( 'NONE', *, *, #1823, .F. ) ;
#2450 = ORIENTED_EDGE ( 'NONE', *, *, #8093, .F. ) ;
#2451 = CARTESIAN_POINT ( 'NONE',  ( 2.500000000000021760, 0.05000000000000000278, -0.7999999999999994893 ) ) ;
#2452 = CARTESIAN_POINT ( 'NONE',  ( 0.000000000000000000, 1.464999999999999858, 1.514999999999999902 ) ) ;
#2453 = VECTOR ( 'NONE', #9537, 1000.000000000000000 ) ;
#2454 = FACE_OUTER_BOUND ( 'NONE', #1975, .T. ) ;
#2455 = ORIENTED_EDGE ( 'NONE', *, *, #4611, .T. ) ;
#2456 = DIRECTION ( 'NONE',  ( -0.000000000000000000, -1.000000000000000000, -0.000000000000000000 ) ) ;
#2457 = DIRECTION ( 'NONE',  ( -0.000000000000000000, 1.000000000000000000, -0.000000000000000000 ) ) ;
#2458 = VECTOR ( 'NONE', #267, 1000.000000000000000 ) ;
#2459 = LINE ( 'NONE', #4686, #6489 ) ;
#2460 = VERTEX_POINT ( 'NONE', #4052 ) ;
#2461 = VERTEX_POINT ( 'NONE', #997 ) ;
#2462 = CARTESIAN_POINT ( 'NONE',  ( 0.000000000000000000, 0.05000000000000000278, 0.000000000000000000 ) ) ;
#2463 = DIRECTION ( 'NONE',  ( 0.000000000000000000, 0.000000000000000000, 1.000000000000000000 ) ) ;
#2464 = DIRECTION ( 'NONE',  ( 0.000000000000000000, 0.000000000000000000, 1.000000000000000000 ) ) ;
#2465 =( NAMED_UNIT ( * ) PLANE_ANGLE_UNIT ( ) SI_UNIT ( $, .RADIAN. ) );
#2466 = ORIENTED_EDGE ( 'NONE', *, *, #6064, .T. ) ;
#2467 = AXIS2_PLACEMENT_3D ( 'NONE', #4056, #4104, #7091 ) ;
#2468 = DIRECTION ( 'NONE',  ( 0.000000000000000000, 0.000000000000000000, 1.000000000000000000 ) ) ;
#2469 = DIRECTION ( 'NONE',  ( 8.673617379884035472E-16, -0.000000000000000000, 1.000000000000000000 ) ) ;
#2470 = VECTOR ( 'NONE', #1343, 999.9999999999998863 ) ;
#2471 = VERTEX_POINT ( 'NONE', #8297 ) ;
#2472 = CARTESIAN_POINT ( 'NONE',  ( 0.4999999999999995559, 0.000000000000000000, 1.300000000000000266 ) ) ;
#2473 = ORIENTED_EDGE ( 'NONE', *, *, #6780, .T. ) ;
#2474 = CARTESIAN_POINT ( 'NONE',  ( -2.499999999999978684, 0.000000000000000000, -0.6999999999999995115 ) ) ;
#2475 = SURFACE_STYLE_USAGE ( .BOTH. , #4704 ) ;
#2476 = ORIENTED_EDGE ( 'NONE', *, *, #5392, .T. ) ;
#2477 = ADVANCED_FACE ( 'NONE', ( #1627 ), #4732, .T. ) ;
#2478 = AXIS2_PLACEMENT_3D ( 'NONE', #435, #4814, #3307 ) ;
#2479 = LINE ( 'NONE', #920, #1456 ) ;
#2480 = CARTESIAN_POINT ( 'NONE',  ( -1.704999999999999849, 1.324999999999999956, -0.1499999999999998002 ) ) ;
#2481 = DIRECTION ( 'NONE',  ( 0.000000000000000000, -1.000000000000000000, 0.000000000000000000 ) ) ;
#2482 = DIRECTION ( 'NONE',  ( -0.000000000000000000, -1.000000000000000000, 0.000000000000000000 ) ) ;
#2483 = FACE_OUTER_BOUND ( 'NONE', #6947, .T. ) ;
#2484 = PLANE ( 'NONE',  #3511 ) ;
#2485 = ORIENTED_EDGE ( 'NONE', *, *, #3774, .T. ) ;
#2486 = EDGE_CURVE ( 'NONE', #3786, #5710, #6313, .T. ) ;
#2487 = CARTESIAN_POINT ( 'NONE',  ( -0.6999999999999998446, 1.500000000000000000, 0.7599999999999995648 ) ) ;
#2488 = EDGE_CURVE ( 'NONE', #1089, #8460, #4581, .T. ) ;
#2489 = ORIENTED_EDGE ( 'NONE', *, *, #7492, .T. ) ;
#2490 = VECTOR ( 'NONE', #3487, 1000.000000000000000 ) ;
#2491 = DIRECTION ( 'NONE',  ( 0.000000000000000000, 0.000000000000000000, -1.000000000000000000 ) ) ;
#2492 = LINE ( 'NONE', #7754, #9179 ) ;
#2493 = ORIENTED_EDGE ( 'NONE', *, *, #273, .T. ) ;
#2494 = EDGE_CURVE ( 'NONE', #8154, #6784, #168, .T. ) ;
#2495 = EDGE_CURVE ( 'NONE', #6962, #7512, #9075, .T. ) ;
#2496 = DIRECTION ( 'NONE',  ( -1.000000000000000000, 0.000000000000000000, -0.000000000000000000 ) ) ;
#2497 = AXIS2_PLACEMENT_3D ( 'NONE', #4174, #2542, #7944 ) ;
#2498 = CARTESIAN_POINT ( 'NONE',  ( -0.9999999999999785727, 0.05000000000000000278, -0.7999999999999997113 ) ) ;
#2499 = ORIENTED_EDGE ( 'NONE', *, *, #2432, .T. ) ;
#2500 = ORIENTED_EDGE ( 'NONE', *, *, #8388, .F. ) ;
#2501 = ORIENTED_EDGE ( 'NONE', *, *, #7130, .F. ) ;
#2502 = CARTESIAN_POINT ( 'NONE',  ( 2.020000000000000018, 1.324999999999999956, -0.2250000000000002554 ) ) ;
#2503 = VECTOR ( 'NONE', #4716, 1000.000000000000000 ) ;
#2504 = DIRECTION ( 'NONE',  ( 0.000000000000000000, 1.000000000000000000, 0.000000000000000000 ) ) ;
#2505 = EDGE_CURVE ( 'NONE', #5578, #3608, #3892, .T. ) ;
#2506 =( NAMED_UNIT ( * ) SI_UNIT ( $, .STERADIAN. ) SOLID_ANGLE_UNIT ( ) );
#2507 = VECTOR ( 'NONE', #9064, 1000.000000000000000 ) ;
#2509 = COLOUR_RGB ( '',0.7529411764705882248, 0.7529411764705882248, 0.000000000000000000 ) ;
#2508 = DIRECTION ( 'NONE',  ( 0.000000000000000000, 0.000000000000000000, -1.000000000000000000 ) ) ;
#2510 = DIRECTION ( 'NONE',  ( 0.000000000000000000, 0.000000000000000000, 1.000000000000000000 ) ) ;
#2511 = VERTEX_POINT ( 'NONE', #1963 ) ;
#2512 = DIRECTION ( 'NONE',  ( -0.000000000000000000, 0.000000000000000000, -1.000000000000000000 ) ) ;
#2513 = VERTEX_POINT ( 'NONE', #5717 ) ;
#2514 = CARTESIAN_POINT ( 'NONE',  ( -1.999999999999978684, 0.000000000000000000, -1.414999999999999369 ) ) ;
#2515 = PLANE ( 'NONE',  #8485 ) ;
#2516 = AXIS2_PLACEMENT_3D ( 'NONE', #3391, #2577, #4118 ) ;
#2517 =( LENGTH_UNIT ( ) NAMED_UNIT ( * ) SI_UNIT ( .MILLI., .METRE. ) );
#2518 = ORIENTED_EDGE ( 'NONE', *, *, #7483, .T. ) ;
#2519 = LINE ( 'NONE', #6324, #3813 ) ;
#2520 = CARTESIAN_POINT ( 'NONE',  ( 1.885000000000000009, 1.464999999999999858, 1.450000000000000622 ) ) ;
#2522 = AXIS2_PLACEMENT_3D ( 'NONE', #791, #3701, #2977 ) ;
#2521 = DIRECTION ( 'NONE',  ( 0.000000000000000000, 0.000000000000000000, -1.000000000000000000 ) ) ;
#2523 = VECTOR ( 'NONE', #7102, 1000.000000000000000 ) ;
#2524 = VERTEX_POINT ( 'NONE', #7135 ) ;
#2525 = DIRECTION ( 'NONE',  ( 1.000000000000000000, -0.000000000000000000, 4.336808689942017736E-16 ) ) ;
#2526 = VERTEX_POINT ( 'NONE', #8727 ) ;
#2527 = LINE ( 'NONE', #1842, #6490 ) ;
#2528 = FILL_AREA_STYLE_COLOUR ( '', #2509 ) ;
#2529 = ORIENTED_EDGE ( 'NONE', *, *, #9432, .T. ) ;
#2530 = CARTESIAN_POINT ( 'NONE',  ( -0.9999999999999785727, 0.000000000000000000, -0.7999999999999997113 ) ) ;
#2531 = DIRECTION ( 'NONE',  ( -0.000000000000000000, -0.000000000000000000, 1.000000000000000000 ) ) ;
#2532 = FACE_OUTER_BOUND ( 'NONE', #6661, .T. ) ;
#2533 = CARTESIAN_POINT ( 'NONE',  ( 1.249999999999999334, 0.05000000000000000278, -1.414999999999999369 ) ) ;
#2534 = PLANE ( 'NONE',  #9284 ) ;
#2535 = FACE_OUTER_BOUND ( 'NONE', #614, .T. ) ;
#2536 = AXIS2_PLACEMENT_3D ( 'NONE', #1179, #4874, #7851 ) ;
#2537 = EDGE_CURVE ( 'NONE', #4426, #4326, #2639, .T. ) ;
#2538 = EDGE_LOOP ( 'NONE', ( #8808, #554 ) ) ;
#2539 = DIRECTION ( 'NONE',  ( 8.673617379884035472E-16, -0.000000000000000000, 1.000000000000000000 ) ) ;
#2540 = ORIENTED_EDGE ( 'NONE', *, *, #3121, .T. ) ;
#2541 = CARTESIAN_POINT ( 'NONE',  ( -1.814999999999999947, 0.2000000000000000944, -1.449999999999999734 ) ) ;
#2542 = DIRECTION ( 'NONE',  ( -0.000000000000000000, 1.000000000000000000, -0.000000000000000000 ) ) ;
#2543 = ORIENTED_EDGE ( 'NONE', *, *, #2060, .T. ) ;
#2544 = ADVANCED_FACE ( 'NONE', ( #6498 ), #2003, .T. ) ;
#2545 = LINE ( 'NONE', #5704, #3581 ) ;
#2546 = EDGE_CURVE ( 'NONE', #9146, #5359, #3407, .T. ) ;
#2547 = ADVANCED_FACE ( 'NONE', ( #1239 ), #1291, .T. ) ;
#2548 = CARTESIAN_POINT ( 'NONE',  ( -1.999999999999978684, 0.05000000000000000278, -0.7999999999999994893 ) ) ;
#2549 = ORIENTED_EDGE ( 'NONE', *, *, #4277, .T. ) ;
#2550 = ORIENTED_EDGE ( 'NONE', *, *, #1002, .T. ) ;
#2551 = AXIS2_PLACEMENT_3D ( 'NONE', #4914, #1856, #5559 ) ;
#2552 = DIRECTION ( 'NONE',  ( -1.000000000000000000, -0.000000000000000000, -0.000000000000000000 ) ) ;
#2553 = FACE_BOUND ( 'NONE', #3057, .T. ) ;
#2554 = EDGE_CURVE ( 'NONE', #3014, #2407, #7279, .T. ) ;
#2555 = EDGE_CURVE ( 'NONE', #6560, #2744, #5669, .T. ) ;
#2556 = CARTESIAN_POINT ( 'NONE',  ( 0.000000000000000000, 0.000000000000000000, 0.000000000000000000 ) ) ;
#2557 = DIRECTION ( 'NONE',  ( 0.000000000000000000, -0.000000000000000000, 1.000000000000000000 ) ) ;
#2558 = DIRECTION ( 'NONE',  ( 0.000000000000000000, 0.000000000000000000, 1.000000000000000000 ) ) ;
#2559 = EDGE_CURVE ( 'NONE', #7312, #2982, #3457, .T. ) ;
#2560 = ORIENTED_EDGE ( 'NONE', *, *, #5407, .F. ) ;
#2561 = VERTEX_POINT ( 'NONE', #4976 ) ;
#2562 = FACE_OUTER_BOUND ( 'NONE', #483, .T. ) ;
#2563 = CARTESIAN_POINT ( 'NONE',  ( -0.9999999999999785727, 0.05000000000000000278, -0.7999999999999997113 ) ) ;
#2564 = ORIENTED_EDGE ( 'NONE', *, *, #2220, .F. ) ;
#2565 = VERTEX_POINT ( 'NONE', #5616 ) ;
#2566 = AXIS2_PLACEMENT_3D ( 'NONE', #3630, #8260, #41 ) ;
#2567 = CYLINDRICAL_SURFACE ( 'NONE', #1349, 0.07000000000000039524 ) ;
#2568 = CARTESIAN_POINT ( 'NONE',  ( -0.6999999999999998446, 1.464999999999999858, -0.5600000000000003864 ) ) ;
#2569 = EDGE_LOOP ( 'NONE', ( #5121, #3636, #6511, #3120 ) ) ;
#2570 = FACE_OUTER_BOUND ( 'NONE', #9401, .T. ) ;
#2571 = ORIENTED_EDGE ( 'NONE', *, *, #8713, .T. ) ;
#2572 = DIRECTION ( 'NONE',  ( 0.000000000000000000, -0.000000000000000000, -1.000000000000000000 ) ) ;
#2573 = DIRECTION ( 'NONE',  ( -0.000000000000000000, -1.000000000000000000, -0.000000000000000000 ) ) ;
#2574 = ORIENTED_EDGE ( 'NONE', *, *, #5154, .T. ) ;
#2575 = VECTOR ( 'NONE', #8362, 1000.000000000000000 ) ;
#2576 = VECTOR ( 'NONE', #8794, 1000.000000000000000 ) ;
#2577 = DIRECTION ( 'NONE',  ( -0.000000000000000000, 0.000000000000000000, 1.000000000000000000 ) ) ;
#2578 = LINE ( 'NONE', #8522, #1031 ) ;
#2579 = DIRECTION ( 'NONE',  ( 0.000000000000000000, -1.000000000000000000, 0.000000000000000000 ) ) ;
#2580 = PLANE ( 'NONE',  #2231 ) ;
#2581 = EDGE_LOOP ( 'NONE', ( #2371, #8099, #4384, #3875 ) ) ;
#2582 = ORIENTED_EDGE ( 'NONE', *, *, #1990, .F. ) ;
#2583 = VECTOR ( 'NONE', #6337, 1000.000000000000000 ) ;
#2584 = DIRECTION ( 'NONE',  ( 0.000000000000000000, -1.000000000000000000, 0.000000000000000000 ) ) ;
#2585 = VECTOR ( 'NONE', #6159, 1000.000000000000000 ) ;
#2586 = SURFACE_STYLE_FILL_AREA ( #9246 ) ;
#2587 = CARTESIAN_POINT ( 'NONE',  ( -1.249999999999978462, 0.000000000000000000, -0.7999999999999994893 ) ) ;
#2588 = AXIS2_PLACEMENT_3D ( 'NONE', #3481, #2854, #6473 ) ;
#2589 = VECTOR ( 'NONE', #2349, 1000.000000000000000 ) ;
#2590 = CARTESIAN_POINT ( 'NONE',  ( -0.7500000000000002220, 1.464999999999999858, 0.7099999999999992983 ) ) ;
#2591 = VERTEX_POINT ( 'NONE', #7229 ) ;
#2592 = EDGE_LOOP ( 'NONE', ( #1027, #1298, #5266, #4591, #69, #3050, #4334, #7657 ) ) ;
#2593 = EDGE_CURVE ( 'NONE', #7312, #4434, #7179, .T. ) ;
#2594 = ORIENTED_EDGE ( 'NONE', *, *, #8614, .T. ) ;
#2595 = AXIS2_PLACEMENT_3D ( 'NONE', #7530, #8298, #6849 ) ;
#2596 = ADVANCED_FACE ( 'NONE', ( #2689 ), #4295, .F. ) ;
#2597 = DIRECTION ( 'NONE',  ( 1.000000000000000000, 0.000000000000000000, -8.673617379884035472E-16 ) ) ;
#2598 = CARTESIAN_POINT ( 'NONE',  ( 3.200000000000000178, 1.464999999999999858, -1.514999999999999902 ) ) ;
#2599 = FACE_OUTER_BOUND ( 'NONE', #179, .T. ) ;
#2600 = ORIENTED_EDGE ( 'NONE', *, *, #6703, .F. ) ;
#2601 = ORIENTED_EDGE ( 'NONE', *, *, #3643, .T. ) ;
#2602 = EDGE_CURVE ( 'NONE', #5710, #4578, #4835, .T. ) ;
#2603 = EDGE_CURVE ( 'NONE', #9606, #1083, #5023, .T. ) ;
#2604 = CARTESIAN_POINT ( 'NONE',  ( 1.158000000000000140, 0.05000000000000000278, 0.6000000000000000888 ) ) ;
#2605 = EDGE_LOOP ( 'NONE', ( #6278, #6741, #5622, #5248 ) ) ;
#2606 = EDGE_CURVE ( 'NONE', #8185, #5510, #3368, .T. ) ;
#2607 = PLANE ( 'NONE',  #3502 ) ;
#2608 = EDGE_CURVE ( 'NONE', #988, #4350, #6548, .T. ) ;
#2609 = CARTESIAN_POINT ( 'NONE',  ( -2.397500000000000409, 1.439999999999999947, -1.399999999999999245 ) ) ;
#2610 = FACE_OUTER_BOUND ( 'NONE', #8143, .T. ) ;
#2611 = ORIENTED_EDGE ( 'NONE', *, *, #411, .T. ) ;
#2612 = DIRECTION ( 'NONE',  ( -0.000000000000000000, 1.000000000000000000, -0.000000000000000000 ) ) ;
#2613 = ORIENTED_EDGE ( 'NONE', *, *, #3963, .F. ) ;
#2614 = AXIS2_PLACEMENT_3D ( 'NONE', #6686, #5257, #5993 ) ;
#2615 =( NAMED_UNIT ( * ) SI_UNIT ( $, .STERADIAN. ) SOLID_ANGLE_UNIT ( ) );
#2616 = ORIENTED_EDGE ( 'NONE', *, *, #994, .T. ) ;
#2617 = PLANE ( 'NONE',  #2706 ) ;
#2618 = ADVANCED_FACE ( 'NONE', ( #1145 ), #6353, .T. ) ;
#2619 = CARTESIAN_POINT ( 'NONE',  ( 1.750000000000021094, 0.05000000000000000278, -1.414999999999999813 ) ) ;
#2620 = VECTOR ( 'NONE', #3406, 1000.000000000000000 ) ;
#2621 = LINE ( 'NONE', #3981, #8724 ) ;
#2622 = DIRECTION ( 'NONE',  ( 0.000000000000000000, -1.000000000000000000, 0.000000000000000000 ) ) ;
#2623 = LINE ( 'NONE', #386, #5265 ) ;
#2624 = CARTESIAN_POINT ( 'NONE',  ( -1.999999999999978684, 0.000000000000000000, -0.7999999999999994893 ) ) ;
#2625 = EDGE_LOOP ( 'NONE', ( #1018, #3509, #4404, #6259 ) ) ;
#2626 = FACE_OUTER_BOUND ( 'NONE', #3740, .T. ) ;
#2627 = CARTESIAN_POINT ( 'NONE',  ( 3.165000000000000480, 1.464999999999999858, 1.479999999999999760 ) ) ;
#2628 = LINE ( 'NONE', #5601, #7216 ) ;
#2629 = DIRECTION ( 'NONE',  ( 0.000000000000000000, 1.000000000000000000, -0.000000000000000000 ) ) ;
#2630 = CARTESIAN_POINT ( 'NONE',  ( 0.2499999999999997780, 0.05000000000000000278, 1.414999999999999813 ) ) ;
#2631 = FACE_OUTER_BOUND ( 'NONE', #1781, .T. ) ;
#2632 = ORIENTED_EDGE ( 'NONE', *, *, #2000, .F. ) ;
#2633 = CARTESIAN_POINT ( 'NONE',  ( -1.249999999999978462, 0.05000000000000000278, -0.7999999999999994893 ) ) ;
#2634 = VERTEX_POINT ( 'NONE', #5070 ) ;
#2635 = ORIENTED_EDGE ( 'NONE', *, *, #6122, .F. ) ;
#2636 = DIRECTION ( 'NONE',  ( -2.506825832336425562E-16, 0.000000000000000000, -1.000000000000000000 ) ) ;
#2637 = VECTOR ( 'NONE', #540, 1000.000000000000000 ) ;
#2638 = ADVANCED_FACE ( 'NONE', ( #5812 ), #8966, .T. ) ;
#2639 = LINE ( 'NONE', #6403, #2032 ) ;
#2640 = PLANE ( 'NONE',  #1508 ) ;
#2641 = LINE ( 'NONE', #2691, #7546 ) ;
#2642 = CLOSED_SHELL ( 'NONE', ( #4497, #8857, #2068, #8145, #9272, #3766, #5513, #8575 ) ) ;
#2643 = VERTEX_POINT ( 'NONE', #6744 ) ;
#2644 = DIRECTION ( 'NONE',  ( 1.000000000000000000, 0.000000000000000000, -8.673617379884035472E-16 ) ) ;
#2645 = ORIENTED_EDGE ( 'NONE', *, *, #6485, .F. ) ;
#2646 = ADVANCED_FACE ( 'NONE', ( #7329 ), #2296, .T. ) ;
#2647 = LINE ( 'NONE', #7867, #2298 ) ;
#2648 = DIRECTION ( 'NONE',  ( -4.336808689942017736E-16, 0.000000000000000000, 1.000000000000000000 ) ) ;
#2649 = VERTEX_POINT ( 'NONE', #18 ) ;
#2650 = ORIENTED_EDGE ( 'NONE', *, *, #7433, .T. ) ;
#2651 = VECTOR ( 'NONE', #8337, 1000.000000000000000 ) ;
#2652 = VECTOR ( 'NONE', #2043, 1000.000000000000000 ) ;
#2653 = CARTESIAN_POINT ( 'NONE',  ( -1.750000000000000444, 0.000000000000000000, 0.8000000000000003775 ) ) ;
#2654 = ADVANCED_FACE ( 'NONE', ( #650 ), #7428, .F. ) ;
#2655 = EDGE_CURVE ( 'NONE', #5681, #8460, #6729, .T. ) ;
#2656 = LINE ( 'NONE', #5034, #2470 ) ;
#2657 = DIRECTION ( 'NONE',  ( -0.000000000000000000, 0.000000000000000000, 1.000000000000000000 ) ) ;
#2658 = ORIENTED_EDGE ( 'NONE', *, *, #8610, .T. ) ;
#2659 = EDGE_LOOP ( 'NONE', ( #2466, #2401, #7756, #6971 ) ) ;
#2660 = PLANE ( 'NONE',  #8277 ) ;
#2661 = VECTOR ( 'NONE', #9473, 1000.000000000000000 ) ;
#2662 = ADVANCED_FACE ( 'NONE', ( #5117 ), #1385, .T. ) ;
#2663 = VECTOR ( 'NONE', #8317, 1000.000000000000000 ) ;
#2664 = ORIENTED_EDGE ( 'NONE', *, *, #1579, .F. ) ;
#2665 = ADVANCED_FACE ( 'NONE', ( #2149 ), #1432, .T. ) ;
#2666 = ORIENTED_EDGE ( 'NONE', *, *, #8552, .F. ) ;
#2667 = EDGE_CURVE ( 'NONE', #2675, #2277, #1521, .T. ) ;
#2668 = CIRCLE ( 'NONE', #4996, 0.03500000000000009354 ) ;
#2669 = EDGE_CURVE ( 'NONE', #8132, #1609, #3792, .T. ) ;
#2670 = DIRECTION ( 'NONE',  ( 1.000000000000000000, 0.000000000000000000, 0.000000000000000000 ) ) ;
#2671 = DIRECTION ( 'NONE',  ( -0.000000000000000000, -1.000000000000000000, -0.000000000000000000 ) ) ;
#2672 = LINE ( 'NONE', #1751, #607 ) ;
#2673 = CARTESIAN_POINT ( 'NONE',  ( -0.2500000000000002220, 0.05000000000000000278, 1.300000000000000266 ) ) ;
#2674 = DIRECTION ( 'NONE',  ( 1.000000000000000000, 0.000000000000000000, 0.000000000000000000 ) ) ;
#2675 = VERTEX_POINT ( 'NONE', #6793 ) ;
#2676 = ORIENTED_EDGE ( 'NONE', *, *, #4737, .T. ) ;
#2677 = VECTOR ( 'NONE', #912, 1000.000000000000000 ) ;
#2678 = DIRECTION ( 'NONE',  ( 0.000000000000000000, 0.000000000000000000, 1.000000000000000000 ) ) ;
#2679 = PLANE ( 'NONE',  #3718 ) ;
#2680 = DIRECTION ( 'NONE',  ( -8.673617379884035472E-16, 0.000000000000000000, -1.000000000000000000 ) ) ;
#2681 = CARTESIAN_POINT ( 'NONE',  ( 2.900000000000001243, 0.000000000000000000, -0.2499999999999980571 ) ) ;
#2682 = VERTEX_POINT ( 'NONE', #2925 ) ;
#2683 = DIRECTION ( 'NONE',  ( 8.673617379884035472E-16, -0.000000000000000000, 1.000000000000000000 ) ) ;
#2684 = EDGE_LOOP ( 'NONE', ( #8328, #5470, #6869, #4066 ) ) ;
#2685 = EDGE_LOOP ( 'NONE', ( #3551, #5974, #6920, #3938 ) ) ;
#2686 = CARTESIAN_POINT ( 'NONE',  ( -2.500000000000000000, 0.05000000000000000278, -0.6999999999999995115 ) ) ;
#2687 = DIRECTION ( 'NONE',  ( 0.000000000000000000, -1.000000000000000000, 0.000000000000000000 ) ) ;
#2688 = DIRECTION ( 'NONE',  ( 1.000000000000000000, 0.000000000000000000, 0.000000000000000000 ) ) ;
#2689 = FACE_OUTER_BOUND ( 'NONE', #2605, .T. ) ;
#2690 = LINE ( 'NONE', #5071, #7268 ) ;
#2691 = CARTESIAN_POINT ( 'NONE',  ( -1.249999999999978906, 0.05000000000000000278, -1.299999999999999600 ) ) ;
#2692 = VECTOR ( 'NONE', #7997, 1000.000000000000000 ) ;
#2693 = ORIENTED_EDGE ( 'NONE', *, *, #5996, .F. ) ;
#2694 = CARTESIAN_POINT ( 'NONE',  ( -2.299999999999999822, 0.05000000000000000278, -0.6999999999999995115 ) ) ;
#2695 = ORIENTED_EDGE ( 'NONE', *, *, #7733, .F. ) ;
#2696 = CARTESIAN_POINT ( 'NONE',  ( -1.000000000000000444, 0.000000000000000000, -1.414999999999999369 ) ) ;
#2697 = CARTESIAN_POINT ( 'NONE',  ( 0.2499999999999993616, 0.05000000000000000278, 0.8000000000000003775 ) ) ;
#2698 = VERTEX_POINT ( 'NONE', #5963 ) ;
#2699 = ORIENTED_EDGE ( 'NONE', *, *, #5956, .T. ) ;
#2700 = CARTESIAN_POINT ( 'NONE',  ( 0.4341322026734634187, 1.164999999999999813, 0.6499999999999996891 ) ) ;
#2701 = CARTESIAN_POINT ( 'NONE',  ( -0.2499999999999785449, 0.000000000000000000, -1.299999999999999600 ) ) ;
#2702 = CARTESIAN_POINT ( 'NONE',  ( 0.000000000000000000, 0.000000000000000000, 0.000000000000000000 ) ) ;
#2703 = EDGE_LOOP ( 'NONE', ( #8178, #2396, #1149, #5930 ) ) ;
#2704 = EDGE_LOOP ( 'NONE', ( #5999, #5114, #3085, #1711 ) ) ;
#2705 = PLANE ( 'NONE',  #6578 ) ;
#2706 = AXIS2_PLACEMENT_3D ( 'NONE', #6469, #9419, #2760 ) ;
#2707 = ORIENTED_EDGE ( 'NONE', *, *, #3833, .F. ) ;
#2708 = ADVANCED_FACE ( 'NONE', ( #3022 ), #5909, .T. ) ;
#2709 = VECTOR ( 'NONE', #7861, 1000.000000000000000 ) ;
#2710 = CARTESIAN_POINT ( 'NONE',  ( -1.814999999999999947, 1.464999999999999858, -1.379999999999999449 ) ) ;
#2711 = ORIENTED_EDGE ( 'NONE', *, *, #5466, .T. ) ;
#2712 = CARTESIAN_POINT ( 'NONE',  ( -1.885000000000000231, 1.464999999999999858, -1.479999999999999760 ) ) ;
#2713 = EDGE_CURVE ( 'NONE', #8332, #1300, #5161, .T. ) ;
#2714 = LINE ( 'NONE', #9285, #7347 ) ;
#2715 = AXIS2_PLACEMENT_3D ( 'NONE', #2702, #1254, #4208 ) ;
#2716 = AXIS2_PLACEMENT_3D ( 'NONE', #7759, #4720, #7713 ) ;
#2717 = DIRECTION ( 'NONE',  ( -0.000000000000000000, 1.000000000000000000, -0.000000000000000000 ) ) ;
#2718 = SURFACE_STYLE_USAGE ( .BOTH. , #8619 ) ;
#2719 = VERTEX_POINT ( 'NONE', #937 ) ;
#2720 = EDGE_CURVE ( 'NONE', #3389, #8223, #111, .T. ) ;
#2721 = DIRECTION ( 'NONE',  ( 0.000000000000000000, 0.000000000000000000, 1.000000000000000000 ) ) ;
#2722 = EDGE_CURVE ( 'NONE', #6054, #3217, #2400, .T. ) ;
#2723 = VECTOR ( 'NONE', #1970, 1000.000000000000000 ) ;
#2724 = PLANE ( 'NONE',  #2843 ) ;
#2725 = ADVANCED_FACE ( 'NONE', ( #3225 ), #1037, .F. ) ;
#2726 = EDGE_CURVE ( 'NONE', #730, #3412, #6052, .T. ) ;
#2727 = PLANE ( 'NONE',  #7022 ) ;
#2728 = CARTESIAN_POINT ( 'NONE',  ( -1.250000000000000444, 0.05000000000000000278, 1.300000000000000266 ) ) ;
#2729 = DIRECTION ( 'NONE',  ( 8.673617379884035472E-16, -0.000000000000000000, 1.000000000000000000 ) ) ;
#2730 = EDGE_LOOP ( 'NONE', ( #7430, #9162, #7588, #9050 ) ) ;
#2731 = VECTOR ( 'NONE', #5179, 1000.000000000000000 ) ;
#2732 = CARTESIAN_POINT ( 'NONE',  ( 2.620000000000000107, 1.350000000000000089, 0.4999999999999997780 ) ) ;
#2733 = ORIENTED_EDGE ( 'NONE', *, *, #7689, .T. ) ;
#2734 = DIRECTION ( 'NONE',  ( 0.000000000000000000, 1.000000000000000000, -0.000000000000000000 ) ) ;
#2735 = DIRECTION ( 'NONE',  ( 0.000000000000000000, 0.000000000000000000, -1.000000000000000000 ) ) ;
#2736 = AXIS2_PLACEMENT_3D ( 'NONE', #3421, #662, #5083 ) ;
#2737 = CIRCLE ( 'NONE', #6641, 0.07499999999999998335 ) ;
#2738 = DIRECTION ( 'NONE',  ( 0.000000000000000000, 0.000000000000000000, -1.000000000000000000 ) ) ;
#2739 = DIRECTION ( 'NONE',  ( 8.673617379884035472E-16, -0.000000000000000000, 1.000000000000000000 ) ) ;
#2740 = DIRECTION ( 'NONE',  ( -1.000000000000000000, 0.000000000000000000, -0.000000000000000000 ) ) ;
#2741 = CARTESIAN_POINT ( 'NONE',  ( 3.130000000000000338, 1.500000000000000000, 1.479999999999999760 ) ) ;
#2742 = VERTEX_POINT ( 'NONE', #8289 ) ;
#2743 = LINE ( 'NONE', #4887, #436 ) ;
#2744 = VERTEX_POINT ( 'NONE', #8339 ) ;
#2745 = DIRECTION ( 'NONE',  ( 7.228014483236698528E-16, -1.000000000000000000, 0.000000000000000000 ) ) ;
#2746 = CIRCLE ( 'NONE', #5554, 0.03500000000000009354 ) ;
#2747 = AXIS2_PLACEMENT_3D ( 'NONE', #3859, #3139, #5382 ) ;
#2748 = LINE ( 'NONE', #5575, #2723 ) ;
#2749 = ORIENTED_EDGE ( 'NONE', *, *, #4858, .F. ) ;
#2750 = PLANE ( 'NONE',  #4327 ) ;
#2751 = AXIS2_PLACEMENT_3D ( 'NONE', #1879, #1157, #425 ) ;
#2752 = DIRECTION ( 'NONE',  ( 0.000000000000000000, -1.000000000000000000, 0.000000000000000000 ) ) ;
#2753 = VERTEX_POINT ( 'NONE', #7668 ) ;
#2754 = ORIENTED_EDGE ( 'NONE', *, *, #3555, .T. ) ;
#2755 = LINE ( 'NONE', #3425, #7794 ) ;
#2756 = ORIENTED_EDGE ( 'NONE', *, *, #2912, .F. ) ;
#2757 = LINE ( 'NONE', #2020, #9035 ) ;
#2758 = EDGE_LOOP ( 'NONE', ( #4060, #7169, #5317, #6108 ) ) ;
#2759 = CIRCLE ( 'NONE', #8062, 0.2499999999999999445 ) ;
#2760 = DIRECTION ( 'NONE',  ( 0.000000000000000000, -0.000000000000000000, 1.000000000000000000 ) ) ;
#2761 = CARTESIAN_POINT ( 'NONE',  ( 3.100000000000000533, 0.2000000000000000944, 1.414999999999999813 ) ) ;
#2762 = LINE ( 'NONE', #3631, #2433 ) ;
#2763 = FACE_OUTER_BOUND ( 'NONE', #9551, .T. ) ;
#2764 = CIRCLE ( 'NONE', #4006, 0.05000000000000002359 ) ;
#2765 = DIRECTION ( 'NONE',  ( -1.000000000000000000, 0.000000000000000000, 0.000000000000000000 ) ) ;
#2766 = ORIENTED_EDGE ( 'NONE', *, *, #5582, .T. ) ;
#2767 = EDGE_CURVE ( 'NONE', #849, #4656, #6155, .T. ) ;
#2768 = DIRECTION ( 'NONE',  ( 0.000000000000000000, 0.000000000000000000, -1.000000000000000000 ) ) ;
#2769 = AXIS2_PLACEMENT_3D ( 'NONE', #7904, #8007, #4289 ) ;
#2770 = LINE ( 'NONE', #1370, #7238 ) ;
#2771 = LINE ( 'NONE', #1372, #7339 ) ;
#2772 = EDGE_CURVE ( 'NONE', #6973, #5663, #2343, .T. ) ;
#2773 = EDGE_CURVE ( 'NONE', #7274, #6536, #6204, .T. ) ;
#2774 = CARTESIAN_POINT ( 'NONE',  ( 2.900000000000001243, 0.05000000000000000278, 0.2500000000000019429 ) ) ;
#2775 = CARTESIAN_POINT ( 'NONE',  ( 3.165000000000000480, 1.464999999999999858, -1.444999999999999840 ) ) ;
#2776 = ORIENTED_EDGE ( 'NONE', *, *, #7204, .T. ) ;
#2777 = VERTEX_POINT ( 'NONE', #8482 ) ;
#2778 = EDGE_CURVE ( 'NONE', #8642, #6004, #3168, .T. ) ;
#2779 = ADVANCED_FACE ( 'NONE', ( #4572 ), #6100, .T. ) ;
#2780 = DIRECTION ( 'NONE',  ( -1.000000000000000000, 0.000000000000000000, 0.000000000000000000 ) ) ;
#2781 = EDGE_CURVE ( 'NONE', #8165, #4434, #5364, .T. ) ;
#2782 = DIRECTION ( 'NONE',  ( 0.000000000000000000, 1.000000000000000000, -0.000000000000000000 ) ) ;
#2783 = CARTESIAN_POINT ( 'NONE',  ( 2.000000000000021760, 0.05000000000000000278, -0.7999999999999997113 ) ) ;
#2784 = DIRECTION ( 'NONE',  ( -0.000000000000000000, 0.000000000000000000, 1.000000000000000000 ) ) ;
#2785 = LINE ( 'NONE', #5764, #3789 ) ;
#2786 = EDGE_LOOP ( 'NONE', ( #521, #7649, #3470, #3018 ) ) ;
#2787 = CARTESIAN_POINT ( 'NONE',  ( 0.5000000000000213163, 0.05000000000000000278, -1.299999999999999600 ) ) ;
#2788 = ORIENTED_EDGE ( 'NONE', *, *, #8721, .T. ) ;
#2789 = DIRECTION ( 'NONE',  ( 1.000000000000000000, 0.000000000000000000, -0.000000000000000000 ) ) ;
#2790 = VERTEX_POINT ( 'NONE', #2447 ) ;
#2791 = ORIENTED_EDGE ( 'NONE', *, *, #1085, .F. ) ;
#2792 = DIRECTION ( 'NONE',  ( -8.673617379884035472E-16, 0.000000000000000000, -1.000000000000000000 ) ) ;
#2793 = AXIS2_PLACEMENT_3D ( 'NONE', #8692, #2842, #2792 ) ;
#2794 = LINE ( 'NONE', #4257, #3698 ) ;
#2795 = LINE ( 'NONE', #7872, #6943 ) ;
#2796 = PLANE ( 'NONE',  #2715 ) ;
#2797 = VERTEX_POINT ( 'NONE', #5415 ) ;
#2798 = VERTEX_POINT ( 'NONE', #8390 ) ;
#2799 = CARTESIAN_POINT ( 'NONE',  ( 0.9999999999999995559, 0.05000000000000000278, 1.300000000000000266 ) ) ;
#2800 = ORIENTED_EDGE ( 'NONE', *, *, #633, .T. ) ;
#2801 = CARTESIAN_POINT ( 'NONE',  ( 2.000000000000000000, 0.000000000000000000, 1.300000000000000266 ) ) ;
#2802 = AXIS2_PLACEMENT_3D ( 'NONE', #1598, #1792, #1643 ) ;
#2803 =( NAMED_UNIT ( * ) SI_UNIT ( $, .STERADIAN. ) SOLID_ANGLE_UNIT ( ) );
#2804 = ORIENTED_EDGE ( 'NONE', *, *, #9193, .F. ) ;
#2805 = AXIS2_PLACEMENT_3D ( 'NONE', #786, #6740, #60 ) ;
#2806 = DIRECTION ( 'NONE',  ( -1.000000000000000000, 0.000000000000000000, 0.000000000000000000 ) ) ;
#2807 = CARTESIAN_POINT ( 'NONE',  ( 0.4999999999999995559, 0.000000000000000000, 1.300000000000000266 ) ) ;
#2808 = LINE ( 'NONE', #6622, #4912 ) ;
#2810 = AXIS2_PLACEMENT_3D ( 'NONE', #2462, #4491, #3806 ) ;
#2809 = DIRECTION ( 'NONE',  ( 0.000000000000000000, 0.000000000000000000, -1.000000000000000000 ) ) ;
#2811 = LINE ( 'NONE', #2077, #3294 ) ;
#2812 = AXIS2_PLACEMENT_3D ( 'NONE', #972, #7699, #4604 ) ;
#2813 = PLANE ( 'NONE',  #9424 ) ;
#2814 = CARTESIAN_POINT ( 'NONE',  ( 2.020000000000000462, 1.324999999999999956, 0.4999999999999997780 ) ) ;
#2815 = EDGE_LOOP ( 'NONE', ( #638, #9381, #5432, #1294 ) ) ;
#2816 = LINE ( 'NONE', #7213, #5938 ) ;
#2817 = VECTOR ( 'NONE', #2269, 1000.000000000000000 ) ;
#2818 = PLANE ( 'NONE',  #8777 ) ;
#2819 = CARTESIAN_POINT ( 'NONE',  ( -1.750000000000000444, 0.000000000000000000, 1.300000000000000266 ) ) ;
#2820 = EDGE_CURVE ( 'NONE', #6797, #5923, #3942, .T. ) ;
#2821 = ORIENTED_EDGE ( 'NONE', *, *, #7840, .T. ) ;
#2822 = LINE ( 'NONE', #1325, #1914 ) ;
#2823 = CONICAL_SURFACE ( 'NONE', #8885, 0.07499999999999998335, 0.3490658503988666728 ) ;
#2824 = VECTOR ( 'NONE', #5186, 1000.000000000000000 ) ;
#2825 = ORIENTED_EDGE ( 'NONE', *, *, #5880, .F. ) ;
#2826 = CARTESIAN_POINT ( 'NONE',  ( 0.09499999999999975131, 1.164999999999999813, -0.4500000000000003997 ) ) ;
#2827 = ORIENTED_EDGE ( 'NONE', *, *, #8435, .T. ) ;
#2828 = PLANE ( 'NONE',  #1227 ) ;
#2829 = CARTESIAN_POINT ( 'NONE',  ( -2.400000000000000355, 0.05000000000000000278, -0.2499999999999997780 ) ) ;
#2830 = EDGE_CURVE ( 'NONE', #932, #388, #4919, .T. ) ;
#2831 = EDGE_CURVE ( 'NONE', #2460, #8426, #6488, .T. ) ;
#2832 = EDGE_CURVE ( 'NONE', #9498, #1923, #4091, .T. ) ;
#2833 = DIRECTION ( 'NONE',  ( 0.000000000000000000, -1.000000000000000000, 0.000000000000000000 ) ) ;
#2834 = VERTEX_POINT ( 'NONE', #2630 ) ;
#2835 = LINE ( 'NONE', #7917, #2453 ) ;
#2836 = ORIENTED_EDGE ( 'NONE', *, *, #280, .T. ) ;
#2837 = VECTOR ( 'NONE', #9431, 1000.000000000000000 ) ;
#2838 = EDGE_CURVE ( 'NONE', #7472, #8900, #5603, .T. ) ;
#2839 = CARTESIAN_POINT ( 'NONE',  ( 2.000000000000021760, 0.05000000000000000278, -0.7999999999999997113 ) ) ;
#2840 = EDGE_LOOP ( 'NONE', ( #1488, #7323, #3303, #8545 ) ) ;
#2841 = ADVANCED_FACE ( 'NONE', ( #7897 ), #444, .F. ) ;
#2842 = DIRECTION ( 'NONE',  ( 1.000000000000000000, 0.000000000000000000, -8.673617379884035472E-16 ) ) ;
#2843 = AXIS2_PLACEMENT_3D ( 'NONE', #7945, #2034, #2680 ) ;
#2844 = EDGE_CURVE ( 'NONE', #5808, #1571, #2086, .T. ) ;
#2845 = CARTESIAN_POINT ( 'NONE',  ( 2.695000000000000284, 1.324999999999999956, -0.2249999999999997558 ) ) ;
#2846 = ADVANCED_FACE ( 'NONE', ( #2483 ), #2823, .F. ) ;
#2847 = ORIENTED_EDGE ( 'NONE', *, *, #3432, .T. ) ;
#2848 = VERTEX_POINT ( 'NONE', #5450 ) ;
#2849 = LINE ( 'NONE', #5832, #2040 ) ;
#2850 = FACE_OUTER_BOUND ( 'NONE', #3122, .T. ) ;
#2851 = VERTEX_POINT ( 'NONE', #870 ) ;
#2852 = ORIENTED_EDGE ( 'NONE', *, *, #634, .F. ) ;
#2853 = CARTESIAN_POINT ( 'NONE',  ( -1.000000000000000444, 0.000000000000000000, 1.300000000000000266 ) ) ;
#2854 = DIRECTION ( 'NONE',  ( 0.000000000000000000, 0.000000000000000000, -1.000000000000000000 ) ) ;
#2855 = AXIS2_PLACEMENT_3D ( 'NONE', #723, #2024, #8846 ) ;
#2856 = LINE ( 'NONE', #677, #6884 ) ;
#2857 = FILL_AREA_STYLE_COLOUR ( '', #7890 ) ;
#2858 = LINE ( 'NONE', #7414, #1578 ) ;
#2859 = VECTOR ( 'NONE', #455, 1000.000000000000000 ) ;
#2860 = ORIENTED_EDGE ( 'NONE', *, *, #7145, .F. ) ;
#2861 = CARTESIAN_POINT ( 'NONE',  ( -1.704999999999999849, 1.350000000000000089, 0.1000000000000001582 ) ) ;
#2862 = ORIENTED_EDGE ( 'NONE', *, *, #9266, .F. ) ;
#2863 = VECTOR ( 'NONE', #3765, 1000.000000000000000 ) ;
#2864 = AXIS2_PLACEMENT_3D ( 'NONE', #3068, #1615, #5960 ) ;
#2865 = LINE ( 'NONE', #1417, #9393 ) ;
#2866 = CARTESIAN_POINT ( 'NONE',  ( 1.814999999999999725, 1.464999999999999858, -1.379999999999999671 ) ) ;
#2867 = ORIENTED_EDGE ( 'NONE', *, *, #3420, .F. ) ;
#2868 = LINE ( 'NONE', #7368, #680 ) ;
#2869 = ORIENTED_EDGE ( 'NONE', *, *, #2495, .T. ) ;
#2870 = EDGE_LOOP ( 'NONE', ( #255, #97, #8999, #5196 ) ) ;
#2871 = LINE ( 'NONE', #4385, #2955 ) ;
#2872 = LINE ( 'NONE', #7551, #8186 ) ;
#2873 = LINE ( 'NONE', #2146, #6995 ) ;
#2874 = LINE ( 'NONE', #8723, #1008 ) ;
#2875 = VECTOR ( 'NONE', #5821, 1000.000000000000000 ) ;
#2876 = EDGE_CURVE ( 'NONE', #6156, #3507, #7608, .T. ) ;
#2877 = DIRECTION ( 'NONE',  ( 0.000000000000000000, 0.000000000000000000, -1.000000000000000000 ) ) ;
#2878 = ORIENTED_EDGE ( 'NONE', *, *, #3009, .F. ) ;
#2879 = EDGE_LOOP ( 'NONE', ( #9458, #6104, #6625, #8479 ) ) ;
#2880 = AXIS2_PLACEMENT_3D ( 'NONE', #675, #2809, #7356 ) ;
#2881 = CARTESIAN_POINT ( 'NONE',  ( 0.4999999999999995559, 0.05000000000000000278, 1.300000000000000266 ) ) ;
#2882 = ORIENTED_EDGE ( 'NONE', *, *, #7260, .T. ) ;
#2883 = EDGE_CURVE ( 'NONE', #1083, #9106, #9196, .T. ) ;
#2884 = CIRCLE ( 'NONE', #2736, 0.06999999999999996503 ) ;
#2885 = PLANE ( 'NONE',  #8076 ) ;
#2886 = DIRECTION ( 'NONE',  ( 0.000000000000000000, 0.000000000000000000, 1.000000000000000000 ) ) ;
#2887 = EDGE_CURVE ( 'NONE', #6774, #8549, #3781, .T. ) ;
#2888 = CARTESIAN_POINT ( 'NONE',  ( 3.125000000000000000, 0.2000000000000000944, -1.514999999999999902 ) ) ;
#2889 = DIRECTION ( 'NONE',  ( 0.000000000000000000, 0.000000000000000000, -1.000000000000000000 ) ) ;
#2890 = ADVANCED_FACE ( 'NONE', ( #4710 ), #8422, .T. ) ;
#2891 = CYLINDRICAL_SURFACE ( 'NONE', #6742, 0.03500000000000009354 ) ;
#2892 = ORIENTED_EDGE ( 'NONE', *, *, #2602, .T. ) ;
#2893 = AXIS2_PLACEMENT_3D ( 'NONE', #1639, #7450, #2950 ) ;
#2894 = ORIENTED_EDGE ( 'NONE', *, *, #7850, .F. ) ;
#2895 = VECTOR ( 'NONE', #7780, 1000.000000000000000 ) ;
#2896 = CARTESIAN_POINT ( 'NONE',  ( 3.100000000000000533, -6.815342984766064482, -1.414999999999999813 ) ) ;
#2897 = ORIENTED_EDGE ( 'NONE', *, *, #588, .F. ) ;
#2898 = EDGE_CURVE ( 'NONE', #8141, #8152, #1653, .T. ) ;
#2899 = ORIENTED_EDGE ( 'NONE', *, *, #8380, .T. ) ;
#2900 = EDGE_CURVE ( 'NONE', #4578, #4614, #287, .T. ) ;
#2901 = CIRCLE ( 'NONE', #8355, 0.05000000000000002359 ) ;
#2902 = CARTESIAN_POINT ( 'NONE',  ( 1.885000000000000009, 1.464999999999999858, 1.450000000000000622 ) ) ;
#2903 = DIRECTION ( 'NONE',  ( -0.000000000000000000, -0.000000000000000000, 1.000000000000000000 ) ) ;
#2904 = UNCERTAINTY_MEASURE_WITH_UNIT (LENGTH_MEASURE( 1.000000000000000082E-05 ), #581, 'distance_accuracy_value', 'NONE');
#2905 = CARTESIAN_POINT ( 'NONE',  ( 1.000000000000021316, 0.05000000000000000278, -0.7999999999999994893 ) ) ;
#2906 = DIRECTION ( 'NONE',  ( 0.000000000000000000, 1.000000000000000000, 0.000000000000000000 ) ) ;
#2907 = CARTESIAN_POINT ( 'NONE',  ( 2.500000000000021316, 0.05000000000000000278, -1.299999999999999600 ) ) ;
#2908 = PLANE ( 'NONE',  #4061 ) ;
#2909 = VERTEX_POINT ( 'NONE', #7940 ) ;
#2910 = FACE_OUTER_BOUND ( 'NONE', #3042, .T. ) ;
#2911 = ORIENTED_EDGE ( 'NONE', *, *, #7444, .T. ) ;
#2912 = EDGE_CURVE ( 'NONE', #7902, #8987, #3483, .T. ) ;
#2913 = PLANE ( 'NONE',  #5135 ) ;
#2914 = ORIENTED_EDGE ( 'NONE', *, *, #4362, .F. ) ;
#2915 = DIRECTION ( 'NONE',  ( 0.000000000000000000, 1.000000000000000000, -0.000000000000000000 ) ) ;
#2916 = ORIENTED_EDGE ( 'NONE', *, *, #9260, .T. ) ;
#2917 = LINE ( 'NONE', #9003, #5568 ) ;
#2918 = ORIENTED_EDGE ( 'NONE', *, *, #777, .T. ) ;
#2919 = LINE ( 'NONE', #5906, #1565 ) ;
#2920 = AXIS2_PLACEMENT_3D ( 'NONE', #5088, #8120, #7404 ) ;
#2921 = DIRECTION ( 'NONE',  ( 0.8191520442889911324, 0.5735764363510470476, 0.000000000000000000 ) ) ;
#2922 = FACE_OUTER_BOUND ( 'NONE', #7317, .T. ) ;
#2923 = FACE_OUTER_BOUND ( 'NONE', #3309, .T. ) ;
#2924 = DIRECTION ( 'NONE',  ( -4.336808689942017736E-16, 0.000000000000000000, 1.000000000000000000 ) ) ;
#2925 = CARTESIAN_POINT ( 'NONE',  ( -3.130000000000000338, 1.464999999999999858, 1.479999999999999760 ) ) ;
#2926 = AXIS2_PLACEMENT_3D ( 'NONE', #1774, #4731, #2508 ) ;
#2927 = DIRECTION ( 'NONE',  ( -0.000000000000000000, -0.000000000000000000, -1.000000000000000000 ) ) ;
#2928 = EDGE_LOOP ( 'NONE', ( #4517, #5039, #2362, #4046 ) ) ;
#2929 = PLANE ( 'NONE',  #7289 ) ;
#2930 = CARTESIAN_POINT ( 'NONE',  ( 0.5000000000000213163, 0.05000000000000000278, -0.7999999999999997113 ) ) ;
#2931 = ORIENTED_EDGE ( 'NONE', *, *, #413, .T. ) ;
#2932 = AXIS2_PLACEMENT_3D ( 'NONE', #7040, #1238, #4099 ) ;
#2933 = LINE ( 'NONE', #709, #5929 ) ;
#2934 = EDGE_CURVE ( 'NONE', #2012, #9187, #4079, .T. ) ;
#2935 = DIRECTION ( 'NONE',  ( -0.000000000000000000, -0.000000000000000000, 1.000000000000000000 ) ) ;
#2936 = DIRECTION ( 'NONE',  ( 1.000000000000000000, 0.000000000000000000, 0.000000000000000000 ) ) ;
#2937 = CARTESIAN_POINT ( 'NONE',  ( 0.5000000000000213163, 0.05000000000000000278, -0.7999999999999997113 ) ) ;
#2938 = DIRECTION ( 'NONE',  ( 0.000000000000000000, -1.000000000000000000, 0.000000000000000000 ) ) ;
#2939 = ORIENTED_EDGE ( 'NONE', *, *, #4930, .F. ) ;
#2940 = STYLED_ITEM ( 'NONE', ( #12 ), #3893 ) ;
#2941 = ORIENTED_EDGE ( 'NONE', *, *, #3249, .T. ) ;
#2942 = CARTESIAN_POINT ( 'NONE',  ( 2.620000000000000107, 1.500000000000000000, 0.4999999999999997780 ) ) ;
#2943 = ORIENTED_EDGE ( 'NONE', *, *, #6532, .F. ) ;
#2944 = CARTESIAN_POINT ( 'NONE',  ( -3.165000000000000480, 1.500000000000000000, -0.6149999999999989919 ) ) ;
#2945 = CARTESIAN_POINT ( 'NONE',  ( -1.250000000000000888, 0.000000000000000000, 0.8000000000000003775 ) ) ;
#2946 = ORIENTED_EDGE ( 'NONE', *, *, #8203, .F. ) ;
#2947 = EDGE_CURVE ( 'NONE', #7196, #8643, #8040, .T. ) ;
#2948 = CLOSED_SHELL ( 'NONE', ( #4263, #2662, #4081, #9151, #7004, #1519 ) ) ;
#2949 = CIRCLE ( 'NONE', #6382, 0.07499999999999998335 ) ;
#2950 = DIRECTION ( 'NONE',  ( 0.000000000000000000, 0.000000000000000000, 1.000000000000000000 ) ) ;
#2951 = CARTESIAN_POINT ( 'NONE',  ( 0.000000000000000000, 0.000000000000000000, 0.000000000000000000 ) ) ;
#2952 = EDGE_CURVE ( 'NONE', #3038, #9357, #8896, .T. ) ;
#2953 = ADVANCED_FACE ( 'NONE', ( #3531 ), #7412, .T. ) ;
#2954 = DIRECTION ( 'NONE',  ( 0.000000000000000000, -1.000000000000000000, 0.000000000000000000 ) ) ;
#2955 = VECTOR ( 'NONE', #4566, 1000.000000000000000 ) ;
#2956 = ORIENTED_EDGE ( 'NONE', *, *, #5330, .T. ) ;
#2957 = PLANE ( 'NONE',  #5615 ) ;
#2958 = ORIENTED_EDGE ( 'NONE', *, *, #2838, .F. ) ;
#2959 = EDGE_CURVE ( 'NONE', #153, #4852, #3724, .T. ) ;
#2960 = EDGE_CURVE ( 'NONE', #1571, #4753, #8757, .T. ) ;
#2961 = VECTOR ( 'NONE', #1566, 1000.000000000000000 ) ;
#2962 = VECTOR ( 'NONE', #8864, 1000.000000000000000 ) ;
#2963 = CARTESIAN_POINT ( 'NONE',  ( 0.03701609466424640033, 1.449999999999999734, -0.4500000000000003997 ) ) ;
#2964 = EDGE_CURVE ( 'NONE', #8643, #7889, #2811, .T. ) ;
#2965 = EDGE_LOOP ( 'NONE', ( #244, #9270, #3970, #3944, #5694, #8444, #592, #4626, #6614, #5027, #5805, #5638, #2613, #1742, #8343, #8365, #8239, #470, #1204, #4948, #7799 ) ) ;
#2966 = CARTESIAN_POINT ( 'NONE',  ( -3.165000000000000480, 1.500000000000000000, 1.444999999999999396 ) ) ;
#2967 = ORIENTED_EDGE ( 'NONE', *, *, #4742, .F. ) ;
#2968 = DIRECTION ( 'NONE',  ( 8.673617379884035472E-16, -0.000000000000000000, 1.000000000000000000 ) ) ;
#2969 = ORIENTED_EDGE ( 'NONE', *, *, #1721, .T. ) ;
#2970 = VECTOR ( 'NONE', #3304, 1000.000000000000000 ) ;
#2971 = CARTESIAN_POINT ( 'NONE',  ( 0.9300000000000000488, 1.164999999999999813, -0.4500000000000003997 ) ) ;
#2972 = AXIS2_PLACEMENT_3D ( 'NONE', #140, #3819, #6082 ) ;
#2973 = CARTESIAN_POINT ( 'NONE',  ( -1.885000000000000231, 1.464999999999999858, -1.479999999999999760 ) ) ;
#2974 = LINE ( 'NONE', #8010, #5927 ) ;
#2975 = AXIS2_PLACEMENT_3D ( 'NONE', #6143, #9097, #6969 ) ;
#2976 = AXIS2_PLACEMENT_3D ( 'NONE', #8986, #2369, #221 ) ;
#2977 = DIRECTION ( 'NONE',  ( 0.000000000000000000, 0.000000000000000000, 1.000000000000000000 ) ) ;
#2978 = LINE ( 'NONE', #9065, #5361 ) ;
#2979 = ORIENTED_EDGE ( 'NONE', *, *, #8624, .T. ) ;
#2980 = DIRECTION ( 'NONE',  ( -1.000000000000000000, 0.000000000000000000, 0.000000000000000000 ) ) ;
#2981 = EDGE_LOOP ( 'NONE', ( #545, #223, #2882, #340 ) ) ;
#2982 = VERTEX_POINT ( 'NONE', #5842 ) ;
#2983 = DIRECTION ( 'NONE',  ( -1.000000000000000000, -0.000000000000000000, -0.000000000000000000 ) ) ;
#2984 = FACE_BOUND ( 'NONE', #6875, .T. ) ;
#2985 = PLANE ( 'NONE',  #3988 ) ;
#2986 = VECTOR ( 'NONE', #7760, 1000.000000000000000 ) ;
#2987 = LINE ( 'NONE', #5276, #8901 ) ;
#2988 = ORIENTED_EDGE ( 'NONE', *, *, #3720, .F. ) ;
#2989 = ORIENTED_EDGE ( 'NONE', *, *, #5824, .F. ) ;
#2990 = CARTESIAN_POINT ( 'NONE',  ( 0.2500000000000214828, 0.05000000000000000278, -0.7999999999999994893 ) ) ;
#2991 = CARTESIAN_POINT ( 'NONE',  ( -0.6050000000000002043, 1.164999999999999813, -0.4500000000000003997 ) ) ;
#2992 = DIRECTION ( 'NONE',  ( -0.000000000000000000, -0.000000000000000000, 1.000000000000000000 ) ) ;
#2993 = SURFACE_STYLE_USAGE ( .BOTH. , #8169 ) ;
#2994 = VERTEX_POINT ( 'NONE', #6623 ) ;
#2995 = CARTESIAN_POINT ( 'NONE',  ( 3.200000000000000178, 0.2000000000000000944, 0.000000000000000000 ) ) ;
#2996 = DIRECTION ( 'NONE',  ( 1.000000000000000000, 0.000000000000000000, 0.000000000000000000 ) ) ;
#2997 = UNCERTAINTY_MEASURE_WITH_UNIT (LENGTH_MEASURE( 1.000000000000000082E-05 ), #4706, 'distance_accuracy_value', 'NONE');
#2998 = LINE ( 'NONE', #8363, #3978 ) ;
#2999 = ORIENTED_EDGE ( 'NONE', *, *, #1299, .F. ) ;
#3000 = ADVANCED_FACE ( 'NONE', ( #2027 ), #5051, .F. ) ;
#3001 = CARTESIAN_POINT ( 'NONE',  ( -2.299999999999999822, 1.464999999999999858, -0.6149999999999992140 ) ) ;
#3002 = AXIS2_PLACEMENT_3D ( 'NONE', #4563, #3159, #9147 ) ;
#3003 = ORIENTED_EDGE ( 'NONE', *, *, #9363, .T. ) ;
#3004 = CARTESIAN_POINT ( 'NONE',  ( -1.885000000000000231, 1.500000000000000000, -0.000000000000000000 ) ) ;
#3005 = ORIENTED_EDGE ( 'NONE', *, *, #2495, .F. ) ;
#3006 = EDGE_CURVE ( 'NONE', #6590, #6208, #7258, .T. ) ;
#3007 = LINE ( 'NONE', #5351, #647 ) ;
#3008 = EDGE_LOOP ( 'NONE', ( #8601, #8354, #7106, #3519 ) ) ;
#3009 = EDGE_CURVE ( 'NONE', #6574, #590, #4365, .T. ) ;
#3010 = CARTESIAN_POINT ( 'NONE',  ( -3.102500000000000036, 1.464999999999999858, -1.434999999999999165 ) ) ;
#3011 = ADVANCED_FACE ( 'NONE', ( #7451 ), #4319, .T. ) ;
#3012 = VERTEX_POINT ( 'NONE', #2175 ) ;
#3013 = CARTESIAN_POINT ( 'NONE',  ( 1.849999999999999867, 0.2000000000000000944, 1.450000000000000622 ) ) ;
#3014 = VERTEX_POINT ( 'NONE', #8130 ) ;
#3015 = CARTESIAN_POINT ( 'NONE',  ( -0.6050000000000002043, 1.164999999999999813, 0.6499999999999996891 ) ) ;
#3016 = CARTESIAN_POINT ( 'NONE',  ( -0.5000000000000004441, 0.05000000000000000278, 1.300000000000000266 ) ) ;
#3017 = PRODUCT_DEFINITION_FORMATION_WITH_SPECIFIED_SOURCE ( 'ANY', '', #1437, .NOT_KNOWN. ) ;
#3018 = ORIENTED_EDGE ( 'NONE', *, *, #2241, .T. ) ;
#3019 = EDGE_CURVE ( 'NONE', #1148, #7324, #7814, .T. ) ;
#3020 = ADVANCED_FACE ( 'NONE', ( #8803 ), #6719, .F. ) ;
#3021 = DIRECTION ( 'NONE',  ( 0.000000000000000000, -0.000000000000000000, -1.000000000000000000 ) ) ;
#3022 = FACE_OUTER_BOUND ( 'NONE', #5066, .T. ) ;
#3023 =( GEOMETRIC_REPRESENTATION_CONTEXT ( 3 ) GLOBAL_UNCERTAINTY_ASSIGNED_CONTEXT ( ( #4258 ) ) GLOBAL_UNIT_ASSIGNED_CONTEXT ( ( #2035, #1278, #5655 ) ) REPRESENTATION_CONTEXT ( 'NONE', 'WORKASPACE' ) );
#3024 = LINE ( 'NONE', #2152, #6617 ) ;
#3025 = VERTEX_POINT ( 'NONE', #5098 ) ;
#3026 = DIRECTION ( 'NONE',  ( 0.000000000000000000, 1.000000000000000000, 0.000000000000000000 ) ) ;
#3027 = ORIENTED_EDGE ( 'NONE', *, *, #6596, .F. ) ;
#3028 = DIRECTION ( 'NONE',  ( 0.000000000000000000, 0.000000000000000000, -1.000000000000000000 ) ) ;
#3029 = CARTESIAN_POINT ( 'NONE',  ( -3.102500000000000036, 1.439999999999999947, -1.399999999999999245 ) ) ;
#3030 = ORIENTED_EDGE ( 'NONE', *, *, #6421, .T. ) ;
#3031 = AXIS2_PLACEMENT_3D ( 'NONE', #1541, #1446, #4540 ) ;
#3032 = DIRECTION ( 'NONE',  ( -0.000000000000000000, -1.000000000000000000, -0.000000000000000000 ) ) ;
#3033 = DIRECTION ( 'NONE',  ( 1.000000000000000000, 0.000000000000000000, 0.000000000000000000 ) ) ;
#3034 = LINE ( 'NONE', #6065, #4763 ) ;
#3035 = CARTESIAN_POINT ( 'NONE',  ( -1.749999999999978462, 0.05000000000000000278, -1.299999999999999600 ) ) ;
#3036 = EDGE_LOOP ( 'NONE', ( #2190, #8124, #7429, #8732 ) ) ;
#3037 = CARTESIAN_POINT ( 'NONE',  ( -2.500000000000000000, 0.05000000000000000278, -0.6999999999999995115 ) ) ;
#3038 = VERTEX_POINT ( 'NONE', #8085 ) ;
#3039 = CARTESIAN_POINT ( 'NONE',  ( -3.100000000000000533, 0.000000000000000000, -1.414999999999999813 ) ) ;
#3040 = VECTOR ( 'NONE', #4678, 1000.000000000000000 ) ;
#3041 = LINE ( 'NONE', #37, #1335 ) ;
#3042 = EDGE_LOOP ( 'NONE', ( #602, #4898, #3857, #5254 ) ) ;
#3043 = DIRECTION ( 'NONE',  ( 0.000000000000000000, 0.000000000000000000, -1.000000000000000000 ) ) ;
#3044 = DIRECTION ( 'NONE',  ( -0.000000000000000000, -1.000000000000000000, -0.000000000000000000 ) ) ;
#3045 = VECTOR ( 'NONE', #8894, 1000.000000000000000 ) ;
#3046 = VECTOR ( 'NONE', #2552, 1000.000000000000000 ) ;
#3047 = DIRECTION ( 'NONE',  ( 0.000000000000000000, 0.000000000000000000, -1.000000000000000000 ) ) ;
#3048 = ORIENTED_EDGE ( 'NONE', *, *, #3479, .T. ) ;
#3049 = CARTESIAN_POINT ( 'NONE',  ( -2.500000000000000444, 0.05000000000000000278, 1.300000000000000266 ) ) ;
#3050 = ORIENTED_EDGE ( 'NONE', *, *, #3078, .F. ) ;
#3051 = CARTESIAN_POINT ( 'NONE',  ( -0.5000000000000008882, 0.05000000000000000278, 0.8000000000000003775 ) ) ;
#3052 = CARTESIAN_POINT ( 'NONE',  ( 2.000000000000021760, 0.000000000000000000, -0.7999999999999997113 ) ) ;
#3053 = ORIENTED_EDGE ( 'NONE', *, *, #7622, .T. ) ;
#3054 = CIRCLE ( 'NONE', #886, 0.07499999999999998335 ) ;
#3055 = ADVANCED_FACE ( 'NONE', ( #1453 ), #1408, .F. ) ;
#3056 = CARTESIAN_POINT ( 'NONE',  ( -1.462500000000000133, 1.500000000000000000, -0.1424999999999998768 ) ) ;
#3057 = EDGE_LOOP ( 'NONE', ( #3169, #926, #5858, #8371 ) ) ;
#3058 = DIRECTION ( 'NONE',  ( 0.000000000000000000, 0.000000000000000000, 1.000000000000000000 ) ) ;
#3059 = EDGE_CURVE ( 'NONE', #6539, #3589, #1315, .T. ) ;
#3060 = VERTEX_POINT ( 'NONE', #9512 ) ;
#3061 = CARTESIAN_POINT ( 'NONE',  ( 0.5000000000000213163, 0.05000000000000000278, -0.7999999999999997113 ) ) ;
#3062 = ORIENTED_EDGE ( 'NONE', *, *, #9540, .F. ) ;
#3063 = FACE_OUTER_BOUND ( 'NONE', #1644, .T. ) ;
#3064 = ORIENTED_EDGE ( 'NONE', *, *, #473, .F. ) ;
#3065 = VECTOR ( 'NONE', #6930, 1000.000000000000000 ) ;
#3066 = EDGE_CURVE ( 'NONE', #8970, #8165, #2856, .T. ) ;
#3067 = EDGE_CURVE ( 'NONE', #8558, #6711, #4416, .T. ) ;
#3068 = CARTESIAN_POINT ( 'NONE',  ( 0.000000000000000000, 0.05000000000000000278, 0.000000000000000000 ) ) ;
#3069 = PLANE ( 'NONE',  #3734 ) ;
#3070 = ADVANCED_FACE ( 'NONE', ( #6177 ), #6861, .T. ) ;
#3071 = ORIENTED_EDGE ( 'NONE', *, *, #5473, .T. ) ;
#3072 = VECTOR ( 'NONE', #6748, 1000.000000000000000 ) ;
#3073 = ADVANCED_FACE ( 'NONE', ( #3195 ), #6030, .T. ) ;
#3074 = ORIENTED_EDGE ( 'NONE', *, *, #1651, .T. ) ;
#3075 = LINE ( 'NONE', #7672, #9273 ) ;
#3076 = DIRECTION ( 'NONE',  ( 0.000000000000000000, 1.000000000000000000, 0.000000000000000000 ) ) ;
#3077 = VERTEX_POINT ( 'NONE', #965 ) ;
#3078 = EDGE_CURVE ( 'NONE', #6091, #8023, #4502, .T. ) ;
#3079 = EDGE_CURVE ( 'NONE', #2438, #5072, #8411, .T. ) ;
#3080 = VECTOR ( 'NONE', #9501, 1000.000000000000000 ) ;
#3081 = LINE ( 'NONE', #1679, #6983 ) ;
#3082 = CARTESIAN_POINT ( 'NONE',  ( 2.020000000000000462, 1.324999999999999956, 0.4999999999999997780 ) ) ;
#3083 = DIRECTION ( 'NONE',  ( 0.000000000000000000, -1.000000000000000000, 0.000000000000000000 ) ) ;
#3084 = CARTESIAN_POINT ( 'NONE',  ( -2.500000000000000000, 0.000000000000000000, -0.6999999999999995115 ) ) ;
#3085 = ORIENTED_EDGE ( 'NONE', *, *, #2830, .F. ) ;
#3086 = EDGE_CURVE ( 'NONE', #8465, #2719, #8267, .T. ) ;
#3087 = ORIENTED_EDGE ( 'NONE', *, *, #8789, .T. ) ;
#3088 = AXIS2_PLACEMENT_3D ( 'NONE', #8375, #1124, #6285 ) ;
#3089 = CARTESIAN_POINT ( 'NONE',  ( -1.947499999999999565, 1.350000000000000089, -0.1629044648600694034 ) ) ;
#3090 = CARTESIAN_POINT ( 'NONE',  ( -1.250000000000001110, 0.05000000000000000278, 0.8000000000000003775 ) ) ;
#3091 = EDGE_LOOP ( 'NONE', ( #6635, #4000, #4673, #8377 ) ) ;
#3092 = DIRECTION ( 'NONE',  ( 1.000000000000000000, 0.000000000000000000, -0.000000000000000000 ) ) ;
#3093 = CARTESIAN_POINT ( 'NONE',  ( 0.000000000000000000, 1.350000000000000089, 0.4999999999999997780 ) ) ;
#3094 = COLOUR_RGB ( '',1.000000000000000000, 0.8117647058823529438, 0.5019607843137254832 ) ;
#3095 = DIRECTION ( 'NONE',  ( -0.000000000000000000, -1.000000000000000000, -0.000000000000000000 ) ) ;
#3096 = CARTESIAN_POINT ( 'NONE',  ( 1.945000000000000062, 1.324999999999999956, 0.4249999999999998224 ) ) ;
#3097 = VERTEX_POINT ( 'NONE', #4547 ) ;
#3098 = CARTESIAN_POINT ( 'NONE',  ( 3.100000000000000533, -6.815342984766064482, 1.414999999999999813 ) ) ;
#3099 = EDGE_LOOP ( 'NONE', ( #3064, #1207, #92, #6955 ) ) ;
#3100 = CARTESIAN_POINT ( 'NONE',  ( 0.4999999999999995559, 0.05000000000000000278, 0.8000000000000003775 ) ) ;
#3101 = EDGE_LOOP ( 'NONE', ( #8662, #3999, #2611, #1285 ) ) ;
#3102 = DIRECTION ( 'NONE',  ( 0.000000000000000000, 0.000000000000000000, -1.000000000000000000 ) ) ;
#3103 = CARTESIAN_POINT ( 'NONE',  ( 2.900000000000001243, 0.05000000000000000278, -0.2499999999999980571 ) ) ;
#3104 = ORIENTED_EDGE ( 'NONE', *, *, #2781, .T. ) ;
#3105 = PLANE ( 'NONE',  #6751 ) ;
#3106 = VERTEX_POINT ( 'NONE', #6816 ) ;
#3107 = ORIENTED_EDGE ( 'NONE', *, *, #3355, .F. ) ;
#3108 = DIRECTION ( 'NONE',  ( 0.000000000000000000, 0.000000000000000000, 1.000000000000000000 ) ) ;
#3109 = FILL_AREA_STYLE ('',( #6244 ) ) ;
#3110 = VERTEX_POINT ( 'NONE', #6074 ) ;
#3111 = VECTOR ( 'NONE', #1977, 1000.000000000000000 ) ;
#3112 = COLOUR_RGB ( '',1.000000000000000000, 0.8117647058823529438, 0.5019607843137254832 ) ;
#3113 = CLOSED_SHELL ( 'NONE', ( #3779, #8262, #7242, #8733, #9544, #8037 ) ) ;
#3114 = DIRECTION ( 'NONE',  ( 1.000000000000000000, 0.000000000000000000, 4.336808689942017736E-16 ) ) ;
#3115 = CARTESIAN_POINT ( 'NONE',  ( -1.250000000000000444, 0.000000000000000000, 1.300000000000000266 ) ) ;
#3116 = VECTOR ( 'NONE', #687, 1000.000000000000000 ) ;
#3117 = VECTOR ( 'NONE', #2573, 1000.000000000000000 ) ;
#3118 = ORIENTED_EDGE ( 'NONE', *, *, #5759, .T. ) ;
#3119 = LINE ( 'NONE', #8153, #270 ) ;
#3120 = ORIENTED_EDGE ( 'NONE', *, *, #9616, .T. ) ;
#3121 = EDGE_CURVE ( 'NONE', #2909, #1632, #9043, .T. ) ;
#3122 = EDGE_LOOP ( 'NONE', ( #606, #9326, #1105, #5240 ) ) ;
#3123 = CARTESIAN_POINT ( 'NONE',  ( 1.949999999999999956, -6.815342984766064482, -1.414999999999999813 ) ) ;
#3124 = DIRECTION ( 'NONE',  ( 8.673617379884035472E-16, -0.000000000000000000, 1.000000000000000000 ) ) ;
#3125 = ORIENTED_EDGE ( 'NONE', *, *, #5447, .T. ) ;
#3126 = VECTOR ( 'NONE', #4685, 1000.000000000000000 ) ;
#3127 = ADVANCED_FACE ( 'NONE', ( #1926 ), #8438, .F. ) ;
#3128 = AXIS2_PLACEMENT_3D ( 'NONE', #9568, #5893, #9615 ) ;
#3129 = CARTESIAN_POINT ( 'NONE',  ( 0.4999999999999995559, 0.05000000000000000278, 1.300000000000000266 ) ) ;
#3130 = CARTESIAN_POINT ( 'NONE',  ( -0.2499999999999785449, 0.05000000000000000278, -0.7999999999999997113 ) ) ;
#3131 = DIRECTION ( 'NONE',  ( 0.000000000000000000, 1.000000000000000000, 0.000000000000000000 ) ) ;
#3132 = DIRECTION ( 'NONE',  ( -0.000000000000000000, -0.000000000000000000, 1.000000000000000000 ) ) ;
#3133 = ORIENTED_EDGE ( 'NONE', *, *, #710, .F. ) ;
#3134 = ORIENTED_EDGE ( 'NONE', *, *, #3534, .T. ) ;
#3135 = EDGE_CURVE ( 'NONE', #8269, #7441, #373, .T. ) ;
#3136 = VECTOR ( 'NONE', #727, 1000.000000000000000 ) ;
#3137 = EDGE_CURVE ( 'NONE', #3894, #242, #7151, .T. ) ;
#3138 = VECTOR ( 'NONE', #6135, 1000.000000000000000 ) ;
#3139 = DIRECTION ( 'NONE',  ( 0.000000000000000000, 1.000000000000000000, 0.000000000000000000 ) ) ;
#3140 = SURFACE_STYLE_FILL_AREA ( #8358 ) ;
#3141 = ORIENTED_EDGE ( 'NONE', *, *, #6479, .T. ) ;
#3142 = ADVANCED_FACE ( 'NONE', ( #6223 ), #1790, .F. ) ;
#3143 = PLANE ( 'NONE',  #5202 ) ;
#3144 = ADVANCED_FACE ( 'NONE', ( #4849 ), #7098, .F. ) ;
#3145 = FACE_OUTER_BOUND ( 'NONE', #8779, .T. ) ;
#3146 = FACE_OUTER_BOUND ( 'NONE', #2057, .T. ) ;
#3147 = LINE ( 'NONE', #3194, #3335 ) ;
#3148 = LINE ( 'NONE', #967, #7744 ) ;
#3149 = ORIENTED_EDGE ( 'NONE', *, *, #3265, .F. ) ;
#3150 = CARTESIAN_POINT ( 'NONE',  ( -2.500000000000000444, 0.05000000000000000278, 1.300000000000000266 ) ) ;
#3151 = VERTEX_POINT ( 'NONE', #4746 ) ;
#3152 = DIRECTION ( 'NONE',  ( 0.000000000000000000, 0.000000000000000000, 1.000000000000000000 ) ) ;
#3153 = SURFACE_STYLE_FILL_AREA ( #1696 ) ;
#3154 = ORIENTED_EDGE ( 'NONE', *, *, #61, .F. ) ;
#3155 = LINE ( 'NONE', #3206, #2072 ) ;
#3156 = CARTESIAN_POINT ( 'NONE',  ( -2.900000000000000355, 0.05000000000000000278, -0.2499999999999997780 ) ) ;
#3157 = DIRECTION ( 'NONE',  ( 0.000000000000000000, 0.000000000000000000, -1.000000000000000000 ) ) ;
#3158 = VERTEX_POINT ( 'NONE', #1066 ) ;
#3159 = DIRECTION ( 'NONE',  ( -0.000000000000000000, 1.000000000000000000, -0.000000000000000000 ) ) ;
#3160 = ORIENTED_EDGE ( 'NONE', *, *, #7026, .T. ) ;
#3161 = DIRECTION ( 'NONE',  ( 1.000000000000000000, 0.000000000000000000, -0.000000000000000000 ) ) ;
#3162 = ORIENTED_EDGE ( 'NONE', *, *, #2486, .T. ) ;
#3163 = FACE_OUTER_BOUND ( 'NONE', #9417, .T. ) ;
#3164 = CARTESIAN_POINT ( 'NONE',  ( 1.229999999999999982, 1.464999999999999858, 0.6499999999999996891 ) ) ;
#3165 = VECTOR ( 'NONE', #6194, 1000.000000000000000 ) ;
#3166 = EDGE_LOOP ( 'NONE', ( #5529, #7152, #5650, #1101, #9433, #1194, #3300, #5884 ) ) ;
#3167 = CARTESIAN_POINT ( 'NONE',  ( -0.4999999999999785172, 0.05000000000000000278, -0.7999999999999994893 ) ) ;
#3168 = LINE ( 'NONE', #4669, #5792 ) ;
#3169 = ORIENTED_EDGE ( 'NONE', *, *, #9086, .F. ) ;
#3170 = EDGE_LOOP ( 'NONE', ( #3277, #2766 ) ) ;
#3171 = ORIENTED_EDGE ( 'NONE', *, *, #5645, .F. ) ;
#3172 = LINE ( 'NONE', #5421, #7452 ) ;
#3173 = LINE ( 'NONE', #6209, #6175 ) ;
#3174 = CARTESIAN_POINT ( 'NONE',  ( 3.165000000000000480, 1.464999999999999858, -1.479999999999999760 ) ) ;
#3175 = ORIENTED_EDGE ( 'NONE', *, *, #1723, .T. ) ;
#3176 = FILL_AREA_STYLE ('',( #4679 ) ) ;
#3177 = AXIS2_PLACEMENT_3D ( 'NONE', #1313, #7883, #1934 ) ;
#3178 = ADVANCED_FACE ( 'NONE', ( #3295 ), #8513, .F. ) ;
#3179 = DIRECTION ( 'NONE',  ( -0.000000000000000000, 0.000000000000000000, 1.000000000000000000 ) ) ;
#3180 = LINE ( 'NONE', #897, #9338 ) ;
#3181 = CARTESIAN_POINT ( 'NONE',  ( 1.249999999999999334, 0.05000000000000000278, 1.300000000000000266 ) ) ;
#3182 = VERTEX_POINT ( 'NONE', #4800 ) ;
#3183 = PLANE ( 'NONE',  #8818 ) ;
#3184 = VERTEX_POINT ( 'NONE', #5084 ) ;
#3185 = EDGE_CURVE ( 'NONE', #196, #2742, #563, .T. ) ;
#3186 = FACE_OUTER_BOUND ( 'NONE', #1141, .T. ) ;
#3187 = SURFACE_SIDE_STYLE ('',( #6169 ) ) ;
#3188 = EDGE_LOOP ( 'NONE', ( #3732, #3623, #6361, #3689 ) ) ;
#3189 = VECTOR ( 'NONE', #4164, 1000.000000000000000 ) ;
#3190 = LINE ( 'NONE', #909, #7227 ) ;
#3191 = LINE ( 'NONE', #6221, #4560 ) ;
#3192 = EDGE_CURVE ( 'NONE', #242, #8674, #663, .T. ) ;
#3193 = ADVANCED_FACE ( 'NONE', ( #9454 ), #2891, .T. ) ;
#3194 = CARTESIAN_POINT ( 'NONE',  ( 2.000000000000000000, 0.05000000000000000278, 1.300000000000000266 ) ) ;
#3195 = FACE_OUTER_BOUND ( 'NONE', #6166, .T. ) ;
#3196 = AXIS2_PLACEMENT_3D ( 'NONE', #6058, #9016, #8294 ) ;
#3197 = ORIENTED_EDGE ( 'NONE', *, *, #5838, .T. ) ;
#3198 = CARTESIAN_POINT ( 'NONE',  ( 2.900000000000001243, 0.000000000000000000, -0.2499999999999980571 ) ) ;
#3199 = EDGE_CURVE ( 'NONE', #8497, #834, #1344, .T. ) ;
#3200 = ORIENTED_EDGE ( 'NONE', *, *, #9093, .F. ) ;
#3201 = ADVANCED_FACE ( 'NONE', ( #3518 ), #5781, .F. ) ;
#3202 = LINE ( 'NONE', #1795, #5211 ) ;
#3203 = CARTESIAN_POINT ( 'NONE',  ( 2.400000000000001243, 0.05000000000000000278, 0.2500000000000017208 ) ) ;
#3204 = VERTEX_POINT ( 'NONE', #2162 ) ;
#3205 = VECTOR ( 'NONE', #3864, 1000.000000000000000 ) ;
#3206 = CARTESIAN_POINT ( 'NONE',  ( 0.000000000000000000, 1.500000000000000000, 1.479999999999999760 ) ) ;
#3207 = VECTOR ( 'NONE', #8602, 1000.000000000000000 ) ;
#3208 = PLANE ( 'NONE',  #949 ) ;
#3209 = PLANE ( 'NONE',  #8038 ) ;
#3210 = CARTESIAN_POINT ( 'NONE',  ( -0.4999999999999789613, 0.05000000000000000278, -1.299999999999999600 ) ) ;
#3211 = CARTESIAN_POINT ( 'NONE',  ( -2.000000000000000444, 0.05000000000000000278, 1.300000000000000266 ) ) ;
#3212 = ORIENTED_EDGE ( 'NONE', *, *, #3647, .T. ) ;
#3213 = LINE ( 'NONE', #1656, #995 ) ;
#3214 = ORIENTED_EDGE ( 'NONE', *, *, #1544, .T. ) ;
#3215 =( GEOMETRIC_REPRESENTATION_CONTEXT ( 3 ) GLOBAL_UNCERTAINTY_ASSIGNED_CONTEXT ( ( #8261 ) ) GLOBAL_UNIT_ASSIGNED_CONTEXT ( ( #3653, #2200, #1476 ) ) REPRESENTATION_CONTEXT ( 'NONE', 'WORKASPACE' ) );
#3216 = PLANE ( 'NONE',  #5417 ) ;
#3217 = VERTEX_POINT ( 'NONE', #8115 ) ;
#3218 = CIRCLE ( 'NONE', #3357, 0.03500000000000009354 ) ;
#3219 = DIRECTION ( 'NONE',  ( -1.000000000000000000, 0.000000000000000000, 0.000000000000000000 ) ) ;
#3220 = CARTESIAN_POINT ( 'NONE',  ( 1.885000000000000009, 1.464999999999999858, 1.479999999999999760 ) ) ;
#3221 = ORIENTED_EDGE ( 'NONE', *, *, #222, .T. ) ;
#3222 = LINE ( 'NONE', #9007, #9052 ) ;
#3223 = CARTESIAN_POINT ( 'NONE',  ( 3.130000000000000338, 1.464999999999999858, 1.444999999999999618 ) ) ;
#3224 = VECTOR ( 'NONE', #5481, 1000.000000000000000 ) ;
#3225 = FACE_OUTER_BOUND ( 'NONE', #6067, .T. ) ;
#3226 = SURFACE_STYLE_FILL_AREA ( #1765 ) ;
#3227 = VERTEX_POINT ( 'NONE', #714 ) ;
#3228 = ORIENTED_EDGE ( 'NONE', *, *, #3137, .T. ) ;
#3229 = DIRECTION ( 'NONE',  ( 0.000000000000000000, 0.000000000000000000, -1.000000000000000000 ) ) ;
#3230 = DIRECTION ( 'NONE',  ( 0.000000000000000000, 1.000000000000000000, -0.000000000000000000 ) ) ;
#3231 = VECTOR ( 'NONE', #2201, 1000.000000000000000 ) ;
#3232 = CARTESIAN_POINT ( 'NONE',  ( 0.000000000000000000, 0.000000000000000000, 0.000000000000000000 ) ) ;
#3233 = CARTESIAN_POINT ( 'NONE',  ( -1.814999999999999947, 0.2000000000000000944, 1.415000000000000480 ) ) ;
#3234 = VECTOR ( 'NONE', #6810, 1000.000000000000000 ) ;
#3235 = DIRECTION ( 'NONE',  ( 0.000000000000000000, 0.000000000000000000, 1.000000000000000000 ) ) ;
#3236 = VERTEX_POINT ( 'NONE', #611 ) ;
#3237 = ORIENTED_EDGE ( 'NONE', *, *, #5944, .F. ) ;
#3238 = CARTESIAN_POINT ( 'NONE',  ( 1.324999999999999956, 1.464999999999999858, -0.5100000000000003419 ) ) ;
#3239 = CARTESIAN_POINT ( 'NONE',  ( 0.4999999999999995559, 0.05000000000000000278, 0.8000000000000003775 ) ) ;
#3240 = ORIENTED_EDGE ( 'NONE', *, *, #3977, .T. ) ;
#3241 = VECTOR ( 'NONE', #6540, 1000.000000000000000 ) ;
#3242 = DIRECTION ( 'NONE',  ( 0.000000000000000000, -1.000000000000000000, 0.000000000000000000 ) ) ;
#3243 = CARTESIAN_POINT ( 'NONE',  ( 2.400000000000001243, 0.000000000000000000, 0.2500000000000017208 ) ) ;
#3244 = EDGE_CURVE ( 'NONE', #3038, #1435, #7981, .T. ) ;
#3245 = DIRECTION ( 'NONE',  ( 0.000000000000000000, 0.000000000000000000, -1.000000000000000000 ) ) ;
#3246 = ORIENTED_EDGE ( 'NONE', *, *, #4977, .T. ) ;
#3247 = FACE_OUTER_BOUND ( 'NONE', #315, .T. ) ;
#3248 = VERTEX_POINT ( 'NONE', #3668 ) ;
#3249 = EDGE_CURVE ( 'NONE', #1923, #3625, #2064, .T. ) ;
#3250 = CARTESIAN_POINT ( 'NONE',  ( 0.8411543845949644993, 1.449999999999999512, -0.4500000000000003997 ) ) ;
#3251 = ORIENTED_EDGE ( 'NONE', *, *, #8202, .T. ) ;
#3252 = PRESENTATION_LAYER_ASSIGNMENT (  '', '', ( #4023 ) ) ;
#3253 = LINE ( 'NONE', #1748, #7375 ) ;
#3254 = ADVANCED_FACE ( 'NONE', ( #6459 ), #6657, .F. ) ;
#3255 = ADVANCED_FACE ( 'NONE', ( #9408 ), #123, .T. ) ;
#3256 = FACE_OUTER_BOUND ( 'NONE', #1607, .T. ) ;
#3257 = DIRECTION ( 'NONE',  ( 0.000000000000000000, 0.000000000000000000, -1.000000000000000000 ) ) ;
#3258 = DIRECTION ( 'NONE',  ( 0.000000000000000000, -0.000000000000000000, -1.000000000000000000 ) ) ;
#3259 = DIRECTION ( 'NONE',  ( 1.000000000000000000, 0.000000000000000000, 0.000000000000000000 ) ) ;
#3260 = CYLINDRICAL_SURFACE ( 'NONE', #8360, 0.2499999999999999445 ) ;
#3261 = ORIENTED_EDGE ( 'NONE', *, *, #8961, .F. ) ;
#3262 = CARTESIAN_POINT ( 'NONE',  ( 1.249999999999999334, 0.000000000000000000, 1.300000000000000266 ) ) ;
#3263 = ORIENTED_EDGE ( 'NONE', *, *, #7804, .T. ) ;
#3264 = ORIENTED_EDGE ( 'NONE', *, *, #4271, .F. ) ;
#3265 = EDGE_CURVE ( 'NONE', #4349, #988, #352, .T. ) ;
#3266 = CARTESIAN_POINT ( 'NONE',  ( 3.100000000000000533, 0.05000000000000000278, 1.414999999999999813 ) ) ;
#3267 = EDGE_CURVE ( 'NONE', #6452, #7310, #1092, .T. ) ;
#3268 = DIRECTION ( 'NONE',  ( 1.000000000000000000, 0.000000000000000000, 4.336808689942017736E-16 ) ) ;
#3269 = ORIENTED_EDGE ( 'NONE', *, *, #3721, .T. ) ;
#3270 = CARTESIAN_POINT ( 'NONE',  ( 2.400000000000001243, 0.05000000000000000278, 0.2500000000000017208 ) ) ;
#3271 = ADVANCED_FACE ( 'NONE', ( #2361 ), #8928, .T. ) ;
#3272 = EDGE_CURVE ( 'NONE', #862, #2698, #6756, .T. ) ;
#3273 = CARTESIAN_POINT ( 'NONE',  ( 3.100000000000000533, -6.815342984766064482, 1.414999999999999813 ) ) ;
#3274 = CARTESIAN_POINT ( 'NONE',  ( 2.900000000000001243, 0.000000000000000000, 0.2500000000000019429 ) ) ;
#3275 = ORIENTED_EDGE ( 'NONE', *, *, #7846, .F. ) ;
#3276 = EDGE_LOOP ( 'NONE', ( #7370, #463, #5836, #5091 ) ) ;
#3277 = ORIENTED_EDGE ( 'NONE', *, *, #8679, .T. ) ;
#3278 = LINE ( 'NONE', #1675, #7884 ) ;
#3279 = AXIS2_PLACEMENT_3D ( 'NONE', #1030, #1086, #7800 ) ;
#3280 = CARTESIAN_POINT ( 'NONE',  ( -3.200000000000000178, 0.2000000000000000944, -0.000000000000000000 ) ) ;
#3281 = SURFACE_STYLE_FILL_AREA ( #3176 ) ;
#3282 = VECTOR ( 'NONE', #3021, 1000.000000000000000 ) ;
#3283 = LINE ( 'NONE', #6264, #9444 ) ;
#3284 = DIRECTION ( 'NONE',  ( -1.000000000000000000, 0.000000000000000000, -0.000000000000000000 ) ) ;
#3285 = EDGE_LOOP ( 'NONE', ( #5564, #8921, #1318, #6362 ) ) ;
#3286 = PRESENTATION_STYLE_ASSIGNMENT (( #312 ) ) ;
#3287 = EDGE_LOOP ( 'NONE', ( #5316, #2142, #4488, #4261, #1604, #6534, #8237, #7007 ) ) ;
#3288 = PLANE ( 'NONE',  #3512 ) ;
#3289 = VECTOR ( 'NONE', #2457, 1000.000000000000000 ) ;
#3290 = ORIENTED_EDGE ( 'NONE', *, *, #6302, .T. ) ;
#3291 = ORIENTED_EDGE ( 'NONE', *, *, #3707, .F. ) ;
#3292 = VECTOR ( 'NONE', #6423, 1000.000000000000000 ) ;
#3293 = DIRECTION ( 'NONE',  ( 0.000000000000000000, 0.000000000000000000, -1.000000000000000000 ) ) ;
#3294 = VECTOR ( 'NONE', #6581, 1000.000000000000000 ) ;
#3295 = FACE_OUTER_BOUND ( 'NONE', #6922, .T. ) ;
#3296 = VECTOR ( 'NONE', #957, 1000.000000000000000 ) ;
#3297 = PLANE ( 'NONE',  #265 ) ;
#3298 = ORIENTED_EDGE ( 'NONE', *, *, #1299, .T. ) ;
#3299 = LINE ( 'NONE', #9232, #2824 ) ;
#3300 = ORIENTED_EDGE ( 'NONE', *, *, #5079, .F. ) ;
#3301 = CARTESIAN_POINT ( 'NONE',  ( 0.2499999999999997780, 0.05000000000000000278, -1.414999999999999369 ) ) ;
#3302 = PRESENTATION_STYLE_ASSIGNMENT (( #8370 ) ) ;
#3303 = ORIENTED_EDGE ( 'NONE', *, *, #4440, .F. ) ;
#3304 = DIRECTION ( 'NONE',  ( 0.000000000000000000, -1.000000000000000000, 0.000000000000000000 ) ) ;
#3305 = EDGE_CURVE ( 'NONE', #3151, #9106, #4487, .T. ) ;
#3306 = CARTESIAN_POINT ( 'NONE',  ( 1.945000000000000062, 1.324999999999999956, -0.2249999999999997280 ) ) ;
#3307 = DIRECTION ( 'NONE',  ( 0.000000000000000000, 0.000000000000000000, 1.000000000000000000 ) ) ;
#3308 = DIRECTION ( 'NONE',  ( -1.000000000000000000, 0.000000000000000000, -3.497426362856465737E-17 ) ) ;
#3309 = EDGE_LOOP ( 'NONE', ( #1922, #6199, #2042, #4538 ) ) ;
#3310 = DIRECTION ( 'NONE',  ( -0.000000000000000000, 0.000000000000000000, 1.000000000000000000 ) ) ;
#3311 = EDGE_CURVE ( 'NONE', #3625, #8762, #2261, .T. ) ;
#3312 = DIRECTION ( 'NONE',  ( 0.000000000000000000, 0.000000000000000000, 1.000000000000000000 ) ) ;
#3313 = EDGE_LOOP ( 'NONE', ( #3290, #31, #2776, #4251 ) ) ;
#3314 = CARTESIAN_POINT ( 'NONE',  ( -1.157999999999999696, 0.05000000000000000278, -0.5999999999999998668 ) ) ;
#3315 = CARTESIAN_POINT ( 'NONE',  ( 2.900000000000001243, 0.000000000000000000, 0.2500000000000019429 ) ) ;
#3316 = EDGE_CURVE ( 'NONE', #8283, #2682, #3803, .T. ) ;
#3317 = EDGE_CURVE ( 'NONE', #67, #1672, #3758, .T. ) ;
#3318 = DIRECTION ( 'NONE',  ( 1.000000000000000000, 0.000000000000000000, 0.000000000000000000 ) ) ;
#3319 = VERTEX_POINT ( 'NONE', #6807 ) ;
#3320 = ORIENTED_EDGE ( 'NONE', *, *, #585, .F. ) ;
#3321 = CARTESIAN_POINT ( 'NONE',  ( 1.249999999999999334, 0.05000000000000000278, 0.8000000000000003775 ) ) ;
#3322 = PLANE ( 'NONE',  #4293 ) ;
#3323 = EDGE_CURVE ( 'NONE', #8718, #5346, #2987, .T. ) ;
#3324 = EDGE_CURVE ( 'NONE', #6827, #3608, #1814, .T. ) ;
#3325 = CARTESIAN_POINT ( 'NONE',  ( -1.814999999999999947, 1.464999999999999858, -1.449999999999999734 ) ) ;
#3326 = DIRECTION ( 'NONE',  ( 1.000000000000000000, 0.000000000000000000, 0.000000000000000000 ) ) ;
#3327 = CARTESIAN_POINT ( 'NONE',  ( 2.620000000000000107, 1.350000000000000089, 0.4999999999999997780 ) ) ;
#3328 = DIRECTION ( 'NONE',  ( 0.000000000000000000, 0.000000000000000000, -1.000000000000000000 ) ) ;
#3329 = ORIENTED_EDGE ( 'NONE', *, *, #2352, .F. ) ;
#3330 = CARTESIAN_POINT ( 'NONE',  ( 0.2499999999999997780, 0.05000000000000000278, 1.300000000000000266 ) ) ;
#3331 = ORIENTED_EDGE ( 'NONE', *, *, #4390, .T. ) ;
#3332 = PLANE ( 'NONE',  #442 ) ;
#3333 = LINE ( 'NONE', #2563, #859 ) ;
#3334 = VERTEX_POINT ( 'NONE', #8299 ) ;
#3335 = VECTOR ( 'NONE', #2521, 1000.000000000000000 ) ;
#3336 = AXIS2_PLACEMENT_3D ( 'NONE', #1991, #1947, #7894 ) ;
#3337 = CARTESIAN_POINT ( 'NONE',  ( -3.100000000000000533, 0.1600000000000004197, 1.414999999999999813 ) ) ;
#3338 = CARTESIAN_POINT ( 'NONE',  ( 0.09499999999999975131, 1.164999999999999813, -0.4500000000000003997 ) ) ;
#3339 = ORIENTED_EDGE ( 'NONE', *, *, #9325, .T. ) ;
#3340 = CARTESIAN_POINT ( 'NONE',  ( 1.814999999999999725, 1.464999999999999858, 1.380000000000000338 ) ) ;
#3341 = ORIENTED_EDGE ( 'NONE', *, *, #6419, .T. ) ;
#3342 = LINE ( 'NONE', #6330, #5685 ) ;
#3343 = VERTEX_POINT ( 'NONE', #3854 ) ;
#3344 = DIRECTION ( 'NONE',  ( 1.000000000000000000, 0.000000000000000000, -0.000000000000000000 ) ) ;
#3345 = VECTOR ( 'NONE', #232, 1000.000000000000000 ) ;
#3346 = CARTESIAN_POINT ( 'NONE',  ( -2.362499999999999378, 1.439999999999999947, -1.399999999999999245 ) ) ;
#3347 = DIRECTION ( 'NONE',  ( -1.000000000000000000, -0.000000000000000000, -4.336808689942017736E-16 ) ) ;
#3348 = DIRECTION ( 'NONE',  ( 0.000000000000000000, 0.000000000000000000, -1.000000000000000000 ) ) ;
#3349 = EDGE_LOOP ( 'NONE', ( #6059, #419, #9504, #9559 ) ) ;
#3350 = AXIS2_PLACEMENT_3D ( 'NONE', #9327, #7303, #1263 ) ;
#3351 = DIRECTION ( 'NONE',  ( 1.000000000000000000, 0.000000000000000000, 4.336808689942017736E-16 ) ) ;
#3352 = AXIS2_PLACEMENT_3D ( 'NONE', #993, #1622, #210 ) ;
#3353 = CARTESIAN_POINT ( 'NONE',  ( -1.814999999999999947, 1.464999999999999858, 1.450000000000000622 ) ) ;
#3354 = DIRECTION ( 'NONE',  ( 0.000000000000000000, -1.000000000000000000, 0.000000000000000000 ) ) ;
#3355 = EDGE_CURVE ( 'NONE', #8403, #3319, #4773, .T. ) ;
#3356 = AXIS2_PLACEMENT_3D ( 'NONE', #3853, #1486, #2310 ) ;
#3357 = AXIS2_PLACEMENT_3D ( 'NONE', #114, #3230, #1720 ) ;
#3358 = CARTESIAN_POINT ( 'NONE',  ( -2.299999999999999822, 1.464999999999999858, -0.6149999999999992140 ) ) ;
#3359 = ORIENTED_EDGE ( 'NONE', *, *, #4495, .T. ) ;
#3360 = DIRECTION ( 'NONE',  ( 1.000000000000000000, 0.000000000000000000, -0.000000000000000000 ) ) ;
#3361 = VERTEX_POINT ( 'NONE', #3084 ) ;
#3362 = VERTEX_POINT ( 'NONE', #2590 ) ;
#3363 = EDGE_CURVE ( 'NONE', #9113, #8269, #2311, .T. ) ;
#3364 = EDGE_CURVE ( 'NONE', #3334, #9026, #6066, .T. ) ;
#3365 = CIRCLE ( 'NONE', #107, 0.07499999999999998335 ) ;
#3366 = ADVANCED_FACE ( 'NONE', ( #1583 ), #4535, .T. ) ;
#3367 = PLANE ( 'NONE',  #6519 ) ;
#3368 = LINE ( 'NONE', #599, #4848 ) ;
#3369 = ADVANCED_FACE ( 'NONE', ( #1629 ), #4583, .T. ) ;
#3370 = LINE ( 'NONE', #4247, #574 ) ;
#3371 = ORIENTED_EDGE ( 'NONE', *, *, #115, .T. ) ;
#3372 = MECHANICAL_DESIGN_GEOMETRIC_PRESENTATION_REPRESENTATION (  '', ( #7592 ), #2132 ) ;
#3373 = ORIENTED_EDGE ( 'NONE', *, *, #3977, .F. ) ;
#3374 = EDGE_CURVE ( 'NONE', #1195, #7021, #6702, .T. ) ;
#3375 = VERTEX_POINT ( 'NONE', #3493 ) ;
#3376 = ADVANCED_FACE ( 'NONE', ( #2631 ), #1909, .F. ) ;
#3377 = ORIENTED_EDGE ( 'NONE', *, *, #4725, .F. ) ;
#3378 = DIRECTION ( 'NONE',  ( 0.000000000000000000, 0.000000000000000000, 1.000000000000000000 ) ) ;
#3379 = DIRECTION ( 'NONE',  ( 0.000000000000000000, -0.000000000000000000, -1.000000000000000000 ) ) ;
#3380 = EDGE_CURVE ( 'NONE', #5416, #3860, #4131, .T. ) ;
#3381 = CARTESIAN_POINT ( 'NONE',  ( -3.200000000000000178, 0.2000000000000000944, 0.000000000000000000 ) ) ;
#3382 = FACE_OUTER_BOUND ( 'NONE', #6693, .T. ) ;
#3383 = VERTEX_POINT ( 'NONE', #4283 ) ;
#3384 = FACE_OUTER_BOUND ( 'NONE', #5830, .T. ) ;
#3385 = ORIENTED_EDGE ( 'NONE', *, *, #5880, .T. ) ;
#3386 = VECTOR ( 'NONE', #4790, 1000.000000000000000 ) ;
#3387 = CARTESIAN_POINT ( 'NONE',  ( -1.999999999999979128, 0.05000000000000000278, -1.299999999999999600 ) ) ;
#3388 = DIRECTION ( 'NONE',  ( -0.000000000000000000, -1.000000000000000000, -0.000000000000000000 ) ) ;
#3389 = VERTEX_POINT ( 'NONE', #2681 ) ;
#3390 = VECTOR ( 'NONE', #2456, 1000.000000000000000 ) ;
#3391 = CARTESIAN_POINT ( 'NONE',  ( 1.949999999999999956, -6.815342984766064482, -1.414999999999999813 ) ) ;
#3392 = CARTESIAN_POINT ( 'NONE',  ( 1.375000000000000000, 1.500000000000000000, 0.7099999999999992983 ) ) ;
#3393 = DIRECTION ( 'NONE',  ( -1.000000000000000000, 0.000000000000000000, -0.000000000000000000 ) ) ;
#3394 = ORIENTED_EDGE ( 'NONE', *, *, #403, .T. ) ;
#3395 = LINE ( 'NONE', #3443, #1262 ) ;
#3396 = CARTESIAN_POINT ( 'NONE',  ( -1.000000000000000444, 0.05000000000000000278, 1.300000000000000266 ) ) ;
#3397 = DIRECTION ( 'NONE',  ( 0.000000000000000000, 0.000000000000000000, 1.000000000000000000 ) ) ;
#3398 = CARTESIAN_POINT ( 'NONE',  ( -3.100000000000000533, -6.815342984766064482, 1.414999999999999813 ) ) ;
#3399 = CARTESIAN_POINT ( 'NONE',  ( 3.100000000000000533, -6.815342984766064482, 1.414999999999999813 ) ) ;
#3400 = ORIENTED_EDGE ( 'NONE', *, *, #6769, .F. ) ;
#3401 = LINE ( 'NONE', #6440, #3525 ) ;
#3402 = ORIENTED_EDGE ( 'NONE', *, *, #2005, .F. ) ;
#3403 = ORIENTED_EDGE ( 'NONE', *, *, #4029, .T. ) ;
#3404 = CARTESIAN_POINT ( 'NONE',  ( -1.704999999999999849, 1.324999999999999956, 0.1000000000000001582 ) ) ;
#3405 = DIRECTION ( 'NONE',  ( 0.000000000000000000, 0.000000000000000000, 1.000000000000000000 ) ) ;
#3406 = DIRECTION ( 'NONE',  ( -0.000000000000000000, -1.000000000000000000, -0.000000000000000000 ) ) ;
#3407 = LINE ( 'NONE', #7911, #6569 ) ;
#3408 = ADVANCED_FACE ( 'NONE', ( #9295 ), #6438, .F. ) ;
#3409 = FACE_OUTER_BOUND ( 'NONE', #7690, .T. ) ;
#3410 = ORIENTED_EDGE ( 'NONE', *, *, #3774, .F. ) ;
#3411 =( NAMED_UNIT ( * ) SI_UNIT ( $, .STERADIAN. ) SOLID_ANGLE_UNIT ( ) );
#3412 = VERTEX_POINT ( 'NONE', #396 ) ;
#3413 = DIRECTION ( 'NONE',  ( 0.000000000000000000, 1.000000000000000000, 0.000000000000000000 ) ) ;
#3414 = ORIENTED_EDGE ( 'NONE', *, *, #6006, .F. ) ;
#3415 = EDGE_CURVE ( 'NONE', #6665, #594, #591, .T. ) ;
#3416 = VERTEX_POINT ( 'NONE', #5749 ) ;
#3417 = VECTOR ( 'NONE', #5851, 1000.000000000000000 ) ;
#3418 = CLOSED_SHELL ( 'NONE', ( #9080, #3899, #8366, #4067, #4265, #8501 ) ) ;
#3419 = DIRECTION ( 'NONE',  ( 0.000000000000000000, 0.000000000000000000, -1.000000000000000000 ) ) ;
#3420 = EDGE_CURVE ( 'NONE', #2017, #8762, #7123, .T. ) ;
#3421 = CARTESIAN_POINT ( 'NONE',  ( -1.814999999999999947, 1.500000000000000000, 1.450000000000000622 ) ) ;
#3422 = EDGE_CURVE ( 'NONE', #1840, #2777, #1143, .T. ) ;
#3423 = ORIENTED_EDGE ( 'NONE', *, *, #2606, .T. ) ;
#3424 = VERTEX_POINT ( 'NONE', #3358 ) ;
#3425 = CARTESIAN_POINT ( 'NONE',  ( 2.020000000000000462, 1.350000000000000089, -0.3000000000000002665 ) ) ;
#3426 = VECTOR ( 'NONE', #4169, 1000.000000000000000 ) ;
#3427 = VECTOR ( 'NONE', #6598, 1000.000000000000000 ) ;
#3428 = AXIS2_PLACEMENT_3D ( 'NONE', #1603, #4554, #4019 ) ;
#3429 = ORIENTED_EDGE ( 'NONE', *, *, #2713, .F. ) ;
#3430 = LINE ( 'NONE', #9415, #6323 ) ;
#3431 = CARTESIAN_POINT ( 'NONE',  ( 0.8720160946642466770, 1.449999999999999734, 0.6499999999999996891 ) ) ;
#3432 = EDGE_CURVE ( 'NONE', #480, #6632, #5708, .T. ) ;
#3433 = VERTEX_POINT ( 'NONE', #7270 ) ;
#3434 = ADVANCED_FACE ( 'NONE', ( #2037 ), #3547, .F. ) ;
#3435 = CARTESIAN_POINT ( 'NONE',  ( 2.695000000000000284, 1.324999999999999956, -0.2249999999999997558 ) ) ;
#3436 = CARTESIAN_POINT ( 'NONE',  ( -2.299999999999999822, 0.05000000000000000278, -0.6999999999999995115 ) ) ;
#3437 = VECTOR ( 'NONE', #4823, 1000.000000000000000 ) ;
#3438 = VECTOR ( 'NONE', #8459, 1000.000000000000000 ) ;
#3439 = CARTESIAN_POINT ( 'NONE',  ( 1.814999999999999725, 1.500000000000000000, 1.380000000000000338 ) ) ;
#3440 = LINE ( 'NONE', #3529, #7107 ) ;
#3441 = DIRECTION ( 'NONE',  ( -4.336808689942017736E-16, 0.000000000000000000, 1.000000000000000000 ) ) ;
#3442 = ORIENTED_EDGE ( 'NONE', *, *, #6840, .F. ) ;
#3443 = CARTESIAN_POINT ( 'NONE',  ( -2.299999999999999822, 0.000000000000000000, -0.7999999999999997113 ) ) ;
#3444 = PLANE ( 'NONE',  #7635 ) ;
#3445 = CARTESIAN_POINT ( 'NONE',  ( 2.000000000000021760, 0.05000000000000000278, -0.7999999999999997113 ) ) ;
#3446 = FACE_OUTER_BOUND ( 'NONE', #7090, .T. ) ;
#3447 = VECTOR ( 'NONE', #77, 1000.000000000000000 ) ;
#3448 = DIRECTION ( 'NONE',  ( 1.000000000000000000, 0.000000000000000000, 0.000000000000000000 ) ) ;
#3449 = DIRECTION ( 'NONE',  ( 0.000000000000000000, 1.000000000000000000, 0.000000000000000000 ) ) ;
#3450 = ORIENTED_EDGE ( 'NONE', *, *, #8552, .T. ) ;
#3451 = CARTESIAN_POINT ( 'NONE',  ( -2.000000000000000444, 0.000000000000000000, 1.300000000000000266 ) ) ;
#3452 = ORIENTED_EDGE ( 'NONE', *, *, #7795, .F. ) ;
#3453 = VERTEX_POINT ( 'NONE', #7220 ) ;
#3454 = VECTOR ( 'NONE', #2413, 1000.000000000000000 ) ;
#3455 = CARTESIAN_POINT ( 'NONE',  ( -0.6050000000000002043, 1.164999999999999813, -0.4500000000000003997 ) ) ;
#3456 = CARTESIAN_POINT ( 'NONE',  ( 3.125000000000000000, 0.2000000000000000944, 1.514999999999999902 ) ) ;
#3457 = LINE ( 'NONE', #9351, #9487 ) ;
#3458 = CARTESIAN_POINT ( 'NONE',  ( -2.500000000000000444, 0.05000000000000000278, 0.8000000000000003775 ) ) ;
#3459 = ORIENTED_EDGE ( 'NONE', *, *, #2053, .F. ) ;
#3460 = VERTEX_POINT ( 'NONE', #1949 ) ;
#3461 = CARTESIAN_POINT ( 'NONE',  ( 0.5000000000000213163, 0.000000000000000000, -0.7999999999999997113 ) ) ;
#3462 = ORIENTED_EDGE ( 'NONE', *, *, #1167, .T. ) ;
#3463 = ORIENTED_EDGE ( 'NONE', *, *, #4730, .T. ) ;
#3464 = EDGE_CURVE ( 'NONE', #8718, #1025, #8002, .T. ) ;
#3465 = CARTESIAN_POINT ( 'NONE',  ( 2.500000000000000000, 0.05000000000000000278, 1.300000000000000266 ) ) ;
#3466 = CARTESIAN_POINT ( 'NONE',  ( 1.949999999999999956, 0.000000000000000000, -1.414999999999999813 ) ) ;
#3467 = CARTESIAN_POINT ( 'NONE',  ( -2.000000000000000444, 0.05000000000000000278, 1.300000000000000266 ) ) ;
#3468 = EDGE_CURVE ( 'NONE', #7101, #279, #8583, .T. ) ;
#3469 = ORIENTED_EDGE ( 'NONE', *, *, #4917, .T. ) ;
#3470 = ORIENTED_EDGE ( 'NONE', *, *, #6229, .T. ) ;
#3471 = DIRECTION ( 'NONE',  ( -1.000000000000000000, 0.000000000000000000, -4.336808689942017736E-16 ) ) ;
#3472 = VECTOR ( 'NONE', #9461, 1000.000000000000000 ) ;
#3473 = ORIENTED_EDGE ( 'NONE', *, *, #1128, .T. ) ;
#3474 = VECTOR ( 'NONE', #1383, 1000.000000000000000 ) ;
#3475 = CARTESIAN_POINT ( 'NONE',  ( -0.2500000000000002220, 0.05000000000000000278, 1.300000000000000266 ) ) ;
#3476 = DIRECTION ( 'NONE',  ( -1.000000000000000000, 0.000000000000000000, 0.000000000000000000 ) ) ;
#3477 = ORIENTED_EDGE ( 'NONE', *, *, #7732, .F. ) ;
#3478 = EDGE_CURVE ( 'NONE', #3736, #8882, #2822, .T. ) ;
#3479 = EDGE_CURVE ( 'NONE', #2790, #9111, #9341, .T. ) ;
#3480 = CARTESIAN_POINT ( 'NONE',  ( -2.299999999999999822, 0.05000000000000000278, -0.7999999999999997113 ) ) ;
#3481 = CARTESIAN_POINT ( 'NONE',  ( -1.000000000000000444, 0.05000000000000000278, 0.8000000000000003775 ) ) ;
#3482 = CARTESIAN_POINT ( 'NONE',  ( 3.100000000000000533, 0.000000000000000000, 1.414999999999999813 ) ) ;
#3483 = LINE ( 'NONE', #6475, #341 ) ;
#3484 = ADVANCED_FACE ( 'NONE', ( #4824 ), #544, .F. ) ;
#3485 = EDGE_CURVE ( 'NONE', #6632, #8079, #203, .T. ) ;
#3486 = PLANE ( 'NONE',  #9575 ) ;
#3487 = DIRECTION ( 'NONE',  ( 8.673617379884035472E-16, -0.000000000000000000, 1.000000000000000000 ) ) ;
#3488 = VERTEX_POINT ( 'NONE', #7898 ) ;
#3489 = CARTESIAN_POINT ( 'NONE',  ( -1.749999999999978462, 0.05000000000000000278, -1.299999999999999600 ) ) ;
#3490 = EDGE_CURVE ( 'NONE', #4322, #3227, #4179, .T. ) ;
#3491 = AXIS2_PLACEMENT_3D ( 'NONE', #4454, #6022, #6618 ) ;
#3492 = EDGE_CURVE ( 'NONE', #2234, #3611, #2868, .T. ) ;
#3493 = CARTESIAN_POINT ( 'NONE',  ( -2.400000000000000355, 0.000000000000000000, -0.2499999999999997780 ) ) ;
#3494 = ORIENTED_EDGE ( 'NONE', *, *, #5746, .F. ) ;
#3495 = VECTOR ( 'NONE', #3982, 1000.000000000000000 ) ;
#3496 = ORIENTED_EDGE ( 'NONE', *, *, #4220, .T. ) ;
#3497 = EDGE_LOOP ( 'NONE', ( #524, #605, #504, #6566 ) ) ;
#3498 = CARTESIAN_POINT ( 'NONE',  ( 0.5000000000000213163, 0.05000000000000000278, -1.299999999999999600 ) ) ;
#3499 = FACE_OUTER_BOUND ( 'NONE', #6417, .T. ) ;
#3500 = CARTESIAN_POINT ( 'NONE',  ( 3.100000000000000533, 0.1600000000000004197, 1.414999999999999813 ) ) ;
#3501 = AXIS2_PLACEMENT_3D ( 'NONE', #1499, #3814, #8990 ) ;
#3502 = AXIS2_PLACEMENT_3D ( 'NONE', #4062, #8509, #7095 ) ;
#3503 = LINE ( 'NONE', #6497, #1996 ) ;
#3504 = CARTESIAN_POINT ( 'NONE',  ( -1.704999999999999849, 1.324999999999999956, 0.1000000000000001582 ) ) ;
#3505 = CARTESIAN_POINT ( 'NONE',  ( 0.000000000000000000, 0.2000000000000000944, 1.514999999999999902 ) ) ;
#3506 = CARTESIAN_POINT ( 'NONE',  ( 2.499999999999999556, 0.05000000000000000278, 0.8000000000000003775 ) ) ;
#3507 = VERTEX_POINT ( 'NONE', #736 ) ;
#3508 = CARTESIAN_POINT ( 'NONE',  ( -1.850000000000000089, 1.464999999999999858, 0.000000000000000000 ) ) ;
#3509 = ORIENTED_EDGE ( 'NONE', *, *, #2432, .F. ) ;
#3510 = DIRECTION ( 'NONE',  ( 0.000000000000000000, 0.000000000000000000, 1.000000000000000000 ) ) ;
#3511 = AXIS2_PLACEMENT_3D ( 'NONE', #3211, #5910, #8822 ) ;
#3512 = AXIS2_PLACEMENT_3D ( 'NONE', #6218, #7048, #5434 ) ;
#3513 = DIRECTION ( 'NONE',  ( 0.000000000000000000, 0.000000000000000000, -1.000000000000000000 ) ) ;
#3514 = ORIENTED_EDGE ( 'NONE', *, *, #2767, .F. ) ;
#3515 = ORIENTED_EDGE ( 'NONE', *, *, #2947, .F. ) ;
#3516 = PLANE ( 'NONE',  #6515 ) ;
#3517 = CARTESIAN_POINT ( 'NONE',  ( 2.695000000000000284, 1.500000000000000000, 0.4249999999999992673 ) ) ;
#3518 = FACE_OUTER_BOUND ( 'NONE', #2840, .T. ) ;
#3519 = ORIENTED_EDGE ( 'NONE', *, *, #4147, .T. ) ;
#3520 = ORIENTED_EDGE ( 'NONE', *, *, #3778, .F. ) ;
#3521 = CARTESIAN_POINT ( 'NONE',  ( 1.949999999999999956, 0.000000000000000000, -1.414999999999999813 ) ) ;
#3522 = VERTEX_POINT ( 'NONE', #1512 ) ;
#3523 = DIRECTION ( 'NONE',  ( 0.000000000000000000, 1.000000000000000000, 0.000000000000000000 ) ) ;
#3524 = VERTEX_POINT ( 'NONE', #782 ) ;
#3525 = VECTOR ( 'NONE', #2683, 1000.000000000000000 ) ;
#3526 = EDGE_CURVE ( 'NONE', #7457, #2016, #2285, .T. ) ;
#3527 = DIRECTION ( 'NONE',  ( -1.000000000000000000, 0.000000000000000000, 0.000000000000000000 ) ) ;
#3528 = PLANE ( 'NONE',  #4587 ) ;
#3529 = CARTESIAN_POINT ( 'NONE',  ( 3.200000000000000178, 1.464999999999999858, 0.000000000000000000 ) ) ;
#3530 = LINE ( 'NONE', #6522, #5853 ) ;
#3531 = FACE_OUTER_BOUND ( 'NONE', #7126, .T. ) ;
#3532 = VECTOR ( 'NONE', #9579, 1000.000000000000000 ) ;
#3533 = CARTESIAN_POINT ( 'NONE',  ( 0.000000000000000000, 0.000000000000000000, 0.000000000000000000 ) ) ;
#3534 = EDGE_CURVE ( 'NONE', #6080, #9474, #8767, .T. ) ;
#3535 = FACE_OUTER_BOUND ( 'NONE', #9576, .T. ) ;
#3536 = ORIENTED_EDGE ( 'NONE', *, *, #824, .F. ) ;
#3537 = DIRECTION ( 'NONE',  ( 0.000000000000000000, 0.000000000000000000, -1.000000000000000000 ) ) ;
#3538 =( NAMED_UNIT ( * ) PLANE_ANGLE_UNIT ( ) SI_UNIT ( $, .RADIAN. ) );
#3539 = EDGE_CURVE ( 'NONE', #1055, #8558, #8950, .T. ) ;
#3540 = VECTOR ( 'NONE', #3665, 1000.000000000000000 ) ;
#3541 = EDGE_CURVE ( 'NONE', #8646, #1093, #8182, .T. ) ;
#3542 = CARTESIAN_POINT ( 'NONE',  ( 2.620000000000000551, 1.324999999999999956, 0.4249999999999998224 ) ) ;
#3543 =( NAMED_UNIT ( * ) SI_UNIT ( $, .STERADIAN. ) SOLID_ANGLE_UNIT ( ) );
#3544 = CARTESIAN_POINT ( 'NONE',  ( 1.250000000000021094, 0.05000000000000000278, -0.7999999999999997113 ) ) ;
#3545 = ORIENTED_EDGE ( 'NONE', *, *, #3658, .T. ) ;
#3546 = EDGE_CURVE ( 'NONE', #1736, #932, #2189, .T. ) ;
#3547 = PLANE ( 'NONE',  #3612 ) ;
#3548 = EDGE_CURVE ( 'NONE', #8475, #2851, #2088, .T. ) ;
#3549 = ORIENTED_EDGE ( 'NONE', *, *, #3009, .T. ) ;
#3550 = CARTESIAN_POINT ( 'NONE',  ( 1.814999999999999725, 0.2000000000000000944, 1.450000000000000622 ) ) ;
#3551 = ORIENTED_EDGE ( 'NONE', *, *, #4430, .T. ) ;
#3552 = VERTEX_POINT ( 'NONE', #689 ) ;
#3553 = DIRECTION ( 'NONE',  ( -0.000000000000000000, -1.000000000000000000, 0.000000000000000000 ) ) ;
#3554 = ADVANCED_FACE ( 'NONE', ( #5112 ), #1464, .F. ) ;
#3555 = EDGE_CURVE ( 'NONE', #9477, #9187, #54, .T. ) ;
#3556 = DIRECTION ( 'NONE',  ( 0.000000000000000000, 0.000000000000000000, 1.000000000000000000 ) ) ;
#3557 = AXIS2_PLACEMENT_3D ( 'NONE', #5552, #6380, #7210 ) ;
#3558 = LINE ( 'NONE', #8773, #7171 ) ;
#3559 = DIRECTION ( 'NONE',  ( -1.000000000000000000, 0.000000000000000000, 2.506825832336425562E-16 ) ) ;
#3560 = CARTESIAN_POINT ( 'NONE',  ( 0.03701609466424640033, 1.449999999999999734, -0.4500000000000003997 ) ) ;
#3561 = LINE ( 'NONE', #3506, #5834 ) ;
#3562 = EDGE_LOOP ( 'NONE', ( #4605, #78, #1419, #5113 ) ) ;
#3563 = EDGE_LOOP ( 'NONE', ( #7711, #3275, #794, #9199 ) ) ;
#3564 = LINE ( 'NONE', #5722, #6979 ) ;
#3565 = ORIENTED_EDGE ( 'NONE', *, *, #4549, .F. ) ;
#3566 = VERTEX_POINT ( 'NONE', #56 ) ;
#3567 = LINE ( 'NONE', #9548, #9410 ) ;
#3568 = EDGE_LOOP ( 'NONE', ( #9518, #9364, #4122, #3394 ) ) ;
#3569 = ORIENTED_EDGE ( 'NONE', *, *, #9073, .T. ) ;
#3570 = DIRECTION ( 'NONE',  ( -0.000000000000000000, 1.000000000000000000, -0.000000000000000000 ) ) ;
#3571 = PLANE ( 'NONE',  #1222 ) ;
#3572 = ORIENTED_EDGE ( 'NONE', *, *, #2306, .T. ) ;
#3573 = CARTESIAN_POINT ( 'NONE',  ( 2.500000000000000000, 0.05000000000000000278, 1.414999999999999813 ) ) ;
#3574 = VECTOR ( 'NONE', #3570, 1000.000000000000000 ) ;
#3575 = PRESENTATION_STYLE_ASSIGNMENT (( #617 ) ) ;
#3576 = ORIENTED_EDGE ( 'NONE', *, *, #5167, .T. ) ;
#3577 = CLOSED_SHELL ( 'NONE', ( #7628, #6650, #921, #938, #2841, #4536 ) ) ;
#3578 = CARTESIAN_POINT ( 'NONE',  ( -1.704999999999999849, 1.324999999999999956, 0.3500000000000000888 ) ) ;
#3579 = FACE_OUTER_BOUND ( 'NONE', #2684, .T. ) ;
#3581 = VECTOR ( 'NONE', #9387, 1000.000000000000000 ) ;
#3580 = DIRECTION ( 'NONE',  ( 1.000000000000000000, 0.000000000000000000, 0.000000000000000000 ) ) ;
#3582 = VECTOR ( 'NONE', #2921, 1000.000000000000114 ) ;
#3583 = CARTESIAN_POINT ( 'NONE',  ( -3.165000000000000480, 1.464999999999999858, 1.444999999999999396 ) ) ;
#3584 = AXIS2_PLACEMENT_3D ( 'NONE', #4218, #572, #8653 ) ;
#3585 = SURFACE_SIDE_STYLE ('',( #8131 ) ) ;
#3586 = DIRECTION ( 'NONE',  ( -0.000000000000000000, 0.000000000000000000, 1.000000000000000000 ) ) ;
#3587 = VERTEX_POINT ( 'NONE', #3010 ) ;
#3588 = LINE ( 'NONE', #7311, #4204 ) ;
#3589 = VERTEX_POINT ( 'NONE', #2966 ) ;
#3590 = SURFACE_STYLE_FILL_AREA ( #7313 ) ;
#3591 = AXIS2_PLACEMENT_3D ( 'NONE', #284, #8070, #487 ) ;
#3592 = VECTOR ( 'NONE', #5102, 1000.000000000000000 ) ;
#3593 = ADVANCED_FACE ( 'NONE', ( #831 ), #1558, .T. ) ;
#3594 = CARTESIAN_POINT ( 'NONE',  ( -2.500000000000000444, 0.000000000000000000, 0.8000000000000003775 ) ) ;
#3595 = ORIENTED_EDGE ( 'NONE', *, *, #2241, .F. ) ;
#3596 = DIRECTION ( 'NONE',  ( -0.000000000000000000, -1.000000000000000000, 0.000000000000000000 ) ) ;
#3597 = VECTOR ( 'NONE', #4039, 1000.000000000000000 ) ;
#3598 = EDGE_CURVE ( 'NONE', #2591, #775, #98, .T. ) ;
#3599 = VECTOR ( 'NONE', #7499, 1000.000000000000000 ) ;
#3600 = ORIENTED_EDGE ( 'NONE', *, *, #5079, .T. ) ;
#3601 = ORIENTED_EDGE ( 'NONE', *, *, #7130, .T. ) ;
#3602 = DIRECTION ( 'NONE',  ( -0.000000000000000000, 1.000000000000000000, -0.000000000000000000 ) ) ;
#3603 = CARTESIAN_POINT ( 'NONE',  ( 3.100000000000000533, 0.05000000000000000278, 1.414999999999999813 ) ) ;
#3604 = ADVANCED_FACE ( 'NONE', ( #4332 ), #1421, .F. ) ;
#3605 = EDGE_CURVE ( 'NONE', #9279, #4260, #636, .T. ) ;
#3606 = DIRECTION ( 'NONE',  ( 0.000000000000000000, 0.000000000000000000, -1.000000000000000000 ) ) ;
#3607 = EDGE_CURVE ( 'NONE', #4018, #9006, #4470, .T. ) ;
#3608 = VERTEX_POINT ( 'NONE', #8815 ) ;
#3609 = EDGE_CURVE ( 'NONE', #809, #8632, #8098, .T. ) ;
#3610 = DIRECTION ( 'NONE',  ( -1.000000000000000000, 0.000000000000000000, -0.000000000000000000 ) ) ;
#3611 = VERTEX_POINT ( 'NONE', #5902 ) ;
#3612 = AXIS2_PLACEMENT_3D ( 'NONE', #3399, #1280, #4237 ) ;
#3613 = CARTESIAN_POINT ( 'NONE',  ( 1.849999999999999867, 0.2000000000000000944, 1.479999999999999760 ) ) ;
#3614 = CARTESIAN_POINT ( 'NONE',  ( 1.749999999999998890, 0.05000000000000000278, 0.8000000000000003775 ) ) ;
#3615 = ORIENTED_EDGE ( 'NONE', *, *, #994, .F. ) ;
#3616 = CARTESIAN_POINT ( 'NONE',  ( 2.695000000000000284, 1.350000000000000089, -0.2249999999999997280 ) ) ;
#3617 = CIRCLE ( 'NONE', #1606, 0.07499999999999998335 ) ;
#3618 = CARTESIAN_POINT ( 'NONE',  ( -2.500000000000000444, 0.05000000000000000278, 0.8000000000000003775 ) ) ;
#3619 = DIRECTION ( 'NONE',  ( -0.000000000000000000, -1.000000000000000000, -0.000000000000000000 ) ) ;
#3620 = CARTESIAN_POINT ( 'NONE',  ( -1.749999999999978462, 0.05000000000000000278, -0.7999999999999997113 ) ) ;
#3621 = ORIENTED_EDGE ( 'NONE', *, *, #1530, .F. ) ;
#3622 = ADVANCED_FACE ( 'NONE', ( #8861 ), #5160, .F. ) ;
#3623 = ORIENTED_EDGE ( 'NONE', *, *, #6178, .F. ) ;
#3624 = DIRECTION ( 'NONE',  ( 1.000000000000000000, -0.000000000000000000, 0.000000000000000000 ) ) ;
#3625 = VERTEX_POINT ( 'NONE', #5404 ) ;
#3626 = CARTESIAN_POINT ( 'NONE',  ( -3.137500000000000178, 1.439999999999999947, -0.6949999999999993960 ) ) ;
#3627 = CARTESIAN_POINT ( 'NONE',  ( -1.749999999999978462, 0.05000000000000000278, -0.7999999999999997113 ) ) ;
#3628 = ORIENTED_EDGE ( 'NONE', *, *, #5100, .T. ) ;
#3629 = FACE_OUTER_BOUND ( 'NONE', #6737, .T. ) ;
#3630 = CARTESIAN_POINT ( 'NONE',  ( -1.462500000000000133, 1.350000000000000089, 0.3425000000000001932 ) ) ;
#3631 = CARTESIAN_POINT ( 'NONE',  ( 1.949999999999999956, 0.000000000000000000, -1.414999999999999813 ) ) ;
#3632 = DIRECTION ( 'NONE',  ( 0.000000000000000000, 0.000000000000000000, -1.000000000000000000 ) ) ;
#3633 = CIRCLE ( 'NONE', #4256, 0.03500000000000009354 ) ;
#3634 = ORIENTED_EDGE ( 'NONE', *, *, #4480, .F. ) ;
#3635 = DIRECTION ( 'NONE',  ( 1.000000000000000000, 0.000000000000000000, -8.673617379884035472E-16 ) ) ;
#3636 = ORIENTED_EDGE ( 'NONE', *, *, #7378, .F. ) ;
#3637 = VECTOR ( 'NONE', #1358, 1000.000000000000000 ) ;
#3638 = DIRECTION ( 'NONE',  ( 0.000000000000000000, -1.000000000000000000, 0.000000000000000000 ) ) ;
#3639 = ORIENTED_EDGE ( 'NONE', *, *, #531, .T. ) ;
#3640 = CARTESIAN_POINT ( 'NONE',  ( 0.09499999999999975131, 1.164999999999999813, -0.4500000000000003997 ) ) ;
#3641 = ORIENTED_EDGE ( 'NONE', *, *, #7431, .T. ) ;
#3642 = PLANE ( 'NONE',  #2614 ) ;
#3643 = EDGE_CURVE ( 'NONE', #8891, #1887, #148, .T. ) ;
#3644 = DIRECTION ( 'NONE',  ( -0.000000000000000000, -1.000000000000000000, -0.000000000000000000 ) ) ;
#3645 = DIRECTION ( 'NONE',  ( -1.000000000000000000, -0.000000000000000000, -0.000000000000000000 ) ) ;
#3646 = CARTESIAN_POINT ( 'NONE',  ( 0.4341322026734634187, 1.164999999999999813, 0.6499999999999996891 ) ) ;
#3647 = EDGE_CURVE ( 'NONE', #5251, #9174, #7751, .T. ) ;
#3648 = CYLINDRICAL_SURFACE ( 'NONE', #6448, 0.03500000000000030864 ) ;
#3649 = CARTESIAN_POINT ( 'NONE',  ( 2.000000000000000000, 0.000000000000000000, 0.8000000000000003775 ) ) ;
#3650 = PLANE ( 'NONE',  #7304 ) ;
#3651 = DIRECTION ( 'NONE',  ( 1.000000000000000000, 0.000000000000000000, 4.336808689942017736E-16 ) ) ;
#3652 = AXIS2_PLACEMENT_3D ( 'NONE', #8617, #7836, #434 ) ;
#3653 =( LENGTH_UNIT ( ) NAMED_UNIT ( * ) SI_UNIT ( .MILLI., .METRE. ) );
#3654 = PLANE ( 'NONE',  #2409 ) ;
#3655 = LINE ( 'NONE', #7521, #1681 ) ;
#3656 = EDGE_LOOP ( 'NONE', ( #1731, #4687, #6294, #6316 ) ) ;
#3657 = EDGE_CURVE ( 'NONE', #198, #3362, #5303, .T. ) ;
#3658 = EDGE_CURVE ( 'NONE', #7950, #4349, #7696, .T. ) ;
#3659 = DIRECTION ( 'NONE',  ( -0.000000000000000000, 0.000000000000000000, 1.000000000000000000 ) ) ;
#3660 = CARTESIAN_POINT ( 'NONE',  ( -2.299999999999999822, 0.05000000000000000278, -0.7999999999999997113 ) ) ;
#3661 = VERTEX_POINT ( 'NONE', #6089 ) ;
#3662 = CIRCLE ( 'NONE', #725, 0.03499999999999987843 ) ;
#3663 = EDGE_CURVE ( 'NONE', #5086, #6009, #1082, .T. ) ;
#3664 = EDGE_CURVE ( 'NONE', #4656, #2277, #3213, .T. ) ;
#3665 = DIRECTION ( 'NONE',  ( -1.000000000000000000, -0.000000000000000000, -0.000000000000000000 ) ) ;
#3666 = DIRECTION ( 'NONE',  ( 0.000000000000000000, 1.000000000000000000, -0.000000000000000000 ) ) ;
#3667 = CARTESIAN_POINT ( 'NONE',  ( 0.4341322026734634187, 1.164999999999999813, -0.4500000000000003997 ) ) ;
#3668 = CARTESIAN_POINT ( 'NONE',  ( 2.695000000000000284, 1.500000000000000000, -0.2249999999999997280 ) ) ;
#3669 = ORIENTED_EDGE ( 'NONE', *, *, #450, .F. ) ;
#3670 = VECTOR ( 'NONE', #239, 1000.000000000000000 ) ;
#3671 = VERTEX_POINT ( 'NONE', #6146 ) ;
#3672 = ADVANCED_FACE ( 'NONE', ( #2535 ), #292, .F. ) ;
#3673 = VECTOR ( 'NONE', #9084, 1000.000000000000000 ) ;
#3674 = CARTESIAN_POINT ( 'NONE',  ( 0.000000000000000000, 0.000000000000000000, 0.000000000000000000 ) ) ;
#3675 = EDGE_CURVE ( 'NONE', #594, #817, #5503, .T. ) ;
#3676 = ORIENTED_EDGE ( 'NONE', *, *, #9266, .T. ) ;
#3677 = LINE ( 'NONE', #8255, #3438 ) ;
#3678 = ORIENTED_EDGE ( 'NONE', *, *, #6129, .T. ) ;
#3679 = VECTOR ( 'NONE', #6430, 1000.000000000000000 ) ;
#3680 = DIRECTION ( 'NONE',  ( -0.000000000000000000, -0.000000000000000000, 1.000000000000000000 ) ) ;
#3681 = DIRECTION ( 'NONE',  ( -0.000000000000000000, 1.000000000000000000, -0.000000000000000000 ) ) ;
#3682 = PLANE ( 'NONE',  #3501 ) ;
#3683 = DIRECTION ( 'NONE',  ( 0.000000000000000000, -1.000000000000000000, 0.000000000000000000 ) ) ;
#3684 =( NAMED_UNIT ( * ) SI_UNIT ( $, .STERADIAN. ) SOLID_ANGLE_UNIT ( ) );
#3685 = DIRECTION ( 'NONE',  ( 1.000000000000000000, 0.000000000000000000, 0.000000000000000000 ) ) ;
#3686 = VERTEX_POINT ( 'NONE', #7704 ) ;
#3687 = VECTOR ( 'NONE', #7170, 1000.000000000000000 ) ;
#3688 = CARTESIAN_POINT ( 'NONE',  ( 2.000000000000021760, 0.000000000000000000, -0.7999999999999997113 ) ) ;
#3689 = ORIENTED_EDGE ( 'NONE', *, *, #6261, .T. ) ;
#3690 = VECTOR ( 'NONE', #8780, 1000.000000000000000 ) ;
#3691 = CARTESIAN_POINT ( 'NONE',  ( -1.249999999999978462, 0.000000000000000000, -0.7999999999999994893 ) ) ;
#3692 = EDGE_LOOP ( 'NONE', ( #9189, #5905, #8064, #1825 ) ) ;
#3693 = DIRECTION ( 'NONE',  ( 8.673617379884035472E-16, -0.000000000000000000, 1.000000000000000000 ) ) ;
#3694 = ORIENTED_EDGE ( 'NONE', *, *, #405, .F. ) ;
#3695 = CARTESIAN_POINT ( 'NONE',  ( -1.000000000000000444, 0.000000000000000000, 0.8000000000000003775 ) ) ;
#3696 = ORIENTED_EDGE ( 'NONE', *, *, #8844, .F. ) ;
#3697 = PLANE ( 'NONE',  #8105 ) ;
#3698 = VECTOR ( 'NONE', #6367, 999.9999999999998863 ) ;
#3699 = SURFACE_STYLE_USAGE ( .BOTH. , #1332 ) ;
#3700 = CARTESIAN_POINT ( 'NONE',  ( -3.102500000000000036, 1.439999999999999947, -0.6599999999999995870 ) ) ;
#3701 = DIRECTION ( 'NONE',  ( -1.000000000000000000, 0.000000000000000000, 0.000000000000000000 ) ) ;
#3702 = VECTOR ( 'NONE', #257, 1000.000000000000000 ) ;
#3703 = ORIENTED_EDGE ( 'NONE', *, *, #7377, .F. ) ;
#3704 = CARTESIAN_POINT ( 'NONE',  ( 1.849999999999999867, 0.2000000000000000944, -1.449999999999999734 ) ) ;
#3705 = VERTEX_POINT ( 'NONE', #6919 ) ;
#3706 = ORIENTED_EDGE ( 'NONE', *, *, #8713, .F. ) ;
#3707 = EDGE_CURVE ( 'NONE', #5366, #730, #7065, .T. ) ;
#3708 = FACE_OUTER_BOUND ( 'NONE', #919, .T. ) ;
#3709 = CARTESIAN_POINT ( 'NONE',  ( -3.137500000000000178, 1.439999999999999947, -1.399999999999999245 ) ) ;
#3710 = CARTESIAN_POINT ( 'NONE',  ( -1.387499999999999956, 1.500000000000000000, -0.1424999999999993494 ) ) ;
#3711 = CARTESIAN_POINT ( 'NONE',  ( -1.250000000000000444, 0.05000000000000000278, 1.300000000000000266 ) ) ;
#3712 = ORIENTED_EDGE ( 'NONE', *, *, #2005, .T. ) ;
#3713 = ORIENTED_EDGE ( 'NONE', *, *, #4255, .F. ) ;
#3714 = FACE_OUTER_BOUND ( 'NONE', #4095, .T. ) ;
#3715 = ADVANCED_FACE ( 'NONE', ( #9100 ), #7015, .F. ) ;
#3716 = FACE_OUTER_BOUND ( 'NONE', #1785, .T. ) ;
#3717 = ORIENTED_EDGE ( 'NONE', *, *, #2960, .T. ) ;
#3718 = AXIS2_PLACEMENT_3D ( 'NONE', #4820, #4961, #3312 ) ;
#3719 = CARTESIAN_POINT ( 'NONE',  ( 1.249999999999999334, 0.05000000000000000278, 1.300000000000000266 ) ) ;
#3720 = EDGE_CURVE ( 'NONE', #8214, #4426, #925, .T. ) ;
#3721 = EDGE_CURVE ( 'NONE', #2006, #9320, #977, .T. ) ;
#3722 = DIRECTION ( 'NONE',  ( 0.000000000000000000, -0.000000000000000000, -1.000000000000000000 ) ) ;
#3723 = CARTESIAN_POINT ( 'NONE',  ( -2.022499999999999964, 1.500000000000000000, -0.1424999999999997380 ) ) ;
#3724 = LINE ( 'NONE', #5937, #7506 ) ;
#3725 = ORIENTED_EDGE ( 'NONE', *, *, #2357, .T. ) ;
#3726 = LINE ( 'NONE', #45, #649 ) ;
#3727 = EDGE_CURVE ( 'NONE', #9523, #9006, #2333, .T. ) ;
#3728 = AXIS2_PLACEMENT_3D ( 'NONE', #7661, #295, #6292 ) ;
#3729 = VERTEX_POINT ( 'NONE', #3986 ) ;
#3730 = EDGE_CURVE ( 'NONE', #2682, #6539, #4718, .T. ) ;
#3731 = DIRECTION ( 'NONE',  ( 0.000000000000000000, -0.000000000000000000, -1.000000000000000000 ) ) ;
#3732 = ORIENTED_EDGE ( 'NONE', *, *, #4328, .F. ) ;
#3733 = CARTESIAN_POINT ( 'NONE',  ( -2.299999999999999822, 0.000000000000000000, -0.6999999999999995115 ) ) ;
#3734 = AXIS2_PLACEMENT_3D ( 'NONE', #8288, #204, #6203 ) ;
#3735 = DIRECTION ( 'NONE',  ( 8.673617379884035472E-16, -0.000000000000000000, 1.000000000000000000 ) ) ;
#3736 = VERTEX_POINT ( 'NONE', #8281 ) ;
#3737 = CARTESIAN_POINT ( 'NONE',  ( 0.4999999999999995559, 0.05000000000000000278, 0.8000000000000003775 ) ) ;
#3738 = EDGE_LOOP ( 'NONE', ( #7538, #2008, #248, #8538 ) ) ;
#3739 = LINE ( 'NONE', #8816, #5092 ) ;
#3740 = EDGE_LOOP ( 'NONE', ( #8158, #9456, #5987, #804 ) ) ;
#3741 = VECTOR ( 'NONE', #4758, 1000.000000000000000 ) ;
#3742 = CARTESIAN_POINT ( 'NONE',  ( 1.849999999999999867, 1.464999999999999858, 1.479999999999999760 ) ) ;
#3743 = AXIS2_PLACEMENT_3D ( 'NONE', #4113, #4951, #430 ) ;
#3744 = LINE ( 'NONE', #1429, #2321 ) ;
#3745 = VERTEX_POINT ( 'NONE', #3262 ) ;
#3746 = VECTOR ( 'NONE', #5400, 1000.000000000000000 ) ;
#3747 = VECTOR ( 'NONE', #7246, 1000.000000000000000 ) ;
#3748 = CARTESIAN_POINT ( 'NONE',  ( 2.400000000000001243, 0.05000000000000000278, 0.2500000000000017208 ) ) ;
#3749 = ORIENTED_EDGE ( 'NONE', *, *, #165, .F. ) ;
#3750 = SURFACE_STYLE_FILL_AREA ( #2347 ) ;
#3751 = ORIENTED_EDGE ( 'NONE', *, *, #3707, .T. ) ;
#3752 = CARTESIAN_POINT ( 'NONE',  ( 2.620000000000000551, 1.350000000000000089, -0.2250000000000002554 ) ) ;
#3753 = ORIENTED_EDGE ( 'NONE', *, *, #2167, .F. ) ;
#3754 = DIRECTION ( 'NONE',  ( -0.000000000000000000, -1.000000000000000000, -0.000000000000000000 ) ) ;
#3755 = CARTESIAN_POINT ( 'NONE',  ( -0.2500000000000002220, 0.05000000000000000278, 1.300000000000000266 ) ) ;
#3756 = DIRECTION ( 'NONE',  ( 0.000000000000000000, 0.000000000000000000, 1.000000000000000000 ) ) ;
#3757 = CARTESIAN_POINT ( 'NONE',  ( 1.249999999999999334, 0.000000000000000000, 1.414999999999999813 ) ) ;
#3758 = LINE ( 'NONE', #8209, #3447 ) ;
#3759 = VERTEX_POINT ( 'NONE', #6238 ) ;
#3760 = EDGE_LOOP ( 'NONE', ( #4411, #4477, #9516, #8689 ) ) ;
#3761 = CARTESIAN_POINT ( 'NONE',  ( -2.000000000000000444, 0.05000000000000000278, 1.300000000000000266 ) ) ;
#3762 = FACE_OUTER_BOUND ( 'NONE', #5165, .T. ) ;
#3763 = VERTEX_POINT ( 'NONE', #1608 ) ;
#3764 = DIRECTION ( 'NONE',  ( 0.000000000000000000, 0.000000000000000000, 1.000000000000000000 ) ) ;
#3765 = DIRECTION ( 'NONE',  ( 0.6755902076156586888, 0.7372773368101255276, 0.000000000000000000 ) ) ;
#3766 = ADVANCED_FACE ( 'NONE', ( #2390 ), #3105, .T. ) ;
#3767 = UNCERTAINTY_MEASURE_WITH_UNIT (LENGTH_MEASURE( 1.000000000000000082E-05 ), #1447, 'distance_accuracy_value', 'NONE');
#3768 = PLANE ( 'NONE',  #7580 ) ;
#3769 = ORIENTED_EDGE ( 'NONE', *, *, #3468, .F. ) ;
#3770 = PLANE ( 'NONE',  #1589 ) ;
#3771 = ORIENTED_EDGE ( 'NONE', *, *, #5285, .T. ) ;
#3772 = ADVANCED_FACE ( 'NONE', ( #4657 ), #2580, .F. ) ;
#3773 = PLANE ( 'NONE',  #1570 ) ;
#3774 = EDGE_CURVE ( 'NONE', #3522, #8393, #1271, .T. ) ;
#3775 = EDGE_LOOP ( 'NONE', ( #3237, #188, #716, #7856 ) ) ;
#3776 = CARTESIAN_POINT ( 'NONE',  ( 2.900000000000001243, 0.000000000000000000, 0.2500000000000019429 ) ) ;
#3777 = APPLICATION_CONTEXT ( 'automotive_design' ) ;
#3778 = EDGE_CURVE ( 'NONE', #6322, #5163, #7839, .T. ) ;
#3779 = ADVANCED_FACE ( 'NONE', ( #1171 ), #9380, .T. ) ;
#3780 = CARTESIAN_POINT ( 'NONE',  ( 1.949999999999999956, -6.815342984766064482, -1.414999999999999813 ) ) ;
#3781 = LINE ( 'NONE', #8998, #7186 ) ;
#3782 = EDGE_LOOP ( 'NONE', ( #6346, #112, #2215, #1376 ) ) ;
#3783 = CARTESIAN_POINT ( 'NONE',  ( 0.000000000000000000, 0.2000000000000000944, 1.514999999999999902 ) ) ;
#3784 = VERTEX_POINT ( 'NONE', #4908 ) ;
#3785 = CARTESIAN_POINT ( 'NONE',  ( 2.900000000000001243, 0.05000000000000000278, 0.2500000000000019429 ) ) ;
#3786 = VERTEX_POINT ( 'NONE', #8661 ) ;
#3787 = LINE ( 'NONE', #1468, #1728 ) ;
#3788 = ADVANCED_FACE ( 'NONE', ( #7261 ), #9243, .T. ) ;
#3789 = VECTOR ( 'NONE', #5026, 1000.000000000000000 ) ;
#3790 = ORIENTED_EDGE ( 'NONE', *, *, #5207, .T. ) ;
#3791 = DIRECTION ( 'NONE',  ( -0.000000000000000000, -1.000000000000000000, 0.000000000000000000 ) ) ;
#3792 = LINE ( 'NONE', #6691, #9349 ) ;
#3793 = ORIENTED_EDGE ( 'NONE', *, *, #6399, .T. ) ;
#3794 = LINE ( 'NONE', #5120, #6666 ) ;
#3795 = ORIENTED_EDGE ( 'NONE', *, *, #4930, .T. ) ;
#3796 = CARTESIAN_POINT ( 'NONE',  ( -2.400000000000000355, 0.000000000000000000, 0.2500000000000002220 ) ) ;
#3797 = FACE_BOUND ( 'NONE', #5343, .T. ) ;
#3798 = ORIENTED_EDGE ( 'NONE', *, *, #4991, .T. ) ;
#3799 = VECTOR ( 'NONE', #2992, 1000.000000000000000 ) ;
#3800 = CARTESIAN_POINT ( 'NONE',  ( -2.397499999999999520, 1.464999999999999858, -0.6599999999999995870 ) ) ;
#3801 = DIRECTION ( 'NONE',  ( 0.000000000000000000, 0.000000000000000000, 1.000000000000000000 ) ) ;
#3802 = FACE_OUTER_BOUND ( 'NONE', #6931, .T. ) ;
#3803 = LINE ( 'NONE', #803, #3454 ) ;
#3804 = ORIENTED_EDGE ( 'NONE', *, *, #6532, .T. ) ;
#3805 = VERTEX_POINT ( 'NONE', #1852 ) ;
#3806 = DIRECTION ( 'NONE',  ( 0.000000000000000000, -0.000000000000000000, -1.000000000000000000 ) ) ;
#3807 = VECTOR ( 'NONE', #6968, 1000.000000000000000 ) ;
#3808 = CIRCLE ( 'NONE', #8947, 0.07000000000000018707 ) ;
#3809 = FACE_OUTER_BOUND ( 'NONE', #9247, .T. ) ;
#3810 = ORIENTED_EDGE ( 'NONE', *, *, #7318, .T. ) ;
#3811 = CARTESIAN_POINT ( 'NONE',  ( 2.500000000000021316, 0.000000000000000000, -1.299999999999999600 ) ) ;
#3812 = PLANE ( 'NONE',  #5352 ) ;
#3813 = VECTOR ( 'NONE', #1154, 1000.000000000000000 ) ;
#3814 = DIRECTION ( 'NONE',  ( 0.000000000000000000, 0.000000000000000000, -1.000000000000000000 ) ) ;
#3815 = CARTESIAN_POINT ( 'NONE',  ( 2.695000000000000284, 1.350000000000000089, 0.4249999999999998224 ) ) ;
#3816 = ORIENTED_EDGE ( 'NONE', *, *, #4092, .T. ) ;
#3817 = CARTESIAN_POINT ( 'NONE',  ( -1.749999999999978462, 0.000000000000000000, -0.7999999999999997113 ) ) ;
#3818 = ORIENTED_EDGE ( 'NONE', *, *, #3905, .F. ) ;
#3819 = DIRECTION ( 'NONE',  ( -1.000000000000000000, 0.000000000000000000, -0.000000000000000000 ) ) ;
#3820 = ADVANCED_FACE ( 'NONE', ( #1985 ), #4957, .T. ) ;
#3821 = ORIENTED_EDGE ( 'NONE', *, *, #7500, .F. ) ;
#3822 = AXIS2_PLACEMENT_3D ( 'NONE', #6214, #1730, #1824 ) ;
#3823 = ADVANCED_FACE ( 'NONE', ( #1898 ), #7941, .F. ) ;
#3824 = CARTESIAN_POINT ( 'NONE',  ( -1.750000000000000444, 0.000000000000000000, -1.414999999999999369 ) ) ;
#3825 = AXIS2_PLACEMENT_3D ( 'NONE', #8747, #7929, #7400 ) ;
#3826 = FILL_AREA_STYLE_COLOUR ( '', #4449 ) ;
#3827 = ORIENTED_EDGE ( 'NONE', *, *, #3363, .T. ) ;
#3828 = DIRECTION ( 'NONE',  ( -0.9396926207859082059, -0.3420201433256694901, 0.000000000000000000 ) ) ;
#3829 = ORIENTED_EDGE ( 'NONE', *, *, #6311, .T. ) ;
#3830 = CARTESIAN_POINT ( 'NONE',  ( 1.849999999999999867, 0.2000000000000000944, 0.000000000000000000 ) ) ;
#3831 = ORIENTED_EDGE ( 'NONE', *, *, #8435, .F. ) ;
#3832 = LINE ( 'NONE', #7615, #4048 ) ;
#3833 = EDGE_CURVE ( 'NONE', #6450, #2471, #3863, .T. ) ;
#3834 = FACE_OUTER_BOUND ( 'NONE', #1424, .T. ) ;
#3835 = ORIENTED_EDGE ( 'NONE', *, *, #3548, .T. ) ;
#3836 = DIRECTION ( 'NONE',  ( 1.000000000000000000, 0.000000000000000000, 0.000000000000000000 ) ) ;
#3837 = DIRECTION ( 'NONE',  ( 0.000000000000000000, 0.000000000000000000, 1.000000000000000000 ) ) ;
#3838 = EDGE_CURVE ( 'NONE', #8283, #5201, #7994, .T. ) ;
#3839 = EDGE_CURVE ( 'NONE', #8558, #9311, #535, .T. ) ;
#3840 = MANIFOLD_SOLID_BREP ( 'Fillet3', #5126 ) ;
#3841 = ORIENTED_EDGE ( 'NONE', *, *, #2494, .F. ) ;
#3842 = VECTOR ( 'NONE', #2165, 1000.000000000000000 ) ;
#3843 = PRESENTATION_STYLE_ASSIGNMENT (( #157 ) ) ;
#3844 = ORIENTED_EDGE ( 'NONE', *, *, #3598, .F. ) ;
#3845 = VERTEX_POINT ( 'NONE', #2624 ) ;
#3846 = CARTESIAN_POINT ( 'NONE',  ( -2.400000000000000355, 0.05000000000000000278, -0.2499999999999997780 ) ) ;
#3847 = EDGE_CURVE ( 'NONE', #3587, #400, #5596, .T. ) ;
#3848 = LINE ( 'NONE', #5756, #8334 ) ;
#3849 = VERTEX_POINT ( 'NONE', #3016 ) ;
#3850 = AXIS2_PLACEMENT_3D ( 'NONE', #1097, #3951, #5476 ) ;
#3851 = CARTESIAN_POINT ( 'NONE',  ( -0.7000000000000001776, 1.500000000000000000, 0.7099999999999996314 ) ) ;
#3852 = CARTESIAN_POINT ( 'NONE',  ( -2.362499999999999378, 1.464999999999999858, -1.399999999999999245 ) ) ;
#3853 = CARTESIAN_POINT ( 'NONE',  ( 0.000000000000000000, 0.05000000000000000278, 0.000000000000000000 ) ) ;
#3854 = CARTESIAN_POINT ( 'NONE',  ( 1.229999999999999982, 1.164999999999999813, 0.6499999999999996891 ) ) ;
#3855 = ORIENTED_EDGE ( 'NONE', *, *, #8725, .T. ) ;
#3856 = SURFACE_STYLE_FILL_AREA ( #2263 ) ;
#3857 = ORIENTED_EDGE ( 'NONE', *, *, #8089, .T. ) ;
#3858 = LINE ( 'NONE', #3913, #3296 ) ;
#3859 = CARTESIAN_POINT ( 'NONE',  ( -1.704999999999999849, 1.350000000000000089, 0.1000000000000001582 ) ) ;
#3860 = VERTEX_POINT ( 'NONE', #2243 ) ;
#3861 = CARTESIAN_POINT ( 'NONE',  ( 0.5000000000000213163, 0.000000000000000000, -1.299999999999999600 ) ) ;
#3862 = DIRECTION ( 'NONE',  ( 0.000000000000000000, 0.000000000000000000, 1.000000000000000000 ) ) ;
#3863 = CIRCLE ( 'NONE', #3557, 0.07499999999999998335 ) ;
#3864 = DIRECTION ( 'NONE',  ( 0.000000000000000000, -1.000000000000000000, 0.000000000000000000 ) ) ;
#3865 = ORIENTED_EDGE ( 'NONE', *, *, #744, .T. ) ;
#3866 = LINE ( 'NONE', #3198, #1415 ) ;
#3867 = ORIENTED_EDGE ( 'NONE', *, *, #4736, .T. ) ;
#3868 =( NAMED_UNIT ( * ) PLANE_ANGLE_UNIT ( ) SI_UNIT ( $, .RADIAN. ) );
#3869 = ORIENTED_EDGE ( 'NONE', *, *, #8551, .T. ) ;
#3870 = DIRECTION ( 'NONE',  ( 0.000000000000000000, 0.000000000000000000, 1.000000000000000000 ) ) ;
#3871 = MANIFOLD_SOLID_BREP ( 'Boss-Extrude4[4]', #484 ) ;
#3872 = DIRECTION ( 'NONE',  ( 1.000000000000000000, 0.000000000000000000, 7.228014483236188726E-16 ) ) ;
#3873 = DIRECTION ( 'NONE',  ( 1.000000000000000000, 0.000000000000000000, 0.000000000000000000 ) ) ;
#3874 = CLOSED_SHELL ( 'NONE', ( #3073, #6190, #2646, #882, #5538, #3922, #4992, #2233, #5577, #1187 ) ) ;
#3875 = ORIENTED_EDGE ( 'NONE', *, *, #4817, .T. ) ;
#3876 = CARTESIAN_POINT ( 'NONE',  ( -2.500000000000000444, 0.000000000000000000, 0.8000000000000003775 ) ) ;
#3877 = EDGE_LOOP ( 'NONE', ( #7045, #8397, #3331, #9411 ) ) ;
#3878 = CARTESIAN_POINT ( 'NONE',  ( -3.102500000000000036, 1.439999999999999947, -0.6599999999999995870 ) ) ;
#3879 = ORIENTED_EDGE ( 'NONE', *, *, #8256, .T. ) ;
#3880 = LINE ( 'NONE', #2441, #2503 ) ;
#3881 = EDGE_CURVE ( 'NONE', #5150, #3671, #2873, .T. ) ;
#3882 = CARTESIAN_POINT ( 'NONE',  ( -0.5000000000000004441, 0.05000000000000000278, 1.300000000000000266 ) ) ;
#3883 = EDGE_LOOP ( 'NONE', ( #692, #6424, #4072, #4550 ) ) ;
#3884 = VECTOR ( 'NONE', #5157, 1000.000000000000000 ) ;
#3885 = AXIS2_PLACEMENT_3D ( 'NONE', #9236, #5078, #4809 ) ;
#3886 = VECTOR ( 'NONE', #5859, 1000.000000000000000 ) ;
#3887 = CARTESIAN_POINT ( 'NONE',  ( -0.7500000000000002220, 1.464999999999999858, 0.7099999999999992983 ) ) ;
#3888 = PLANE ( 'NONE',  #2864 ) ;
#3889 = CARTESIAN_POINT ( 'NONE',  ( 2.620000000000000551, 1.324999999999999956, 0.4249999999999998224 ) ) ;
#3890 = EDGE_CURVE ( 'NONE', #1300, #7950, #3744, .T. ) ;
#3891 = DIRECTION ( 'NONE',  ( 1.000000000000000000, 0.000000000000000000, 0.000000000000000000 ) ) ;
#3892 = CIRCLE ( 'NONE', #1276, 0.06999999999999996503 ) ;
#3893 = MANIFOLD_SOLID_BREP ( 'Boss-Extrude4[6]', #8243 ) ;
#3894 = VERTEX_POINT ( 'NONE', #8432 ) ;
#3895 = DIRECTION ( 'NONE',  ( -0.000000000000000000, 0.000000000000000000, -1.000000000000000000 ) ) ;
#3896 = EDGE_LOOP ( 'NONE', ( #3912, #6160, #7626, #3197 ) ) ;
#3897 = ORIENTED_EDGE ( 'NONE', *, *, #5207, .F. ) ;
#3898 = DIRECTION ( 'NONE',  ( -1.000000000000000000, 0.000000000000000000, -0.000000000000000000 ) ) ;
#3899 = ADVANCED_FACE ( 'NONE', ( #3834 ), #8958, .T. ) ;
#3900 = CARTESIAN_POINT ( 'NONE',  ( 1.849999999999999867, 0.2000000000000000944, -1.479999999999999760 ) ) ;
#3901 = ORIENTED_EDGE ( 'NONE', *, *, #5398, .F. ) ;
#3902 = ADVANCED_FACE ( 'NONE', ( #1032 ), #8285, .F. ) ;
#3903 = VECTOR ( 'NONE', #6652, 1000.000000000000000 ) ;
#3904 = VECTOR ( 'NONE', #721, 1000.000000000000000 ) ;
#3905 = EDGE_CURVE ( 'NONE', #3729, #2251, #5410, .T. ) ;
#3906 = CARTESIAN_POINT ( 'NONE',  ( -1.249999999999978462, 0.000000000000000000, -0.7999999999999994893 ) ) ;
#3907 = LINE ( 'NONE', #7632, #5467 ) ;
#3908 = EDGE_CURVE ( 'NONE', #149, #4172, #4963, .T. ) ;
#3909 = DIRECTION ( 'NONE',  ( 0.000000000000000000, 1.000000000000000000, 0.000000000000000000 ) ) ;
#3910 = EDGE_LOOP ( 'NONE', ( #218, #4201, #1346, #7932 ) ) ;
#3911 = CARTESIAN_POINT ( 'NONE',  ( 3.200000000000000178, 0.2000000000000000944, 0.000000000000000000 ) ) ;
#3912 = ORIENTED_EDGE ( 'NONE', *, *, #5339, .F. ) ;
#3913 = CARTESIAN_POINT ( 'NONE',  ( 2.900000000000001243, 0.05000000000000000278, 0.2500000000000019429 ) ) ;
#3914 = AXIS2_PLACEMENT_3D ( 'NONE', #2249, #5216, #1763 ) ;
#3915 = CYLINDRICAL_SURFACE ( 'NONE', #6953, 0.07499999999999998335 ) ;
#3916 = DIRECTION ( 'NONE',  ( 1.000000000000000000, 0.000000000000000000, -8.673617379884035472E-16 ) ) ;
#3917 = MANIFOLD_SOLID_BREP ( 'Boss-Extrude4[8]', #8870 ) ;
#3918 = ORIENTED_EDGE ( 'NONE', *, *, #6359, .F. ) ;
#3919 = CARTESIAN_POINT ( 'NONE',  ( 2.020000000000000018, 1.324999999999999956, -0.2250000000000002554 ) ) ;
#3920 = LINE ( 'NONE', #1739, #1333 ) ;
#3921 = VECTOR ( 'NONE', #9549, 1000.000000000000000 ) ;
#3922 = ADVANCED_FACE ( 'NONE', ( #6787 ), #7662, .T. ) ;
#3923 = CARTESIAN_POINT ( 'NONE',  ( 3.100000000000000533, 0.05000000000000000278, -1.414999999999999813 ) ) ;
#3924 = DIRECTION ( 'NONE',  ( -0.000000000000000000, -1.000000000000000000, 0.000000000000000000 ) ) ;
#3925 = CARTESIAN_POINT ( 'NONE',  ( 2.900000000000001243, 0.05000000000000000278, -0.2499999999999980571 ) ) ;
#3926 = VERTEX_POINT ( 'NONE', #3164 ) ;
#3927 = DIRECTION ( 'NONE',  ( 0.000000000000000000, 0.000000000000000000, -1.000000000000000000 ) ) ;
#3928 = LINE ( 'NONE', #7602, #9186 ) ;
#3929 = ORIENTED_EDGE ( 'NONE', *, *, #7916, .T. ) ;
#3930 = DIRECTION ( 'NONE',  ( -0.000000000000000000, -1.000000000000000000, 0.000000000000000000 ) ) ;
#3931 = VECTOR ( 'NONE', #8225, 1000.000000000000000 ) ;
#3932 = ORIENTED_EDGE ( 'NONE', *, *, #3643, .F. ) ;
#3933 = DIRECTION ( 'NONE',  ( -0.000000000000000000, -1.000000000000000000, 0.000000000000000000 ) ) ;
#3934 = ORIENTED_EDGE ( 'NONE', *, *, #5093, .T. ) ;
#3935 = CARTESIAN_POINT ( 'NONE',  ( -0.9999999999999785727, 0.000000000000000000, -0.7999999999999997113 ) ) ;
#3936 = DIRECTION ( 'NONE',  ( 0.000000000000000000, 0.000000000000000000, -1.000000000000000000 ) ) ;
#3937 =( LENGTH_UNIT ( ) NAMED_UNIT ( * ) SI_UNIT ( .MILLI., .METRE. ) );
#3938 = ORIENTED_EDGE ( 'NONE', *, *, #8665, .T. ) ;
#3939 = DIRECTION ( 'NONE',  ( 1.000000000000000000, 0.000000000000000000, 0.000000000000000000 ) ) ;
#3940 = CYLINDRICAL_SURFACE ( 'NONE', #1793, 0.03500000000000009354 ) ;
#3941 = CARTESIAN_POINT ( 'NONE',  ( -3.102500000000000036, 1.439999999999999947, -0.6949999999999993960 ) ) ;
#3942 = LINE ( 'NONE', #1324, #806 ) ;
#3943 = MANIFOLD_SOLID_BREP ( 'Boss-Extrude4[10]', #3418 ) ;
#3944 = ORIENTED_EDGE ( 'NONE', *, *, #3199, .F. ) ;
#3945 = EDGE_LOOP ( 'NONE', ( #3694, #7663, #5803, #4154 ) ) ;
#3946 = CARTESIAN_POINT ( 'NONE',  ( 0.9999999999999995559, 0.000000000000000000, 1.300000000000000266 ) ) ;
#3947 = CARTESIAN_POINT ( 'NONE',  ( 0.5000000000000213163, 0.05000000000000000278, -0.7999999999999997113 ) ) ;
#3948 = CARTESIAN_POINT ( 'NONE',  ( 1.158000000000000140, 0.05000000000000000278, 0.6000000000000000888 ) ) ;
#3949 = EDGE_CURVE ( 'NONE', #7764, #3849, #931, .T. ) ;
#3950 = AXIS2_PLACEMENT_3D ( 'NONE', #6252, #9208, #8481 ) ;
#3951 = DIRECTION ( 'NONE',  ( -1.000000000000000000, 0.000000000000000000, -0.000000000000000000 ) ) ;
#3952 = LINE ( 'NONE', #3327, #3289 ) ;
#3953 = EDGE_CURVE ( 'NONE', #2313, #8546, #1133, .T. ) ;
#3954 = DIRECTION ( 'NONE',  ( 1.000000000000000000, 0.000000000000000000, -0.000000000000000000 ) ) ;
#3955 = EDGE_LOOP ( 'NONE', ( #2080, #6851, #3749, #4827, #2227, #368 ) ) ;
#3956 = EDGE_LOOP ( 'NONE', ( #6853, #4405, #1396, #5019 ) ) ;
#3957 = LINE ( 'NONE', #7821, #5891 ) ;
#3958 = FACE_OUTER_BOUND ( 'NONE', #3349, .T. ) ;
#3959 = PLANE ( 'NONE',  #2976 ) ;
#3960 = EDGE_CURVE ( 'NONE', #5870, #7920, #1554, .T. ) ;
#3961 = ORIENTED_EDGE ( 'NONE', *, *, #5508, .T. ) ;
#3962 = VECTOR ( 'NONE', #8458, 1000.000000000000000 ) ;
#3963 = EDGE_CURVE ( 'NONE', #2313, #376, #7316, .T. ) ;
#3964 = LINE ( 'NONE', #4498, #8167 ) ;
#3965 = LINE ( 'NONE', #2520, #8008 ) ;
#3966 = ADVANCED_FACE ( 'NONE', ( #1904 ), #1088, .F. ) ;
#3967 = DIRECTION ( 'NONE',  ( 0.000000000000000000, 0.000000000000000000, -1.000000000000000000 ) ) ;
#3968 = EDGE_CURVE ( 'NONE', #7310, #3786, #4868, .T. ) ;
#3969 = VECTOR ( 'NONE', #4153, 1000.000000000000000 ) ;
#3970 = ORIENTED_EDGE ( 'NONE', *, *, #8325, .F. ) ;
#3971 = DIRECTION ( 'NONE',  ( -8.673617379884035472E-16, 0.000000000000000000, -1.000000000000000000 ) ) ;
#3972 = ORIENTED_EDGE ( 'NONE', *, *, #64, .F. ) ;
#3973 = DIRECTION ( 'NONE',  ( -1.000000000000000000, -0.000000000000000000, -4.336808689942017736E-16 ) ) ;
#3974 = SURFACE_STYLE_FILL_AREA ( #6913 ) ;
#3975 = EDGE_CURVE ( 'NONE', #3151, #6962, #7163, .T. ) ;
#3976 = EDGE_LOOP ( 'NONE', ( #8952, #4456, #2645, #9059 ) ) ;
#3977 = EDGE_CURVE ( 'NONE', #4018, #1434, #8096, .T. ) ;
#3978 = VECTOR ( 'NONE', #6029, 1000.000000000000000 ) ;
#3979 = DIRECTION ( 'NONE',  ( -1.000000000000000000, 0.000000000000000000, 0.000000000000000000 ) ) ;
#3980 = VECTOR ( 'NONE', #2044, 1000.000000000000000 ) ;
#3981 = CARTESIAN_POINT ( 'NONE',  ( 1.945000000000000062, 1.350000000000000089, 0.4249999999999998224 ) ) ;
#3982 = DIRECTION ( 'NONE',  ( 0.000000000000000000, 0.000000000000000000, -1.000000000000000000 ) ) ;
#3983 = CARTESIAN_POINT ( 'NONE',  ( 2.900000000000001243, 0.000000000000000000, -0.2499999999999980571 ) ) ;
#3984 = FACE_BOUND ( 'NONE', #7520, .T. ) ;
#3985 = VERTEX_POINT ( 'NONE', #7801 ) ;
#3986 = CARTESIAN_POINT ( 'NONE',  ( 3.100000000000000533, 0.1600000000000004197, 1.414999999999999813 ) ) ;
#3987 = ORIENTED_EDGE ( 'NONE', *, *, #5896, .F. ) ;
#3988 = AXIS2_PLACEMENT_3D ( 'NONE', #8927, #8208, #1533 ) ;
#3989 = LINE ( 'NONE', #1806, #9439 ) ;
#3990 = ORIENTED_EDGE ( 'NONE', *, *, #7976, .T. ) ;
#3991 = CIRCLE ( 'NONE', #2747, 0.2499999999999999445 ) ;
#3992 = LINE ( 'NONE', #9061, #4357 ) ;
#3993 = DIRECTION ( 'NONE',  ( 0.000000000000000000, 0.000000000000000000, 1.000000000000000000 ) ) ;
#3994 = VERTEX_POINT ( 'NONE', #441 ) ;
#3995 = PLANE ( 'NONE',  #1168 ) ;
#3996 =( GEOMETRIC_REPRESENTATION_CONTEXT ( 3 ) GLOBAL_UNCERTAINTY_ASSIGNED_CONTEXT ( ( #4361 ) ) GLOBAL_UNIT_ASSIGNED_CONTEXT ( ( #4225, #678, #3684 ) ) REPRESENTATION_CONTEXT ( 'NONE', 'WORKASPACE' ) );
#3997 = PLANE ( 'NONE',  #6561 ) ;
#3998 = ORIENTED_EDGE ( 'NONE', *, *, #3363, .F. ) ;
#3999 = ORIENTED_EDGE ( 'NONE', *, *, #8156, .F. ) ;
#4000 = ORIENTED_EDGE ( 'NONE', *, *, #7953, .F. ) ;
#4001 = DIRECTION ( 'NONE',  ( 0.000000000000000000, -1.000000000000000000, 0.000000000000000000 ) ) ;
#4002 =( GEOMETRIC_REPRESENTATION_CONTEXT ( 3 ) GLOBAL_UNCERTAINTY_ASSIGNED_CONTEXT ( ( #1450 ) ) GLOBAL_UNIT_ASSIGNED_CONTEXT ( ( #510, #8825, #3411 ) ) REPRESENTATION_CONTEXT ( 'NONE', 'WORKASPACE' ) );
#4003 = DIRECTION ( 'NONE',  ( 0.000000000000000000, -0.000000000000000000, 1.000000000000000000 ) ) ;
#4004 = CARTESIAN_POINT ( 'NONE',  ( 1.885000000000000009, 1.464999999999999858, -1.479999999999999760 ) ) ;
#4005 = CARTESIAN_POINT ( 'NONE',  ( 1.849999999999999867, 0.2000000000000000944, 1.450000000000000622 ) ) ;
#4006 = AXIS2_PLACEMENT_3D ( 'NONE', #2404, #5368, #8873 ) ;
#4007 = DIRECTION ( 'NONE',  ( -1.000000000000000000, 0.000000000000000000, -3.497426362856465737E-17 ) ) ;
#4008 = CARTESIAN_POINT ( 'NONE',  ( 1.885000000000000009, 1.464999999999999858, -1.479999999999999760 ) ) ;
#4009 = ORIENTED_EDGE ( 'NONE', *, *, #7790, .T. ) ;
#4010 = ORIENTED_EDGE ( 'NONE', *, *, #6487, .F. ) ;
#4011 = DIRECTION ( 'NONE',  ( -0.000000000000000000, 1.000000000000000000, -0.000000000000000000 ) ) ;
#4012 = ORIENTED_EDGE ( 'NONE', *, *, #5282, .F. ) ;
#4013 = VECTOR ( 'NONE', #5228, 1000.000000000000000 ) ;
#4014 = ADVANCED_FACE ( 'NONE', ( #1175 ), #7119, .T. ) ;
#4015 = EDGE_CURVE ( 'NONE', #1374, #6593, #2949, .T. ) ;
#4016 = VERTEX_POINT ( 'NONE', #8530 ) ;
#4017 = LINE ( 'NONE', #5542, #7975 ) ;
#4018 = VERTEX_POINT ( 'NONE', #8625 ) ;
#4019 = DIRECTION ( 'NONE',  ( 0.000000000000000000, 0.000000000000000000, -1.000000000000000000 ) ) ;
#4020 = ORIENTED_EDGE ( 'NONE', *, *, #2242, .F. ) ;
#4021 = ADVANCED_FACE ( 'NONE', ( #4087 ), #3444, .T. ) ;
#4022 = ADVANCED_FACE ( 'NONE', ( #4231 ), #7020, .F. ) ;
#4023 = STYLED_ITEM ( 'NONE', ( #5458 ), #3917 ) ;
#4024 = LINE ( 'NONE', #3435, #4415 ) ;
#4025 = CARTESIAN_POINT ( 'NONE',  ( -2.400000000000000355, 0.05000000000000000278, 0.2500000000000002220 ) ) ;
#4026 = DIRECTION ( 'NONE',  ( -0.000000000000000000, -1.000000000000000000, -0.000000000000000000 ) ) ;
#4027 = LINE ( 'NONE', #1023, #7571 ) ;
#4028 = ADVANCED_FACE ( 'NONE', ( #6384 ), #2679, .F. ) ;
#4029 = EDGE_CURVE ( 'NONE', #2238, #8675, #6293, .T. ) ;
#4030 = CARTESIAN_POINT ( 'NONE',  ( 0.2500000000000214828, 0.000000000000000000, -0.7999999999999994893 ) ) ;
#4031 = DIRECTION ( 'NONE',  ( -8.673617379884035472E-16, 0.000000000000000000, -1.000000000000000000 ) ) ;
#4032 = ORIENTED_EDGE ( 'NONE', *, *, #6907, .T. ) ;
#4033 = EDGE_LOOP ( 'NONE', ( #7881, #707, #7479, #3771 ) ) ;
#4034 = FACE_OUTER_BOUND ( 'NONE', #1457, .T. ) ;
#4035 = DIRECTION ( 'NONE',  ( -4.336808689942017736E-16, 0.000000000000000000, 1.000000000000000000 ) ) ;
#4036 = ORIENTED_EDGE ( 'NONE', *, *, #3541, .T. ) ;
#4037 = CARTESIAN_POINT ( 'NONE',  ( 1.749999999999999334, 0.000000000000000000, 1.300000000000000266 ) ) ;
#4038 = DIRECTION ( 'NONE',  ( 0.000000000000000000, -0.000000000000000000, -1.000000000000000000 ) ) ;
#4039 = DIRECTION ( 'NONE',  ( -0.000000000000000000, -1.000000000000000000, -0.000000000000000000 ) ) ;
#4040 = DIRECTION ( 'NONE',  ( 0.000000000000000000, 0.000000000000000000, 1.000000000000000000 ) ) ;
#4041 = MANIFOLD_SOLID_BREP ( 'Boss-Extrude4[15]', #1722 ) ;
#4042 = VERTEX_POINT ( 'NONE', #4421 ) ;
#4043 = DIRECTION ( 'NONE',  ( 8.673617379884035472E-16, -0.000000000000000000, 1.000000000000000000 ) ) ;
#4044 = VERTEX_POINT ( 'NONE', #3733 ) ;
#4045 = CIRCLE ( 'NONE', #8570, 0.02040446486006950930 ) ;
#4046 = ORIENTED_EDGE ( 'NONE', *, *, #450, .T. ) ;
#4047 = PLANE ( 'NONE',  #4475 ) ;
#4048 = VECTOR ( 'NONE', #3108, 1000.000000000000000 ) ;
#4049 = AXIS2_PLACEMENT_3D ( 'NONE', #8193, #9486, #6640 ) ;
#4051 =( GEOMETRIC_REPRESENTATION_CONTEXT ( 3 ) GLOBAL_UNCERTAINTY_ASSIGNED_CONTEXT ( ( #2125 ) ) GLOBAL_UNIT_ASSIGNED_CONTEXT ( ( #1796, #1074, #2615 ) ) REPRESENTATION_CONTEXT ( 'NONE', 'WORKASPACE' ) );
#4050 = DIRECTION ( 'NONE',  ( 0.000000000000000000, 0.000000000000000000, 1.000000000000000000 ) ) ;
#4052 = CARTESIAN_POINT ( 'NONE',  ( -1.250000000000000444, 0.000000000000000000, -1.414999999999999369 ) ) ;
#4053 = LINE ( 'NONE', #3181, #423 ) ;
#4054 = ORIENTED_EDGE ( 'NONE', *, *, #9216, .T. ) ;
#4055 = EDGE_LOOP ( 'NONE', ( #2931, #6374, #7625, #6873, #9358, #7811, #3385, #4623, #973, #6812, #6975, #5751, #6696, #6993, #4227, #1100, #6739, #7469, #7753, #3212, #5866, #8211, #7591, #954, #9455, #7554, #1717, #9172, #7829, #3972, #8875, #8107, #4837, #6088, #7481, #7697, #3725, #8736, #3934, #1454, #4012, #365, #9183, #4959, #5038, #5103, #8181, #5671, #1966, #9233, #9214, #2574, #118, #355, #547, #3030, #3790, #3621, #8528, #1388, #4816, #3634 ) ) ;
#4056 = CARTESIAN_POINT ( 'NONE',  ( 1.250000000000021094, 0.05000000000000000278, -0.7999999999999997113 ) ) ;
#4057 = DIRECTION ( 'NONE',  ( 0.000000000000000000, 0.000000000000000000, -1.000000000000000000 ) ) ;
#4058 = VECTOR ( 'NONE', #2356, 1000.000000000000000 ) ;
#4059 = ORIENTED_EDGE ( 'NONE', *, *, #4316, .F. ) ;
#4060 = ORIENTED_EDGE ( 'NONE', *, *, #1303, .T. ) ;
#4061 = AXIS2_PLACEMENT_3D ( 'NONE', #6724, #3586, #5247 ) ;
#4062 = CARTESIAN_POINT ( 'NONE',  ( -1.947499999999999565, 1.500000000000000000, -0.2174999999999998601 ) ) ;
#4063 = VECTOR ( 'NONE', #771, 1000.000000000000000 ) ;
#4064 = VECTOR ( 'NONE', #202, 1000.000000000000000 ) ;
#4065 = VECTOR ( 'NONE', #9505, 1000.000000000000000 ) ;
#4066 = ORIENTED_EDGE ( 'NONE', *, *, #3323, .T. ) ;
#4067 = ADVANCED_FACE ( 'NONE', ( #1221 ), #6679, .T. ) ;
#4068 = CARTESIAN_POINT ( 'NONE',  ( 1.229999999999999982, 1.164999999999999813, 0.6499999999999996891 ) ) ;
#4069 = ORIENTED_EDGE ( 'NONE', *, *, #4873, .F. ) ;
#4070 = DIRECTION ( 'NONE',  ( 0.000000000000000000, -1.000000000000000000, 0.000000000000000000 ) ) ;
#4071 = DIRECTION ( 'NONE',  ( -0.000000000000000000, -1.000000000000000000, -0.000000000000000000 ) ) ;
#4072 = ORIENTED_EDGE ( 'NONE', *, *, #3317, .F. ) ;
#4073 = AXIS2_PLACEMENT_3D ( 'NONE', #3381, #4158, #476 ) ;
#4074 = CARTESIAN_POINT ( 'NONE',  ( 1.814999999999999725, 1.464999999999999858, -1.379999999999999671 ) ) ;
#4075 = MANIFOLD_SOLID_BREP ( 'Boss-Extrude4[9]', #2948 ) ;
#4076 = DIRECTION ( 'NONE',  ( 0.000000000000000000, 1.000000000000000000, 0.000000000000000000 ) ) ;
#4077 = DIRECTION ( 'NONE',  ( 0.000000000000000000, 0.000000000000000000, -1.000000000000000000 ) ) ;
#4078 = CARTESIAN_POINT ( 'NONE',  ( -1.850000000000000089, 0.2000000000000000944, 1.450000000000000622 ) ) ;
#4079 = LINE ( 'NONE', #8571, #9202 ) ;
#4080 = FACE_OUTER_BOUND ( 'NONE', #1042, .T. ) ;
#4081 = ADVANCED_FACE ( 'NONE', ( #9500 ), #8763, .T. ) ;
#4082 = CARTESIAN_POINT ( 'NONE',  ( -4.948858303441900981E-17, 0.2000000000000000944, 1.415000000000000480 ) ) ;
#4083 = AXIS2_PLACEMENT_3D ( 'NONE', #2774, #9389, #1993 ) ;
#4084 = ADVANCED_FACE ( 'NONE', ( #5775 ), #8784, .T. ) ;
#4085 = ORIENTED_EDGE ( 'NONE', *, *, #5347, .F. ) ;
#4086 = DIRECTION ( 'NONE',  ( 1.000000000000000000, -0.000000000000000000, -0.000000000000000000 ) ) ;
#4087 = FACE_OUTER_BOUND ( 'NONE', #3497, .T. ) ;
#4088 = EDGE_CURVE ( 'NONE', #6985, #8911, #8109, .T. ) ;
#4089 = EDGE_CURVE ( 'NONE', #9423, #7398, #9591, .T. ) ;
#4090 = LINE ( 'NONE', #8627, #9371 ) ;
#4091 = LINE ( 'NONE', #395, #34 ) ;
#4092 = EDGE_CURVE ( 'NONE', #8332, #3248, #7338, .T. ) ;
#4093 = CARTESIAN_POINT ( 'NONE',  ( -1.885000000000000231, 1.464999999999999858, 1.479999999999999760 ) ) ;
#4094 = EDGE_CURVE ( 'NONE', #3236, #8454, #2933, .T. ) ;
#4095 = EDGE_LOOP ( 'NONE', ( #5055, #6685, #2695, #4734 ) ) ;
#4096 = VERTEX_POINT ( 'NONE', #360 ) ;
#4097 = ORIENTED_EDGE ( 'NONE', *, *, #1409, .T. ) ;
#4098 = VECTOR ( 'NONE', #1545, 1000.000000000000000 ) ;
#4099 = DIRECTION ( 'NONE',  ( 0.000000000000000000, 0.000000000000000000, 1.000000000000000000 ) ) ;
#4100 = DIRECTION ( 'NONE',  ( 1.000000000000000000, 0.000000000000000000, 4.336808689942017736E-16 ) ) ;
#4101 = CARTESIAN_POINT ( 'NONE',  ( -1.850000000000000089, 1.464999999999999858, 1.415000000000000480 ) ) ;
#4102 = ORIENTED_EDGE ( 'NONE', *, *, #7483, .F. ) ;
#4103 = VERTEX_POINT ( 'NONE', #6987 ) ;
#4104 = DIRECTION ( 'NONE',  ( -1.000000000000000000, 0.000000000000000000, 0.000000000000000000 ) ) ;
#4105 = PLANE ( 'NONE',  #719 ) ;
#4106 = ORIENTED_EDGE ( 'NONE', *, *, #1367, .T. ) ;
#4107 = ORIENTED_EDGE ( 'NONE', *, *, #2130, .T. ) ;
#4108 = VECTOR ( 'NONE', #7241, 1000.000000000000000 ) ;
#4109 = CARTESIAN_POINT ( 'NONE',  ( -3.100000000000000533, -6.815342984766064482, 1.414999999999999813 ) ) ;
#4110 = CARTESIAN_POINT ( 'NONE',  ( 3.100000000000000533, 0.05000000000000000278, -1.414999999999999813 ) ) ;
#4111 = ORIENTED_EDGE ( 'NONE', *, *, #3468, .T. ) ;
#4112 = CARTESIAN_POINT ( 'NONE',  ( -1.157999999999999696, 0.05000000000000000278, 0.6000000000000000888 ) ) ;
#4113 = CARTESIAN_POINT ( 'NONE',  ( 1.949999999999999956, -6.815342984766064482, -1.414999999999999813 ) ) ;
#4114 = VERTEX_POINT ( 'NONE', #212 ) ;
#4115 = DIRECTION ( 'NONE',  ( -0.000000000000000000, -1.000000000000000000, -0.000000000000000000 ) ) ;
#4116 = MANIFOLD_SOLID_BREP ( 'Boss-Extrude4[3]', #6858 ) ;
#4117 = AXIS2_PLACEMENT_3D ( 'NONE', #8637, #6443, #8589 ) ;
#4118 = DIRECTION ( 'NONE',  ( 1.000000000000000000, 0.000000000000000000, 0.000000000000000000 ) ) ;
#4119 = CARTESIAN_POINT ( 'NONE',  ( 1.229999999999999982, 1.464999999999999858, 0.6499999999999996891 ) ) ;
#4120 = PLANE ( 'NONE',  #6325 ) ;
#4121 = DIRECTION ( 'NONE',  ( -1.000000000000000000, 0.000000000000000000, -3.497426362856465737E-17 ) ) ;
#4122 = ORIENTED_EDGE ( 'NONE', *, *, #1831, .F. ) ;
#4123 = LINE ( 'NONE', #5798, #14 ) ;
#4124 = VECTOR ( 'NONE', #726, 1000.000000000000000 ) ;
#4125 = DIRECTION ( 'NONE',  ( -0.000000000000000000, 1.000000000000000000, -0.000000000000000000 ) ) ;
#4126 = DIRECTION ( 'NONE',  ( -1.000000000000000000, 0.000000000000000000, -0.000000000000000000 ) ) ;
#4127 = EDGE_CURVE ( 'NONE', #9354, #893, #1624, .T. ) ;
#4128 = FACE_OUTER_BOUND ( 'NONE', #8974, .T. ) ;
#4129 = AXIS2_PLACEMENT_3D ( 'NONE', #9445, #2784, #5763 ) ;
#4130 = VECTOR ( 'NONE', #1689, 1000.000000000000000 ) ;
#4131 = LINE ( 'NONE', #8671, #5648 ) ;
#4132 = MANIFOLD_SOLID_BREP ( 'Boss-Extrude6', #5917 ) ;
#4133 = EDGE_CURVE ( 'NONE', #4241, #2438, #7327, .T. ) ;
#4134 = EDGE_LOOP ( 'NONE', ( #3403, #822, #321, #8691 ) ) ;
#4135 = DIRECTION ( 'NONE',  ( -0.000000000000000000, 1.000000000000000000, -0.000000000000000000 ) ) ;
#4136 = VERTEX_POINT ( 'NONE', #9116 ) ;
#4137 = ORIENTED_EDGE ( 'NONE', *, *, #5831, .T. ) ;
#4138 = LINE ( 'NONE', #5664, #3241 ) ;
#4139 = LINE ( 'NONE', #1865, #1952 ) ;
#4140 = AXIS2_PLACEMENT_3D ( 'NONE', #1917, #7913, #7963 ) ;
#4141 = EDGE_CURVE ( 'NONE', #6887, #3106, #15, .T. ) ;
#4142 = ADVANCED_FACE ( 'NONE', ( #2194 ), #7023, .F. ) ;
#4143 = CARTESIAN_POINT ( 'NONE',  ( 3.200000000000000178, 0.2000000000000000944, 1.439999999999999947 ) ) ;
#4144 = FACE_OUTER_BOUND ( 'NONE', #8863, .T. ) ;
#4145 = PLANE ( 'NONE',  #4140 ) ;
#4146 = LINE ( 'NONE', #460, #9533 ) ;
#4147 = EDGE_CURVE ( 'NONE', #6004, #7034, #8819, .T. ) ;
#4148 = ORIENTED_EDGE ( 'NONE', *, *, #1544, .F. ) ;
#4149 =( GEOMETRIC_REPRESENTATION_CONTEXT ( 3 ) GLOBAL_UNCERTAINTY_ASSIGNED_CONTEXT ( ( #2904 ) ) GLOBAL_UNIT_ASSIGNED_CONTEXT ( ( #581, #2028, #1316 ) ) REPRESENTATION_CONTEXT ( 'NONE', 'WORKASPACE' ) );
#4150 = EDGE_CURVE ( 'NONE', #8176, #3566, #7376, .T. ) ;
#4151 = LINE ( 'NONE', #5028, #1832 ) ;
#4152 = EDGE_LOOP ( 'NONE', ( #5405, #6903, #2550, #2956 ) ) ;
#4153 = DIRECTION ( 'NONE',  ( -0.000000000000000000, -1.000000000000000000, -0.000000000000000000 ) ) ;
#4154 = ORIENTED_EDGE ( 'NONE', *, *, #8742, .T. ) ;
#4155 = ORIENTED_EDGE ( 'NONE', *, *, #2887, .F. ) ;
#4156 = LINE ( 'NONE', #1108, #5388 ) ;
#4157 = CARTESIAN_POINT ( 'NONE',  ( 1.158000000000000140, 0.000000000000000000, -0.5999999999999998668 ) ) ;
#4158 = DIRECTION ( 'NONE',  ( 1.000000000000000000, -0.000000000000000000, 0.000000000000000000 ) ) ;
#4159 = EDGE_LOOP ( 'NONE', ( #6675, #3793, #750, #6866 ) ) ;
#4160 = ORIENTED_EDGE ( 'NONE', *, *, #8624, .F. ) ;
#4161 = LINE ( 'NONE', #4110, #2523 ) ;
#4162 = ORIENTED_EDGE ( 'NONE', *, *, #7131, .F. ) ;
#4163 = VECTOR ( 'NONE', #1296, 1000.000000000000000 ) ;
#4164 = DIRECTION ( 'NONE',  ( -0.000000000000000000, -1.000000000000000000, -0.000000000000000000 ) ) ;
#4165 = PLANE ( 'NONE',  #1883 ) ;
#4166 = DIRECTION ( 'NONE',  ( -0.000000000000000000, -1.000000000000000000, -0.000000000000000000 ) ) ;
#4167 = CIRCLE ( 'NONE', #9297, 0.06999999999999996503 ) ;
#4168 = UNCERTAINTY_MEASURE_WITH_UNIT (LENGTH_MEASURE( 1.000000000000000082E-05 ), #8230, 'distance_accuracy_value', 'NONE');
#4169 = DIRECTION ( 'NONE',  ( 1.000000000000000000, -0.000000000000000000, -0.000000000000000000 ) ) ;
#4170 = CARTESIAN_POINT ( 'NONE',  ( 3.100000000000000533, 0.1600000000000004197, 1.414999999999999813 ) ) ;
#4171 = CARTESIAN_POINT ( 'NONE',  ( -0.2499999999999785449, 0.05000000000000000278, -0.7999999999999997113 ) ) ;
#4172 = VERTEX_POINT ( 'NONE', #5169 ) ;
#4173 = CARTESIAN_POINT ( 'NONE',  ( 0.03701609466424640033, 1.449999999999999734, 0.6499999999999996891 ) ) ;
#4174 = CARTESIAN_POINT ( 'NONE',  ( -0.7000000000000001776, 1.464999999999999858, 0.7099999999999996314 ) ) ;
#4175 = CARTESIAN_POINT ( 'NONE',  ( -2.499999999999978684, 0.05000000000000000278, -1.299999999999999600 ) ) ;
#4176 = FACE_OUTER_BOUND ( 'NONE', #1307, .T. ) ;
#4177 = LINE ( 'NONE', #7948, #4202 ) ;
#4178 = VECTOR ( 'NONE', #4717, 1000.000000000000000 ) ;
#4179 = LINE ( 'NONE', #7168, #4870 ) ;
#4180 = ORIENTED_EDGE ( 'NONE', *, *, #4378, .T. ) ;
#4181 = LINE ( 'NONE', #9391, #3687 ) ;
#4182 = ORIENTED_EDGE ( 'NONE', *, *, #4197, .T. ) ;
#4183 = EDGE_CURVE ( 'NONE', #9106, #888, #5213, .T. ) ;
#4184 = EDGE_LOOP ( 'NONE', ( #7972, #2262, #8687, #8468 ) ) ;
#4185 = FACE_OUTER_BOUND ( 'NONE', #6037, .T. ) ;
#4186 = CLOSED_SHELL ( 'NONE', ( #2779, #5520, #523, #4905, #6667, #8240 ) ) ;
#4187 = COLOUR_RGB ( '',1.000000000000000000, 0.8117647058823529438, 0.5019607843137254832 ) ;
#4188 = EDGE_CURVE ( 'NONE', #3671, #6590, #1667, .T. ) ;
#4189 = CARTESIAN_POINT ( 'NONE',  ( -2.299999999999999822, 1.464999999999999858, -1.479999999999999760 ) ) ;
#4190 = LINE ( 'NONE', #7177, #1087 ) ;
#4191 = DIRECTION ( 'NONE',  ( 8.673617379884035472E-16, -0.000000000000000000, 1.000000000000000000 ) ) ;
#4192 = CARTESIAN_POINT ( 'NONE',  ( -1.814999999999999947, 1.464999999999999858, -1.414999999999999591 ) ) ;
#4193 = CIRCLE ( 'NONE', #3279, 0.05000000000000002359 ) ;
#4194 = ORIENTED_EDGE ( 'NONE', *, *, #7145, .T. ) ;
#4195 = SURFACE_SIDE_STYLE ('',( #7866 ) ) ;
#4196 = ORIENTED_EDGE ( 'NONE', *, *, #7118, .T. ) ;
#4197 = EDGE_CURVE ( 'NONE', #6797, #4241, #2397, .T. ) ;
#4198 = EDGE_CURVE ( 'NONE', #3077, #8587, #983, .T. ) ;
#4199 = CARTESIAN_POINT ( 'NONE',  ( -1.947499999999999565, 1.500000000000000000, -0.2174999999999998601 ) ) ;
#4200 = ORIENTED_EDGE ( 'NONE', *, *, #1634, .F. ) ;
#4201 = ORIENTED_EDGE ( 'NONE', *, *, #5398, .T. ) ;
#4202 = VECTOR ( 'NONE', #1858, 1000.000000000000000 ) ;
#4203 = EDGE_CURVE ( 'NONE', #4967, #8635, #5413, .T. ) ;
#4204 = VECTOR ( 'NONE', #7360, 1000.000000000000000 ) ;
#4205 = ADVANCED_FACE ( 'NONE', ( #4620 ), #7758, .T. ) ;
#4206 = DIRECTION ( 'NONE',  ( 0.000000000000000000, 1.000000000000000000, -0.000000000000000000 ) ) ;
#4207 = DIRECTION ( 'NONE',  ( -0.000000000000000000, 0.000000000000000000, -1.000000000000000000 ) ) ;
#4208 = DIRECTION ( 'NONE',  ( 0.000000000000000000, -0.000000000000000000, -1.000000000000000000 ) ) ;
#4209 = CARTESIAN_POINT ( 'NONE',  ( 2.020000000000000462, 1.350000000000000089, 0.4999999999999997780 ) ) ;
#4210 = EDGE_LOOP ( 'NONE', ( #7140, #2212, #5059, #6514 ) ) ;
#4211 = ORIENTED_EDGE ( 'NONE', *, *, #7387, .T. ) ;
#4212 = LINE ( 'NONE', #4068, #8591 ) ;
#4213 = VECTOR ( 'NONE', #8351, 1000.000000000000000 ) ;
#4214 = EDGE_CURVE ( 'NONE', #3362, #233, #9063, .T. ) ;
#4215 = VECTOR ( 'NONE', #91, 1000.000000000000000 ) ;
#4216 = ORIENTED_EDGE ( 'NONE', *, *, #5887, .T. ) ;
#4217 = CARTESIAN_POINT ( 'NONE',  ( 0.4999999999999995559, 0.05000000000000000278, 1.300000000000000266 ) ) ;
#4218 = CARTESIAN_POINT ( 'NONE',  ( 1.814999999999999725, 1.464999999999999858, 1.450000000000000622 ) ) ;
#4219 = ORIENTED_EDGE ( 'NONE', *, *, #2130, .F. ) ;
#4220 = EDGE_CURVE ( 'NONE', #834, #3608, #3222, .T. ) ;
#4221 = VECTOR ( 'NONE', #7219, 1000.000000000000000 ) ;
#4222 = VECTOR ( 'NONE', #4740, 1000.000000000000000 ) ;
#4223 = DIRECTION ( 'NONE',  ( -1.000000000000000000, -0.000000000000000000, -4.336808689942017736E-16 ) ) ;
#4224 = PLANE ( 'NONE',  #700 ) ;
#4225 =( LENGTH_UNIT ( ) NAMED_UNIT ( * ) SI_UNIT ( .MILLI., .METRE. ) );
#4226 = DIRECTION ( 'NONE',  ( 1.000000000000000000, 0.000000000000000000, 4.336808689942017736E-16 ) ) ;
#4227 = ORIENTED_EDGE ( 'NONE', *, *, #2546, .T. ) ;
#4228 = ORIENTED_EDGE ( 'NONE', *, *, #642, .T. ) ;
#4229 = VECTOR ( 'NONE', #8991, 1000.000000000000000 ) ;
#4230 = DIRECTION ( 'NONE',  ( -0.000000000000000000, -1.000000000000000000, -0.000000000000000000 ) ) ;
#4231 = FACE_OUTER_BOUND ( 'NONE', #8391, .T. ) ;
#4232 = PLANE ( 'NONE',  #2551 ) ;
#4233 = SURFACE_STYLE_FILL_AREA ( #1322 ) ;
#4234 = DIRECTION ( 'NONE',  ( 0.000000000000000000, 0.000000000000000000, -1.000000000000000000 ) ) ;
#4235 = VECTOR ( 'NONE', #7949, 1000.000000000000114 ) ;
#4236 = DIRECTION ( 'NONE',  ( 0.000000000000000000, -1.000000000000000000, 0.000000000000000000 ) ) ;
#4237 = DIRECTION ( 'NONE',  ( -1.000000000000000000, 0.000000000000000000, 0.000000000000000000 ) ) ;
#4238 = EDGE_LOOP ( 'NONE', ( #6381, #3998, #7599, #5130 ) ) ;
#4239 = PLANE ( 'NONE',  #5412 ) ;
#4240 = VERTEX_POINT ( 'NONE', #8480 ) ;
#4241 = VERTEX_POINT ( 'NONE', #8287 ) ;
#4242 = DIRECTION ( 'NONE',  ( -1.000000000000000000, 0.000000000000000000, 0.000000000000000000 ) ) ;
#4243 = FACE_OUTER_BOUND ( 'NONE', #8826, .T. ) ;
#4244 = FACE_OUTER_BOUND ( 'NONE', #4287, .T. ) ;
#4245 = PRESENTATION_STYLE_ASSIGNMENT (( #7957 ) ) ;
#4246 = CARTESIAN_POINT ( 'NONE',  ( 3.100000000000000533, 0.2000000000000000944, -1.414999999999999813 ) ) ;
#4247 = CARTESIAN_POINT ( 'NONE',  ( -1.814999999999999947, 1.464999999999999858, 1.380000000000000115 ) ) ;
#4248 = VECTOR ( 'NONE', #9577, 1000.000000000000000 ) ;
#4249 = ORIENTED_EDGE ( 'NONE', *, *, #6836, .F. ) ;
#4250 = CARTESIAN_POINT ( 'NONE',  ( -3.102500000000000036, 1.464999999999999858, -1.434999999999999165 ) ) ;
#4251 = ORIENTED_EDGE ( 'NONE', *, *, #1872, .T. ) ;
#4252 = FACE_OUTER_BOUND ( 'NONE', #4900, .T. ) ;
#4253 = ORIENTED_EDGE ( 'NONE', *, *, #3664, .F. ) ;
#4254 = ORIENTED_EDGE ( 'NONE', *, *, #4911, .T. ) ;
#4255 = EDGE_CURVE ( 'NONE', #3453, #2994, #6201, .T. ) ;
#4256 = AXIS2_PLACEMENT_3D ( 'NONE', #963, #855, #6908 ) ;
#4257 = CARTESIAN_POINT ( 'NONE',  ( -2.022499999999999964, 1.500000000000000000, 0.3424999999999996381 ) ) ;
#4258 = UNCERTAINTY_MEASURE_WITH_UNIT (LENGTH_MEASURE( 1.000000000000000082E-05 ), #2035, 'distance_accuracy_value', 'NONE');
#4259 = DIRECTION ( 'NONE',  ( -1.000000000000000000, 0.000000000000000000, 0.000000000000000000 ) ) ;
#4260 = VERTEX_POINT ( 'NONE', #1614 ) ;
#4261 = ORIENTED_EDGE ( 'NONE', *, *, #2229, .T. ) ;
#4262 = CARTESIAN_POINT ( 'NONE',  ( 1.000000000000021316, 0.05000000000000000278, -0.7999999999999994893 ) ) ;
#4263 = ADVANCED_FACE ( 'NONE', ( #884 ), #9207, .T. ) ;
#4264 = ORIENTED_EDGE ( 'NONE', *, *, #6421, .F. ) ;
#4265 = ADVANCED_FACE ( 'NONE', ( #7712 ), #9107, .F. ) ;
#4266 = DIRECTION ( 'NONE',  ( -1.000000000000000000, 0.000000000000000000, 0.000000000000000000 ) ) ;
#4267 = CARTESIAN_POINT ( 'NONE',  ( 2.000000000000021760, 0.05000000000000000278, -0.7999999999999997113 ) ) ;
#4268 = VERTEX_POINT ( 'NONE', #8532 ) ;
#4269 = DIRECTION ( 'NONE',  ( -0.000000000000000000, -1.000000000000000000, -0.000000000000000000 ) ) ;
#4270 = FACE_OUTER_BOUND ( 'NONE', #7719, .T. ) ;
#4271 = EDGE_CURVE ( 'NONE', #4114, #7351, #3617, .T. ) ;
#4272 = ADVANCED_FACE ( 'NONE', ( #1905 ), #2724, .T. ) ;
#4273 = UNCERTAINTY_MEASURE_WITH_UNIT (LENGTH_MEASURE( 1.000000000000000082E-05 ), #6637, 'distance_accuracy_value', 'NONE');
#4274 = DIRECTION ( 'NONE',  ( 0.000000000000000000, -1.000000000000000000, 0.000000000000000000 ) ) ;
#4275 = CARTESIAN_POINT ( 'NONE',  ( 3.100000000000000533, 0.1600000000000004197, -1.414999999999999813 ) ) ;
#4276 = DIRECTION ( 'NONE',  ( -0.000000000000000000, 0.000000000000000000, 1.000000000000000000 ) ) ;
#4277 = EDGE_CURVE ( 'NONE', #2091, #4945, #496, .T. ) ;
#4278 = ORIENTED_EDGE ( 'NONE', *, *, #359, .T. ) ;
#4279 = CARTESIAN_POINT ( 'NONE',  ( -1.967904464860069647, 1.350000000000000089, 0.3424999999999996381 ) ) ;
#4280 = VECTOR ( 'NONE', #2218, 1000.000000000000000 ) ;
#4281 = VECTOR ( 'NONE', #6960, 1000.000000000000000 ) ;
#4282 = CARTESIAN_POINT ( 'NONE',  ( -1.999999999999979128, 0.05000000000000000278, -1.299999999999999600 ) ) ;
#4283 = CARTESIAN_POINT ( 'NONE',  ( -3.137500000000000178, 1.439999999999999947, -1.399999999999999245 ) ) ;
#4284 = ORIENTED_EDGE ( 'NONE', *, *, #3316, .F. ) ;
#4285 = AXIS2_PLACEMENT_3D ( 'NONE', #3029, #6008, #7391 ) ;
#4286 = DIRECTION ( 'NONE',  ( 1.000000000000000000, 0.000000000000000000, -8.673617379884035472E-16 ) ) ;
#4287 = EDGE_LOOP ( 'NONE', ( #6750, #6048, #583, #1272 ) ) ;
#4288 = ORIENTED_EDGE ( 'NONE', *, *, #2713, .T. ) ;
#4289 = DIRECTION ( 'NONE',  ( 0.000000000000000000, 0.000000000000000000, -1.000000000000000000 ) ) ;
#4290 = DIRECTION ( 'NONE',  ( 8.673617379884035472E-16, -0.000000000000000000, 1.000000000000000000 ) ) ;
#4291 = DIRECTION ( 'NONE',  ( -0.000000000000000000, 1.000000000000000000, -0.000000000000000000 ) ) ;
#4292 = VECTOR ( 'NONE', #6565, 1000.000000000000000 ) ;
#4293 = AXIS2_PLACEMENT_3D ( 'NONE', #6349, #2636, #1957 ) ;
#4294 = DIRECTION ( 'NONE',  ( -0.000000000000000000, 1.000000000000000000, -0.000000000000000000 ) ) ;
#4295 = CYLINDRICAL_SURFACE ( 'NONE', #7353, 0.2499999999999999445 ) ;
#4296 = DIRECTION ( 'NONE',  ( 0.000000000000000000, -0.000000000000000000, -1.000000000000000000 ) ) ;
#4297 = ORIENTED_EDGE ( 'NONE', *, *, #6408, .F. ) ;
#4298 = ORIENTED_EDGE ( 'NONE', *, *, #3311, .F. ) ;
#4299 = DIRECTION ( 'NONE',  ( -0.000000000000000000, 1.000000000000000000, -0.000000000000000000 ) ) ;
#4300 = STYLED_ITEM ( 'NONE', ( #2388 ), #7039 ) ;
#4301 = ORIENTED_EDGE ( 'NONE', *, *, #713, .F. ) ;
#4302 = VERTEX_POINT ( 'NONE', #8667 ) ;
#4303 = PRODUCT_DEFINITION_SHAPE ( 'NONE', 'NONE',  #8830 ) ;
#4304 = LINE ( 'NONE', #5626, #600 ) ;
#4305 = PRESENTATION_LAYER_ASSIGNMENT (  '', '', ( #7592 ) ) ;
#4306 = DIRECTION ( 'NONE',  ( 0.000000000000000000, 0.000000000000000000, -1.000000000000000000 ) ) ;
#4307 = CARTESIAN_POINT ( 'NONE',  ( 1.885000000000000009, 1.464999999999999858, -1.479999999999999760 ) ) ;
#4308 = ORIENTED_EDGE ( 'NONE', *, *, #2773, .T. ) ;
#4309 = EDGE_LOOP ( 'NONE', ( #8394, #2, #9099, #6492 ) ) ;
#4310 = FACE_OUTER_BOUND ( 'NONE', #6118, .T. ) ;
#4311 = VERTEX_POINT ( 'NONE', #3445 ) ;
#4312 = EDGE_CURVE ( 'NONE', #5416, #8382, #5014, .T. ) ;
#4313 = FILL_AREA_STYLE_COLOUR ( '', #5947 ) ;
#4314 = ORIENTED_EDGE ( 'NONE', *, *, #8728, .T. ) ;
#4315 =( GEOMETRIC_REPRESENTATION_CONTEXT ( 3 ) GLOBAL_UNCERTAINTY_ASSIGNED_CONTEXT ( ( #6999 ) ) GLOBAL_UNIT_ASSIGNED_CONTEXT ( ( #9012, #8106, #8871 ) ) REPRESENTATION_CONTEXT ( 'NONE', 'WORKASPACE' ) );
#4316 = EDGE_CURVE ( 'NONE', #2634, #2698, #1277, .T. ) ;
#4317 = CARTESIAN_POINT ( 'NONE',  ( -0.7500000000000002220, 1.464999999999999858, -0.5100000000000000089 ) ) ;
#4318 = CARTESIAN_POINT ( 'NONE',  ( -1.850000000000000089, 0.2000000000000000944, 0.000000000000000000 ) ) ;
#4319 = PLANE ( 'NONE',  #5313 ) ;
#4320 = AXIS2_PLACEMENT_3D ( 'NONE', #4383, #8227, #5209 ) ;
#4321 = LINE ( 'NONE', #3815, #7122 ) ;
#4322 = VERTEX_POINT ( 'NONE', #3314 ) ;
#4323 = ADVANCED_FACE ( 'NONE', ( #4869 ), #4232, .T. ) ;
#4324 = CARTESIAN_POINT ( 'NONE',  ( 2.000000000000000000, 0.05000000000000000278, 0.8000000000000003775 ) ) ;
#4325 = EDGE_CURVE ( 'NONE', #8675, #8475, #2628, .T. ) ;
#4326 = VERTEX_POINT ( 'NONE', #6295 ) ;
#4327 = AXIS2_PLACEMENT_3D ( 'NONE', #5727, #6564, #7923 ) ;
#4328 = EDGE_CURVE ( 'NONE', #3845, #5304, #4090, .T. ) ;
#4329 = EDGE_CURVE ( 'NONE', #8141, #2318, #1223, .T. ) ;
#4330 = CARTESIAN_POINT ( 'NONE',  ( 1.849999999999999867, 0.2000000000000000944, -1.449999999999999734 ) ) ;
#4331 = ORIENTED_EDGE ( 'NONE', *, *, #3890, .T. ) ;
#4332 = FACE_OUTER_BOUND ( 'NONE', #4368, .T. ) ;
#4333 = LINE ( 'NONE', #8004, #9586 ) ;
#4334 = ORIENTED_EDGE ( 'NONE', *, *, #4730, .F. ) ;
#4335 = CARTESIAN_POINT ( 'NONE',  ( 3.130000000000000338, 1.500000000000000000, 1.444999999999999618 ) ) ;
#4336 = PLANE ( 'NONE',  #8840 ) ;
#4337 = PRESENTATION_STYLE_ASSIGNMENT (( #62 ) ) ;
#4338 = ADVANCED_FACE ( 'NONE', ( #7164 ), #1176, .T. ) ;
#4339 = CARTESIAN_POINT ( 'NONE',  ( 0.000000000000000000, 0.05000000000000000278, 0.000000000000000000 ) ) ;
#4340 = LINE ( 'NONE', #2004, #4606 ) ;
#4341 = ORIENTED_EDGE ( 'NONE', *, *, #7804, .F. ) ;
#4342 = ORIENTED_EDGE ( 'NONE', *, *, #7564, .F. ) ;
#4343 = CARTESIAN_POINT ( 'NONE',  ( 3.200000000000000178, 0.2000000000000000944, 1.439999999999999947 ) ) ;
#4344 = ORIENTED_EDGE ( 'NONE', *, *, #7131, .T. ) ;
#4345 = DIRECTION ( 'NONE',  ( 1.000000000000000000, 0.000000000000000000, -8.673617379884035472E-16 ) ) ;
#4346 = LINE ( 'NONE', #8113, #8877 ) ;
#4347 = FACE_OUTER_BOUND ( 'NONE', #8231, .T. ) ;
#4348 = CARTESIAN_POINT ( 'NONE',  ( -0.6050000000000002043, 1.164999999999999813, 0.6499999999999996891 ) ) ;
#4349 = VERTEX_POINT ( 'NONE', #443 ) ;
#4350 = VERTEX_POINT ( 'NONE', #5653 ) ;
#4351 = LINE ( 'NONE', #8838, #9499 ) ;
#4352 = ORIENTED_EDGE ( 'NONE', *, *, #6072, .T. ) ;
#4353 = DIRECTION ( 'NONE',  ( -0.000000000000000000, 1.000000000000000000, -0.000000000000000000 ) ) ;
#4354 = VECTOR ( 'NONE', #9321, 1000.000000000000000 ) ;
#4355 =( NAMED_UNIT ( * ) SI_UNIT ( $, .STERADIAN. ) SOLID_ANGLE_UNIT ( ) );
#4356 = VERTEX_POINT ( 'NONE', #4175 ) ;
#4357 = VECTOR ( 'NONE', #6923, 1000.000000000000000 ) ;
#4358 = MECHANICAL_DESIGN_GEOMETRIC_PRESENTATION_REPRESENTATION (  '', ( #5932 ), #5757 ) ;
#4359 = CARTESIAN_POINT ( 'NONE',  ( 1.250000000000021094, 0.000000000000000000, -1.299999999999999600 ) ) ;
#4360 = LINE ( 'NONE', #8937, #9238 ) ;
#4361 = UNCERTAINTY_MEASURE_WITH_UNIT (LENGTH_MEASURE( 1.000000000000000082E-05 ), #4225, 'distance_accuracy_value', 'NONE');
#4362 = EDGE_CURVE ( 'NONE', #4793, #4136, #5203, .T. ) ;
#4363 = CARTESIAN_POINT ( 'NONE',  ( -1.750000000000000444, 0.000000000000000000, 0.8000000000000003775 ) ) ;
#4364 = VECTOR ( 'NONE', #5747, 1000.000000000000000 ) ;
#4365 = LINE ( 'NONE', #4275, #1587 ) ;
#4366 = STYLED_ITEM ( 'NONE', ( #3302 ), #676 ) ;
#4367 = CARTESIAN_POINT ( 'NONE',  ( -2.499999999999978684, 0.05000000000000000278, -1.414999999999999369 ) ) ;
#4368 = EDGE_LOOP ( 'NONE', ( #2916, #1495, #9521, #8823 ) ) ;
#4369 = DIRECTION ( 'NONE',  ( 0.000000000000000000, 0.000000000000000000, -1.000000000000000000 ) ) ;
#4370 = EDGE_CURVE ( 'NONE', #760, #1951, #5335, .T. ) ;
#4371 = ORIENTED_EDGE ( 'NONE', *, *, #4666, .T. ) ;
#4372 = CARTESIAN_POINT ( 'NONE',  ( 2.000000000000000000, 0.05000000000000000278, 0.8000000000000003775 ) ) ;
#4373 = VECTOR ( 'NONE', #1775, 1000.000000000000000 ) ;
#4374 = PRESENTATION_LAYER_ASSIGNMENT (  '', '', ( #8726 ) ) ;
#4375 = LINE ( 'NONE', #6681, #6286 ) ;
#4376 = CARTESIAN_POINT ( 'NONE',  ( -1.249999999999978462, 0.000000000000000000, -0.7999999999999994893 ) ) ;
#4377 = DIRECTION ( 'NONE',  ( 0.000000000000000000, -0.000000000000000000, -1.000000000000000000 ) ) ;
#4378 = EDGE_CURVE ( 'NONE', #6774, #5065, #6904, .T. ) ;
#4379 = EDGE_CURVE ( 'NONE', #4965, #8201, #4375, .T. ) ;
#4380 = ORIENTED_EDGE ( 'NONE', *, *, #5766, .F. ) ;
#4381 = CARTESIAN_POINT ( 'NONE',  ( 1.375000000000000000, 1.464999999999999858, -0.5100000000000000089 ) ) ;
#4382 = AXIS2_PLACEMENT_3D ( 'NONE', #4432, #66, #3651 ) ;
#4383 = CARTESIAN_POINT ( 'NONE',  ( -0.7000000000000001776, 1.500000000000000000, -0.5100000000000003419 ) ) ;
#4384 = ORIENTED_EDGE ( 'NONE', *, *, #1540, .F. ) ;
#4385 = CARTESIAN_POINT ( 'NONE',  ( 0.2499999999999997780, 0.05000000000000000278, 1.300000000000000266 ) ) ;
#4386 = EDGE_CURVE ( 'NONE', #4136, #9026, #3155, .T. ) ;
#4387 = EDGE_CURVE ( 'NONE', #3460, #8454, #143, .T. ) ;
#4388 = CARTESIAN_POINT ( 'NONE',  ( 2.900000000000001243, 0.05000000000000000278, -0.2499999999999980571 ) ) ;
#4389 = VECTOR ( 'NONE', #7343, 1000.000000000000000 ) ;
#4390 = EDGE_CURVE ( 'NONE', #9121, #7424, #9096, .T. ) ;
#4391 = EDGE_CURVE ( 'NONE', #9502, #6539, #2479, .T. ) ;
#4392 = CARTESIAN_POINT ( 'NONE',  ( 0.2499999999999993616, 0.000000000000000000, 0.8000000000000003775 ) ) ;
#4393 = CARTESIAN_POINT ( 'NONE',  ( 3.125000000000000000, 1.464999999999999858, -1.439999999999999947 ) ) ;
#4394 = CARTESIAN_POINT ( 'NONE',  ( -1.885000000000000231, 1.500000000000000000, -1.479999999999999760 ) ) ;
#4395 = ORIENTED_EDGE ( 'NONE', *, *, #6899, .F. ) ;
#4396 = EDGE_CURVE ( 'NONE', #7351, #8882, #6084, .T. ) ;
#4397 = DIRECTION ( 'NONE',  ( 0.000000000000000000, -1.000000000000000000, 0.000000000000000000 ) ) ;
#4398 = EDGE_LOOP ( 'NONE', ( #4476, #4469, #732, #3251 ) ) ;
#4399 = DIRECTION ( 'NONE',  ( -0.000000000000000000, 1.000000000000000000, -0.000000000000000000 ) ) ;
#4400 = PLANE ( 'NONE',  #6363 ) ;
#4401 = LINE ( 'NONE', #3709, #9190 ) ;
#4402 = CARTESIAN_POINT ( 'NONE',  ( 2.000000000000000000, 0.05000000000000000278, 1.414999999999999813 ) ) ;
#4403 = DIRECTION ( 'NONE',  ( -0.000000000000000000, -1.000000000000000000, -0.000000000000000000 ) ) ;
#4404 = ORIENTED_EDGE ( 'NONE', *, *, #1594, .F. ) ;
#4405 = ORIENTED_EDGE ( 'NONE', *, *, #2053, .T. ) ;
#4406 = DIRECTION ( 'NONE',  ( -0.000000000000000000, -0.000000000000000000, -1.000000000000000000 ) ) ;
#4407 = CARTESIAN_POINT ( 'NONE',  ( -0.2500000000000002220, 0.05000000000000000278, 0.8000000000000003775 ) ) ;
#4408 = ORIENTED_EDGE ( 'NONE', *, *, #5457, .F. ) ;
#4409 = AXIS2_PLACEMENT_3D ( 'NONE', #1753, #4713, #1703 ) ;
#4410 = CARTESIAN_POINT ( 'NONE',  ( 3.100000000000000533, 0.05000000000000000278, -1.414999999999999813 ) ) ;
#4411 = ORIENTED_EDGE ( 'NONE', *, *, #2883, .F. ) ;
#4412 = DIRECTION ( 'NONE',  ( 0.000000000000000000, 0.000000000000000000, -1.000000000000000000 ) ) ;
#4413 = CARTESIAN_POINT ( 'NONE',  ( 0.9300000000000000488, 1.164999999999999813, -0.4500000000000003997 ) ) ;
#4414 = DIRECTION ( 'NONE',  ( 0.000000000000000000, 1.000000000000000000, -0.000000000000000000 ) ) ;
#4415 = VECTOR ( 'NONE', #380, 1000.000000000000000 ) ;
#4416 = LINE ( 'NONE', #5290, #2677 ) ;
#4417 = DIRECTION ( 'NONE',  ( 0.000000000000000000, 0.000000000000000000, 1.000000000000000000 ) ) ;
#4418 = VERTEX_POINT ( 'NONE', #8418 ) ;
#4419 = FACE_OUTER_BOUND ( 'NONE', #7927, .T. ) ;
#4420 = ORIENTED_EDGE ( 'NONE', *, *, #5769, .T. ) ;
#4421 = CARTESIAN_POINT ( 'NONE',  ( 1.000000000000021316, 0.000000000000000000, -0.7999999999999994893 ) ) ;
#4422 = VECTOR ( 'NONE', #2075, 1000.000000000000000 ) ;
#4423 = DIRECTION ( 'NONE',  ( 0.000000000000000000, 0.000000000000000000, 1.000000000000000000 ) ) ;
#4424 = ORIENTED_EDGE ( 'NONE', *, *, #6185, .T. ) ;
#4425 = DIRECTION ( 'NONE',  ( -0.000000000000000000, -0.000000000000000000, 1.000000000000000000 ) ) ;
#4426 = VERTEX_POINT ( 'NONE', #94 ) ;
#4427 = ORIENTED_EDGE ( 'NONE', *, *, #9157, .F. ) ;
#4428 = DIRECTION ( 'NONE',  ( 0.000000000000000000, -1.000000000000000000, 0.000000000000000000 ) ) ;
#4429 = VECTOR ( 'NONE', #9125, 1000.000000000000000 ) ;
#4430 = EDGE_CURVE ( 'NONE', #2565, #9588, #8373, .T. ) ;
#4431 = EDGE_CURVE ( 'NONE', #129, #9017, #7508, .T. ) ;
#4432 = CARTESIAN_POINT ( 'NONE',  ( 1.249999999999999334, 0.05000000000000000278, 1.300000000000000266 ) ) ;
#4433 = VECTOR ( 'NONE', #5644, 1000.000000000000000 ) ;
#4434 = VERTEX_POINT ( 'NONE', #4707 ) ;
#4435 = CARTESIAN_POINT ( 'NONE',  ( 3.100000000000000533, 0.05000000000000000278, 1.414999999999999813 ) ) ;
#4436 = VERTEX_POINT ( 'NONE', #1605 ) ;
#4437 = EDGE_CURVE ( 'NONE', #6619, #9062, #4558, .T. ) ;
#4438 = CARTESIAN_POINT ( 'NONE',  ( -1.249999999999978462, 0.05000000000000000278, -0.7999999999999994893 ) ) ;
#4439 = ORIENTED_EDGE ( 'NONE', *, *, #6957, .F. ) ;
#4440 = EDGE_CURVE ( 'NONE', #6876, #7457, #3253, .T. ) ;
#4441 = AXIS2_PLACEMENT_3D ( 'NONE', #1788, #4745, #1065 ) ;
#4442 = VECTOR ( 'NONE', #9301, 1000.000000000000000 ) ;
#4443 = EDGE_CURVE ( 'NONE', #9006, #240, #72, .T. ) ;
#4444 = LINE ( 'NONE', #9220, #6092 ) ;
#4445 = EDGE_CURVE ( 'NONE', #1673, #6153, #1699, .T. ) ;
#4446 = DIRECTION ( 'NONE',  ( 0.3420201433256694901, 0.9396926207859082059, -0.000000000000000000 ) ) ;
#4447 = DIRECTION ( 'NONE',  ( -1.000000000000000000, 0.000000000000000000, 0.000000000000000000 ) ) ;
#4448 = ORIENTED_EDGE ( 'NONE', *, *, #1908, .T. ) ;
#4449 = COLOUR_RGB ( '',0.7529411764705882248, 0.7529411764705882248, 0.000000000000000000 ) ;
#4450 = SURFACE_SIDE_STYLE ('',( #3856 ) ) ;
#4451 = ORIENTED_EDGE ( 'NONE', *, *, #525, .T. ) ;
#4452 = VECTOR ( 'NONE', #7830, 1000.000000000000000 ) ;
#4453 = DIRECTION ( 'NONE',  ( -0.000000000000000000, -1.000000000000000000, 0.000000000000000000 ) ) ;
#4454 = CARTESIAN_POINT ( 'NONE',  ( -2.900000000000000355, 0.05000000000000000278, 0.2500000000000002220 ) ) ;
#4455 = SURFACE_STYLE_FILL_AREA ( #38 ) ;
#4456 = ORIENTED_EDGE ( 'NONE', *, *, #8622, .F. ) ;
#4457 = VECTOR ( 'NONE', #5892, 1000.000000000000000 ) ;
#4458 = LINE ( 'NONE', #6575, #1188 ) ;
#4459 = DIRECTION ( 'NONE',  ( 1.000000000000000000, 0.000000000000000000, 0.000000000000000000 ) ) ;
#4460 = DIRECTION ( 'NONE',  ( 1.000000000000000000, 0.000000000000000000, 0.000000000000000000 ) ) ;
#4461 = EDGE_LOOP ( 'NONE', ( #3494, #2324, #461, #7344 ) ) ;
#4462 = ORIENTED_EDGE ( 'NONE', *, *, #5386, .T. ) ;
#4463 = VECTOR ( 'NONE', #747, 1000.000000000000000 ) ;
#4464 = DIRECTION ( 'NONE',  ( -1.000000000000000000, -0.000000000000000000, -4.336808689942017736E-16 ) ) ;
#4465 = ORIENTED_EDGE ( 'NONE', *, *, #5107, .T. ) ;
#4466 = SURFACE_STYLE_USAGE ( .BOTH. , #5848 ) ;
#4467 = VECTOR ( 'NONE', #6291, 1000.000000000000000 ) ;
#4468 = FACE_OUTER_BOUND ( 'NONE', #2177, .T. ) ;
#4469 = ORIENTED_EDGE ( 'NONE', *, *, #9027, .F. ) ;
#4470 = LINE ( 'NONE', #7460, #526 ) ;
#4471 = VERTEX_POINT ( 'NONE', #6187 ) ;
#4472 = DIRECTION ( 'NONE',  ( -4.336808689942017736E-16, 0.000000000000000000, 1.000000000000000000 ) ) ;
#4473 = VERTEX_POINT ( 'NONE', #194 ) ;
#4474 = LINE ( 'NONE', #8187, #3886 ) ;
#4475 = AXIS2_PLACEMENT_3D ( 'NONE', #3321, #3229, #1768 ) ;
#4476 = ORIENTED_EDGE ( 'NONE', *, *, #4796, .F. ) ;
#4477 = ORIENTED_EDGE ( 'NONE', *, *, #9422, .F. ) ;
#4478 = DIRECTION ( 'NONE',  ( 0.000000000000000000, 0.000000000000000000, 1.000000000000000000 ) ) ;
#4479 = VERTEX_POINT ( 'NONE', #282 ) ;
#4480 = EDGE_CURVE ( 'NONE', #8257, #2982, #5497, .T. ) ;
#4481 = VECTOR ( 'NONE', #8525, 1000.000000000000000 ) ;
#4482 = DIRECTION ( 'NONE',  ( 1.000000000000000000, 0.000000000000000000, 0.000000000000000000 ) ) ;
#4483 = CARTESIAN_POINT ( 'NONE',  ( -1.250000000000000444, 0.05000000000000000278, 1.414999999999999813 ) ) ;
#4484 = ADVANCED_FACE ( 'NONE', ( #4509 ), #1650, .T. ) ;
#4485 = CARTESIAN_POINT ( 'NONE',  ( -3.125000000000000000, 0.2000000000000000944, 1.514999999999999902 ) ) ;
#4486 = EDGE_CURVE ( 'NONE', #5783, #8585, #381, .T. ) ;
#4487 = LINE ( 'NONE', #3035, #7205 ) ;
#4488 = ORIENTED_EDGE ( 'NONE', *, *, #6315, .T. ) ;
#4489 =( GEOMETRIC_REPRESENTATION_CONTEXT ( 3 ) GLOBAL_UNCERTAINTY_ASSIGNED_CONTEXT ( ( #4168 ) ) GLOBAL_UNIT_ASSIGNED_CONTEXT ( ( #8230, #1612, #1710 ) ) REPRESENTATION_CONTEXT ( 'NONE', 'WORKASPACE' ) );
#4490 = ORIENTED_EDGE ( 'NONE', *, *, #9216, .F. ) ;
#4491 = DIRECTION ( 'NONE',  ( 0.000000000000000000, -1.000000000000000000, 0.000000000000000000 ) ) ;
#4492 = DIRECTION ( 'NONE',  ( 0.000000000000000000, 0.000000000000000000, -1.000000000000000000 ) ) ;
#4493 = PLANE ( 'NONE',  #2282 ) ;
#4494 = FACE_OUTER_BOUND ( 'NONE', #5941, .T. ) ;
#4495 = EDGE_CURVE ( 'NONE', #9580, #3184, #4024, .T. ) ;
#4496 = ORIENTED_EDGE ( 'NONE', *, *, #1345, .T. ) ;
#4497 = ADVANCED_FACE ( 'NONE', ( #5591 ), #4953, .T. ) ;
#4498 = CARTESIAN_POINT ( 'NONE',  ( -0.2499999999999785449, 0.000000000000000000, -0.7999999999999997113 ) ) ;
#4499 = CARTESIAN_POINT ( 'NONE',  ( -1.850000000000000089, 1.464999999999999858, -1.449999999999999734 ) ) ;
#4500 = LINE ( 'NONE', #9088, #1347 ) ;
#4501 = EDGE_CURVE ( 'NONE', #5359, #3784, #7834, .T. ) ;
#4502 = LINE ( 'NONE', #3096, #1747 ) ;
#4503 = CARTESIAN_POINT ( 'NONE',  ( -0.4999999999999785172, 0.05000000000000000278, -0.7999999999999994893 ) ) ;
#4504 = CLOSED_SHELL ( 'NONE', ( #1233, #464, #7447, #8150, #9140, #5214 ) ) ;
#4505 = VERTEX_POINT ( 'NONE', #3480 ) ;
#4506 = LINE ( 'NONE', #4603, #6944 ) ;
#4507 = CARTESIAN_POINT ( 'NONE',  ( 1.949999999999999956, -6.815342984766064482, -1.414999999999999813 ) ) ;
#4508 = ORIENTED_EDGE ( 'NONE', *, *, #7308, .F. ) ;
#4509 = FACE_OUTER_BOUND ( 'NONE', #1912, .T. ) ;
#4510 = AXIS2_PLACEMENT_3D ( 'NONE', #1136, #3354, #1907 ) ;
#4511 = VECTOR ( 'NONE', #8916, 1000.000000000000000 ) ;
#4512 = VECTOR ( 'NONE', #1260, 1000.000000000000000 ) ;
#4513 = VERTEX_POINT ( 'NONE', #8563 ) ;
#4514 = DIRECTION ( 'NONE',  ( 1.000000000000000000, 0.000000000000000000, 0.000000000000000000 ) ) ;
#4515 = ORIENTED_EDGE ( 'NONE', *, *, #5682, .T. ) ;
#4516 = DIRECTION ( 'NONE',  ( 8.673617379884035472E-16, -0.000000000000000000, 1.000000000000000000 ) ) ;
#4517 = ORIENTED_EDGE ( 'NONE', *, *, #1355, .T. ) ;
#4518 = VECTOR ( 'NONE', #6111, 1000.000000000000000 ) ;
#4519 = LINE ( 'NONE', #880, #5293 ) ;
#4520 = ORIENTED_EDGE ( 'NONE', *, *, #6359, .T. ) ;
#4521 =( LENGTH_UNIT ( ) NAMED_UNIT ( * ) SI_UNIT ( .MILLI., .METRE. ) );
#4522 = CARTESIAN_POINT ( 'NONE',  ( 1.249999999999999334, 0.000000000000000000, 0.8000000000000003775 ) ) ;
#4523 = VECTOR ( 'NONE', #6643, 1000.000000000000000 ) ;
#4524 = AXIS2_PLACEMENT_3D ( 'NONE', #5344, #915, #8367 ) ;
#4525 = VERTEX_POINT ( 'NONE', #4074 ) ;
#4526 = CARTESIAN_POINT ( 'NONE',  ( 0.9999999999999991118, 0.05000000000000000278, 0.8000000000000003775 ) ) ;
#4527 = VERTEX_POINT ( 'NONE', #7108 ) ;
#4528 = LINE ( 'NONE', #3846, #6334 ) ;
#4529 = DIRECTION ( 'NONE',  ( 0.000000000000000000, 1.000000000000000000, 0.000000000000000000 ) ) ;
#4530 = AXIS2_PLACEMENT_3D ( 'NONE', #7873, #7826, #1877 ) ;
#4531 = EDGE_LOOP ( 'NONE', ( #6031, #4059, #9004, #1766 ) ) ;
#4532 = DIRECTION ( 'NONE',  ( 0.000000000000000000, 0.000000000000000000, 1.000000000000000000 ) ) ;
#4533 = DIRECTION ( 'NONE',  ( 0.000000000000000000, 1.000000000000000000, -0.000000000000000000 ) ) ;
#4534 = DIRECTION ( 'NONE',  ( -1.000000000000000000, -0.000000000000000000, -4.336808689942017736E-16 ) ) ;
#4535 = PLANE ( 'NONE',  #1602 ) ;
#4536 = ADVANCED_FACE ( 'NONE', ( #5641 ), #2617, .F. ) ;
#4537 = ORIENTED_EDGE ( 'NONE', *, *, #1250, .T. ) ;
#4538 = ORIENTED_EDGE ( 'NONE', *, *, #8622, .T. ) ;
#4539 = DIRECTION ( 'NONE',  ( 0.000000000000000000, -1.000000000000000000, 0.000000000000000000 ) ) ;
#4540 = DIRECTION ( 'NONE',  ( 0.000000000000000000, 0.000000000000000000, 1.000000000000000000 ) ) ;
#4541 =( NAMED_UNIT ( * ) PLANE_ANGLE_UNIT ( ) SI_UNIT ( $, .RADIAN. ) );
#4542 = ORIENTED_EDGE ( 'NONE', *, *, #2248, .F. ) ;
#4543 = EDGE_CURVE ( 'NONE', #1923, #2017, #7062, .T. ) ;
#4544 = CARTESIAN_POINT ( 'NONE',  ( -3.200000000000000178, 0.2000000000000000944, 1.439999999999999947 ) ) ;
#4545 = CARTESIAN_POINT ( 'NONE',  ( 2.000000000000021760, 0.05000000000000000278, -0.7999999999999997113 ) ) ;
#4546 = CARTESIAN_POINT ( 'NONE',  ( -1.000000000000000444, 0.05000000000000000278, 1.300000000000000266 ) ) ;
#4547 = CARTESIAN_POINT ( 'NONE',  ( -3.200000000000000178, 1.464999999999999858, -1.439999999999999947 ) ) ;
#4548 = ADVANCED_FACE ( 'NONE', ( #4755 ), #331, .T. ) ;
#4549 = EDGE_CURVE ( 'NONE', #8075, #4945, #7352, .T. ) ;
#4550 = ORIENTED_EDGE ( 'NONE', *, *, #9427, .F. ) ;
#4551 = FACE_OUTER_BOUND ( 'NONE', #5533, .T. ) ;
#4552 = VERTEX_POINT ( 'NONE', #7448 ) ;
#4553 = DIRECTION ( 'NONE',  ( 0.000000000000000000, 0.000000000000000000, -1.000000000000000000 ) ) ;
#4554 = DIRECTION ( 'NONE',  ( 1.000000000000000000, 0.000000000000000000, 0.000000000000000000 ) ) ;
#4555 = ORIENTED_EDGE ( 'NONE', *, *, #6542, .T. ) ;
#4556 = ADVANCED_FACE ( 'NONE', ( #3629 ), #7302, .T. ) ;
#4557 = EDGE_CURVE ( 'NONE', #6673, #5576, #8755, .T. ) ;
#4558 = LINE ( 'NONE', #7555, #1918 ) ;
#4559 = VECTOR ( 'NONE', #2385, 1000.000000000000000 ) ;
#4560 = VECTOR ( 'NONE', #6173, 1000.000000000000000 ) ;
#4561 = EDGE_CURVE ( 'NONE', #3110, #9206, #9560, .T. ) ;
#4562 = EDGE_LOOP ( 'NONE', ( #704, #665, #2543, #8690 ) ) ;
#4563 = CARTESIAN_POINT ( 'NONE',  ( 2.620000000000000551, 1.350000000000000089, 0.4249999999999998224 ) ) ;
#4564 = ORIENTED_EDGE ( 'NONE', *, *, #52, .F. ) ;
#4565 = ORIENTED_EDGE ( 'NONE', *, *, #2301, .T. ) ;
#4566 = DIRECTION ( 'NONE',  ( 8.673617379884035472E-16, -0.000000000000000000, 1.000000000000000000 ) ) ;
#4567 = VECTOR ( 'NONE', #4269, 1000.000000000000000 ) ;
#4568 = AXIS2_PLACEMENT_3D ( 'NONE', #1789, #4847, #4799 ) ;
#4569 = EDGE_LOOP ( 'NONE', ( #7808, #5673, #4952, #7070 ) ) ;
#4570 = CARTESIAN_POINT ( 'NONE',  ( 0.5000000000000213163, 0.05000000000000000278, -0.7999999999999997113 ) ) ;
#4571 = FACE_OUTER_BOUND ( 'NONE', #6507, .T. ) ;
#4572 = FACE_OUTER_BOUND ( 'NONE', #3285, .T. ) ;
#4573 = ORIENTED_EDGE ( 'NONE', *, *, #3492, .T. ) ;
#4574 = ORIENTED_EDGE ( 'NONE', *, *, #9493, .T. ) ;
#4575 = ORIENTED_EDGE ( 'NONE', *, *, #2537, .F. ) ;
#4576 = DIRECTION ( 'NONE',  ( 0.000000000000000000, 0.000000000000000000, 1.000000000000000000 ) ) ;
#4577 = FACE_BOUND ( 'NONE', #5517, .T. ) ;
#4578 = VERTEX_POINT ( 'NONE', #5191 ) ;
#4579 = VECTOR ( 'NONE', #8369, 1000.000000000000000 ) ;
#4580 = CARTESIAN_POINT ( 'NONE',  ( 1.749999999999999334, 0.05000000000000000278, 1.300000000000000266 ) ) ;
#4581 = LINE ( 'NONE', #2598, #8584 ) ;
#4582 = CARTESIAN_POINT ( 'NONE',  ( 1.814999999999999725, 1.464999999999999858, -1.379999999999999671 ) ) ;
#4583 = PLANE ( 'NONE',  #7052 ) ;
#4584 = EDGE_LOOP ( 'NONE', ( #6800, #4297, #5260, #5659 ) ) ;
#4585 = EDGE_LOOP ( 'NONE', ( #8301, #8535, #5444, #1040 ) ) ;
#4586 = LINE ( 'NONE', #7637, #807 ) ;
#4587 = AXIS2_PLACEMENT_3D ( 'NONE', #7109, #5690, #8702 ) ;
#4588 = PLANE ( 'NONE',  #2145 ) ;
#4589 = VECTOR ( 'NONE', #4397, 1000.000000000000000 ) ;
#4590 = DIRECTION ( 'NONE',  ( 1.000000000000000000, 0.000000000000000000, -0.000000000000000000 ) ) ;
#4591 = ORIENTED_EDGE ( 'NONE', *, *, #2295, .F. ) ;
#4592 = CARTESIAN_POINT ( 'NONE',  ( -1.749999999999978462, 0.05000000000000000278, -0.7999999999999997113 ) ) ;
#4593 = DIRECTION ( 'NONE',  ( 1.000000000000000000, 0.000000000000000000, 0.000000000000000000 ) ) ;
#4594 = VECTOR ( 'NONE', #5692, 1000.000000000000000 ) ;
#4595 = VECTOR ( 'NONE', #5348, 1000.000000000000000 ) ;
#4596 = DIRECTION ( 'NONE',  ( 0.1993679344171941092, -0.9799247046208302558, 0.000000000000000000 ) ) ;
#4597 = CARTESIAN_POINT ( 'NONE',  ( 2.620000000000000551, 1.324999999999999956, -0.2250000000000002554 ) ) ;
#4598 = DIRECTION ( 'NONE',  ( 1.000000000000000000, 0.000000000000000000, 0.000000000000000000 ) ) ;
#4599 = ORIENTED_EDGE ( 'NONE', *, *, #1950, .T. ) ;
#4600 = EDGE_CURVE ( 'NONE', #1140, #2797, #9510, .T. ) ;
#4601 = CARTESIAN_POINT ( 'NONE',  ( 2.500000000000021760, 0.05000000000000000278, -0.7999999999999994893 ) ) ;
#4602 = ORIENTED_EDGE ( 'NONE', *, *, #3960, .T. ) ;
#4603 = CARTESIAN_POINT ( 'NONE',  ( 2.400000000000001243, 0.000000000000000000, 0.2500000000000017208 ) ) ;
#4604 = DIRECTION ( 'NONE',  ( 0.000000000000000000, 0.000000000000000000, 1.000000000000000000 ) ) ;
#4605 = ORIENTED_EDGE ( 'NONE', *, *, #4939, .F. ) ;
#4606 = VECTOR ( 'NONE', #4978, 1000.000000000000000 ) ;
#4607 = EDGE_CURVE ( 'NONE', #3524, #8014, #5837, .T. ) ;
#4608 = DIRECTION ( 'NONE',  ( -7.228014483236188726E-16, 0.000000000000000000, 1.000000000000000000 ) ) ;
#4609 = COLOUR_RGB ( '',1.000000000000000000, 0.8117647058823529438, 0.5019607843137254832 ) ;
#4610 = ORIENTED_EDGE ( 'NONE', *, *, #4680, .F. ) ;
#4611 = EDGE_CURVE ( 'NONE', #5721, #8426, #6714, .T. ) ;
#4612 = CARTESIAN_POINT ( 'NONE',  ( 0.5000000000000213163, 0.05000000000000000278, -0.7999999999999997113 ) ) ;
#4613 = EDGE_CURVE ( 'NONE', #6843, #8526, #5095, .T. ) ;
#4614 = VERTEX_POINT ( 'NONE', #4359 ) ;
#4615 = EDGE_LOOP ( 'NONE', ( #7636, #2500, #7139, #7645 ) ) ;
#4616 = LINE ( 'NONE', #1663, #6396 ) ;
#4617 = EDGE_LOOP ( 'NONE', ( #1522, #2862, #5053, #4925 ) ) ;
#4618 = ADVANCED_FACE ( 'NONE', ( #5738 ), #575, .T. ) ;
#4619 = ADVANCED_FACE ( 'NONE', ( #2171 ), #9607, .F. ) ;
#4620 = FACE_OUTER_BOUND ( 'NONE', #6592, .T. ) ;
#4621 = PLANE ( 'NONE',  #9091 ) ;
#4622 = DIRECTION ( 'NONE',  ( 0.000000000000000000, 0.000000000000000000, -1.000000000000000000 ) ) ;
#4623 = ORIENTED_EDGE ( 'NONE', *, *, #337, .F. ) ;
#4624 = AXIS2_PLACEMENT_3D ( 'NONE', #3238, #4011, #2463 ) ;
#4625 = CARTESIAN_POINT ( 'NONE',  ( -2.900000000000000355, 0.05000000000000000278, 0.2500000000000002220 ) ) ;
#4626 = ORIENTED_EDGE ( 'NONE', *, *, #2304, .T. ) ;
#4627 = ORIENTED_EDGE ( 'NONE', *, *, #8969, .T. ) ;
#4628 = DIRECTION ( 'NONE',  ( 0.000000000000000000, -1.000000000000000000, 0.000000000000000000 ) ) ;
#4629 = CARTESIAN_POINT ( 'NONE',  ( 2.400000000000001243, 0.000000000000000000, 0.2500000000000017208 ) ) ;
#4630 = EDGE_LOOP ( 'NONE', ( #9436, #5541, #2303, #7878 ) ) ;
#4631 = EDGE_CURVE ( 'NONE', #2790, #129, #3190, .T. ) ;
#4632 = VECTOR ( 'NONE', #8553, 1000.000000000000000 ) ;
#4633 = DIRECTION ( 'NONE',  ( -0.000000000000000000, -1.000000000000000000, -0.000000000000000000 ) ) ;
#4634 = DIRECTION ( 'NONE',  ( 0.000000000000000000, 1.000000000000000000, -0.000000000000000000 ) ) ;
#4635 = DIRECTION ( 'NONE',  ( 0.000000000000000000, -1.000000000000000000, 0.000000000000000000 ) ) ;
#4636 = ORIENTED_EDGE ( 'NONE', *, *, #4362, .T. ) ;
#4637 = VERTEX_POINT ( 'NONE', #8216 ) ;
#4638 = DIRECTION ( 'NONE',  ( 1.000000000000000000, 0.000000000000000000, -8.673617379884035472E-16 ) ) ;
#4639 = DIRECTION ( 'NONE',  ( 0.000000000000000000, -1.000000000000000000, 0.000000000000000000 ) ) ;
#4640 = DIRECTION ( 'NONE',  ( 4.336808689942017736E-16, 0.000000000000000000, -1.000000000000000000 ) ) ;
#4641 = VERTEX_POINT ( 'NONE', #181 ) ;
#4642 = CARTESIAN_POINT ( 'NONE',  ( -1.999999999999978684, 0.05000000000000000278, -1.414999999999999369 ) ) ;
#4643 = PLANE ( 'NONE',  #541 ) ;
#4644 = PRESENTATION_LAYER_ASSIGNMENT (  '', '', ( #2940 ) ) ;
#4645 = CARTESIAN_POINT ( 'NONE',  ( -1.750000000000000444, 0.000000000000000000, 0.8000000000000003775 ) ) ;
#4646 = FACE_OUTER_BOUND ( 'NONE', #1304, .T. ) ;
#4647 = ORIENTED_EDGE ( 'NONE', *, *, #2602, .F. ) ;
#4648 = DIRECTION ( 'NONE',  ( -0.000000000000000000, 0.000000000000000000, -1.000000000000000000 ) ) ;
#4649 = ORIENTED_EDGE ( 'NONE', *, *, #706, .T. ) ;
#4650 = FACE_OUTER_BOUND ( 'NONE', #4994, .T. ) ;
#4651 = VERTEX_POINT ( 'NONE', #6172 ) ;
#4652 = AXIS2_PLACEMENT_3D ( 'NONE', #344, #5699, #4913 ) ;
#4653 = DIRECTION ( 'NONE',  ( 1.000000000000000000, 0.000000000000000000, -0.000000000000000000 ) ) ;
#4654 = FACE_OUTER_BOUND ( 'NONE', #5815, .T. ) ;
#4655 = CARTESIAN_POINT ( 'NONE',  ( -1.387499999999999956, 1.500000000000000000, 0.3424999999999996381 ) ) ;
#4656 = VERTEX_POINT ( 'NONE', #7489 ) ;
#4657 = FACE_OUTER_BOUND ( 'NONE', #5152, .T. ) ;
#4658 = EDGE_CURVE ( 'NONE', #254, #2066, #811, .T. ) ;
#4659 = EDGE_LOOP ( 'NONE', ( #1199, #2427, #2138, #4700 ) ) ;
#4660 = FACE_OUTER_BOUND ( 'NONE', #7415, .T. ) ;
#4661 = PRESENTATION_STYLE_ASSIGNMENT (( #1757 ) ) ;
#4662 = ORIENTED_EDGE ( 'NONE', *, *, #4198, .T. ) ;
#4663 = VECTOR ( 'NONE', #4539, 1000.000000000000000 ) ;
#4664 = VECTOR ( 'NONE', #6480, 1000.000000000000000 ) ;
#4665 = DIRECTION ( 'NONE',  ( 1.000000000000000000, 0.000000000000000000, 0.000000000000000000 ) ) ;
#4666 = EDGE_CURVE ( 'NONE', #6054, #5619, #4695, .T. ) ;
#4667 = DIRECTION ( 'NONE',  ( 0.000000000000000000, 0.000000000000000000, 1.000000000000000000 ) ) ;
#4668 = LINE ( 'NONE', #7620, #2651 ) ;
#4669 = CARTESIAN_POINT ( 'NONE',  ( -1.885000000000000231, 1.464999999999999858, -1.449999999999999734 ) ) ;
#4670 = AXIS2_PLACEMENT_3D ( 'NONE', #1122, #7886, #8521 ) ;
#4671 = EDGE_CURVE ( 'NONE', #2798, #7889, #9128, .T. ) ;
#4672 = VECTOR ( 'NONE', #4464, 1000.000000000000000 ) ;
#4673 = ORIENTED_EDGE ( 'NONE', *, *, #9427, .T. ) ;
#4674 = ADVANCED_FACE ( 'NONE', ( #6026 ), #6859, .F. ) ;
#4675 = ORIENTED_EDGE ( 'NONE', *, *, #6959, .T. ) ;
#4676 = ORIENTED_EDGE ( 'NONE', *, *, #6780, .F. ) ;
#4677 = CARTESIAN_POINT ( 'NONE',  ( 0.03701609466424640033, 1.449999999999999734, 0.6499999999999996891 ) ) ;
#4678 = DIRECTION ( 'NONE',  ( 0.000000000000000000, 0.000000000000000000, -1.000000000000000000 ) ) ;
#4679 = FILL_AREA_STYLE_COLOUR ( '', #3112 ) ;
#4680 = EDGE_CURVE ( 'NONE', #8152, #6495, #3964, .T. ) ;
#4681 = VECTOR ( 'NONE', #5567, 1000.000000000000000 ) ;
#4682 = ADVANCED_FACE ( 'NONE', ( #8989 ), #3143, .T. ) ;
#4683 = VECTOR ( 'NONE', #5789, 1000.000000000000000 ) ;
#4684 = DIRECTION ( 'NONE',  ( -0.000000000000000000, -1.000000000000000000, -0.000000000000000000 ) ) ;
#4685 = DIRECTION ( 'NONE',  ( -0.000000000000000000, -1.000000000000000000, -0.000000000000000000 ) ) ;
#4686 = CARTESIAN_POINT ( 'NONE',  ( 3.100000000000000533, 0.000000000000000000, -1.414999999999999813 ) ) ;
#4687 = ORIENTED_EDGE ( 'NONE', *, *, #6311, .F. ) ;
#4688 = ADVANCED_FACE ( 'NONE', ( #6948 ), #82, .T. ) ;
#4689 = CARTESIAN_POINT ( 'NONE',  ( 3.100000000000000533, -6.815342984766064482, 1.414999999999999813 ) ) ;
#4690 = ORIENTED_EDGE ( 'NONE', *, *, #2593, .T. ) ;
#4691 = CYLINDRICAL_SURFACE ( 'NONE', #4624, 0.04999999999999996808 ) ;
#4692 = CARTESIAN_POINT ( 'NONE',  ( -0.6999999999999998446, 1.464999999999999858, 0.7599999999999995648 ) ) ;
#4693 = CARTESIAN_POINT ( 'NONE',  ( -1.249999999999978906, 0.000000000000000000, -1.299999999999999600 ) ) ;
#4694 = VERTEX_POINT ( 'NONE', #6127 ) ;
#4695 = LINE ( 'NONE', #5336, #7403 ) ;
#4696 = CARTESIAN_POINT ( 'NONE',  ( -2.900000000000000355, 0.05000000000000000278, 0.2500000000000002220 ) ) ;
#4697 = VECTOR ( 'NONE', #7439, 1000.000000000000000 ) ;
#4698 = PLANE ( 'NONE',  #4441 ) ;
#4699 = CARTESIAN_POINT ( 'NONE',  ( 2.900000000000001243, 0.05000000000000000278, 0.2500000000000019429 ) ) ;
#4700 = ORIENTED_EDGE ( 'NONE', *, *, #5896, .T. ) ;
#4701 = DIRECTION ( 'NONE',  ( 0.000000000000000000, 0.000000000000000000, 1.000000000000000000 ) ) ;
#4702 = EDGE_LOOP ( 'NONE', ( #2988, #8228, #9555, #268 ) ) ;
#4703 = FACE_OUTER_BOUND ( 'NONE', #8994, .T. ) ;
#4704 = SURFACE_SIDE_STYLE ('',( #3153 ) ) ;
#4705 = VERTEX_POINT ( 'NONE', #8936 ) ;
#4706 =( LENGTH_UNIT ( ) NAMED_UNIT ( * ) SI_UNIT ( .MILLI., .METRE. ) );
#4707 = CARTESIAN_POINT ( 'NONE',  ( 0.9999999999999991118, 0.000000000000000000, 0.8000000000000003775 ) ) ;
#4708 = CARTESIAN_POINT ( 'NONE',  ( 2.000000000000021760, 0.05000000000000000278, -1.299999999999999600 ) ) ;
#4709 = CARTESIAN_POINT ( 'NONE',  ( -2.299999999999999822, 0.05000000000000000278, -0.6999999999999995115 ) ) ;
#4710 = FACE_OUTER_BOUND ( 'NONE', #7288, .T. ) ;
#4711 = CARTESIAN_POINT ( 'NONE',  ( 2.400000000000001243, 0.05000000000000000278, 0.2500000000000017208 ) ) ;
#4712 = ORIENTED_EDGE ( 'NONE', *, *, #1700, .F. ) ;
#4713 = DIRECTION ( 'NONE',  ( -0.000000000000000000, -1.000000000000000000, -0.000000000000000000 ) ) ;
#4714 = ORIENTED_EDGE ( 'NONE', *, *, #1237, .T. ) ;
#4715 = CARTESIAN_POINT ( 'NONE',  ( -3.100000000000000533, 0.2000000000000000944, 1.414999999999999813 ) ) ;
#4716 = DIRECTION ( 'NONE',  ( 0.000000000000000000, 0.000000000000000000, -1.000000000000000000 ) ) ;
#4717 = DIRECTION ( 'NONE',  ( -1.000000000000000000, 0.000000000000000000, 0.000000000000000000 ) ) ;
#4718 = CIRCLE ( 'NONE', #4409, 0.03500000000000009354 ) ;
#4719 = ORIENTED_EDGE ( 'NONE', *, *, #4987, .F. ) ;
#4720 = DIRECTION ( 'NONE',  ( 0.000000000000000000, -1.000000000000000000, 0.000000000000000000 ) ) ;
#4721 = DIRECTION ( 'NONE',  ( -0.000000000000000000, 0.000000000000000000, -1.000000000000000000 ) ) ;
#4722 = DIRECTION ( 'NONE',  ( -1.000000000000000000, 0.000000000000000000, -0.000000000000000000 ) ) ;
#4723 = ORIENTED_EDGE ( 'NONE', *, *, #3890, .F. ) ;
#4724 = ORIENTED_EDGE ( 'NONE', *, *, #4386, .T. ) ;
#4725 = EDGE_CURVE ( 'NONE', #2561, #2119, #962, .T. ) ;
#4726 = ORIENTED_EDGE ( 'NONE', *, *, #110, .T. ) ;
#4727 = CARTESIAN_POINT ( 'NONE',  ( -3.200000000000000178, 1.500000000000000000, -1.479999999999999760 ) ) ;
#4728 = DIRECTION ( 'NONE',  ( -0.000000000000000000, 1.000000000000000000, -0.000000000000000000 ) ) ;
#4729 = FACE_OUTER_BOUND ( 'NONE', #2163, .T. ) ;
#4730 = EDGE_CURVE ( 'NONE', #5224, #6091, #2737, .T. ) ;
#4731 = DIRECTION ( 'NONE',  ( -0.000000000000000000, -1.000000000000000000, 0.000000000000000000 ) ) ;
#4732 = PLANE ( 'NONE',  #1734 ) ;
#4733 = CARTESIAN_POINT ( 'NONE',  ( 1.158000000000000140, 0.05000000000000000278, -0.5999999999999998668 ) ) ;
#4734 = ORIENTED_EDGE ( 'NONE', *, *, #5272, .T. ) ;
#4735 = ORIENTED_EDGE ( 'NONE', *, *, #1167, .F. ) ;
#4736 = EDGE_CURVE ( 'NONE', #1551, #3453, #8361, .T. ) ;
#4737 = EDGE_CURVE ( 'NONE', #1075, #2524, #6906, .T. ) ;
#4738 = CARTESIAN_POINT ( 'NONE',  ( 2.000000000000000000, 0.000000000000000000, 1.300000000000000266 ) ) ;
#4739 = DIRECTION ( 'NONE',  ( 0.000000000000000000, 0.000000000000000000, -1.000000000000000000 ) ) ;
#4740 = DIRECTION ( 'NONE',  ( 0.000000000000000000, 1.000000000000000000, 0.000000000000000000 ) ) ;
#4741 = ORIENTED_EDGE ( 'NONE', *, *, #2242, .T. ) ;
#4742 = EDGE_CURVE ( 'NONE', #4418, #6827, #5242, .T. ) ;
#4743 = LINE ( 'NONE', #4795, #9573 ) ;
#4744 = EDGE_CURVE ( 'NONE', #2016, #8176, #225, .T. ) ;
#4745 = DIRECTION ( 'NONE',  ( 1.000000000000000000, -0.000000000000000000, 0.000000000000000000 ) ) ;
#4746 = CARTESIAN_POINT ( 'NONE',  ( -1.749999999999978462, 0.05000000000000000278, -1.299999999999999600 ) ) ;
#4747 = VECTOR ( 'NONE', #5076, 1000.000000000000000 ) ;
#4748 = DIRECTION ( 'NONE',  ( -4.336808689942017736E-16, 0.000000000000000000, 1.000000000000000000 ) ) ;
#4749 = ORIENTED_EDGE ( 'NONE', *, *, #7536, .T. ) ;
#4750 = DIRECTION ( 'NONE',  ( 0.000000000000000000, 1.000000000000000000, 0.000000000000000000 ) ) ;
#4751 = ORIENTED_EDGE ( 'NONE', *, *, #6115, .T. ) ;
#4752 = FACE_OUTER_BOUND ( 'NONE', #5898, .T. ) ;
#4753 = VERTEX_POINT ( 'NONE', #3811 ) ;
#4754 = CIRCLE ( 'NONE', #7264, 0.03499999999999987843 ) ;
#4755 = FACE_OUTER_BOUND ( 'NONE', #5133, .T. ) ;
#4756 = DIRECTION ( 'NONE',  ( 0.000000000000000000, -0.000000000000000000, -1.000000000000000000 ) ) ;
#4757 = VECTOR ( 'NONE', #9166, 1000.000000000000000 ) ;
#4758 = DIRECTION ( 'NONE',  ( -0.000000000000000000, -0.000000000000000000, -1.000000000000000000 ) ) ;
#4759 = CARTESIAN_POINT ( 'NONE',  ( 1.814999999999999725, 1.464999999999999858, 1.450000000000000622 ) ) ;
#4760 = FACE_OUTER_BOUND ( 'NONE', #7752, .T. ) ;
#4761 = CARTESIAN_POINT ( 'NONE',  ( 0.8411543845949644993, 1.449999999999999512, -0.4500000000000003997 ) ) ;
#4762 = ORIENTED_EDGE ( 'NONE', *, *, #6959, .F. ) ;
#4763 = VECTOR ( 'NONE', #9596, 1000.000000000000000 ) ;
#4764 = FACE_OUTER_BOUND ( 'NONE', #5424, .T. ) ;
#4765 = AXIS2_PLACEMENT_3D ( 'NONE', #958, #6901, #8505 ) ;
#4766 = DIRECTION ( 'NONE',  ( 8.673617379884035472E-16, -0.000000000000000000, 1.000000000000000000 ) ) ;
#4767 = CARTESIAN_POINT ( 'NONE',  ( 2.620000000000000551, 1.500000000000000000, 0.4249999999999998224 ) ) ;
#4768 = ORIENTED_EDGE ( 'NONE', *, *, #3953, .F. ) ;
#4769 = DIRECTION ( 'NONE',  ( 0.000000000000000000, 0.000000000000000000, -1.000000000000000000 ) ) ;
#4770 = CARTESIAN_POINT ( 'NONE',  ( 2.620000000000000107, 1.324999999999999956, 0.4999999999999997780 ) ) ;
#4771 = PRESENTATION_LAYER_ASSIGNMENT (  '', '', ( #8972 ) ) ;
#4772 = CYLINDRICAL_SURFACE ( 'NONE', #1569, 0.03500000000000030864 ) ;
#4773 = LINE ( 'NONE', #6015, #2986 ) ;
#4774 = EDGE_LOOP ( 'NONE', ( #876, #4427, #4395, #7819 ) ) ;
#4775 = VERTEX_POINT ( 'NONE', #1738 ) ;
#4776 = VERTEX_POINT ( 'NONE', #4544 ) ;
#4777 = CARTESIAN_POINT ( 'NONE',  ( -2.362499999999999822, 1.439999999999999947, -0.6949999999999993960 ) ) ;
#4778 = CARTESIAN_POINT ( 'NONE',  ( 0.000000000000000000, 0.05000000000000000278, 0.000000000000000000 ) ) ;
#4779 = COLOUR_RGB ( '',1.000000000000000000, 0.8117647058823529438, 0.5019607843137254832 ) ;
#4780 = CARTESIAN_POINT ( 'NONE',  ( 1.885000000000000009, 1.464999999999999858, -1.479999999999999760 ) ) ;
#4781 = ADVANCED_FACE ( 'NONE', ( #854 ), #6813, .F. ) ;
#4782 = PLANE ( 'NONE',  #3850 ) ;
#4783 = CARTESIAN_POINT ( 'NONE',  ( -2.000000000000000444, 0.05000000000000000278, 1.414999999999999813 ) ) ;
#4784 = CIRCLE ( 'NONE', #1688, 0.03500000000000030864 ) ;
#4785 = CARTESIAN_POINT ( 'NONE',  ( 1.885000000000000009, 1.500000000000000000, -1.479999999999999760 ) ) ;
#4786 = EDGE_LOOP ( 'NONE', ( #8760, #8019, #9102, #3717 ) ) ;
#4787 = LINE ( 'NONE', #3911, #5082 ) ;
#4788 = ORIENTED_EDGE ( 'NONE', *, *, #9316, .T. ) ;
#4789 = EDGE_CURVE ( 'NONE', #3759, #2513, #1637, .T. ) ;
#4790 = DIRECTION ( 'NONE',  ( -0.000000000000000000, -1.000000000000000000, -0.000000000000000000 ) ) ;
#4791 = FACE_OUTER_BOUND ( 'NONE', #2089, .T. ) ;
#4792 = VERTEX_POINT ( 'NONE', #7734 ) ;
#4793 = VERTEX_POINT ( 'NONE', #6998 ) ;
#4794 = CIRCLE ( 'NONE', #2150, 0.03500000000000009354 ) ;
#4795 = CARTESIAN_POINT ( 'NONE',  ( 3.125000000000000000, 0.2000000000000000944, -1.514999999999999902 ) ) ;
#4796 = EDGE_CURVE ( 'NONE', #7982, #847, #4894, .T. ) ;
#4797 = ADVANCED_FACE ( 'NONE', ( #472 ), #2567, .F. ) ;
#4798 = LINE ( 'NONE', #9317, #8503 ) ;
#4799 = DIRECTION ( 'NONE',  ( 0.000000000000000000, 0.000000000000000000, 1.000000000000000000 ) ) ;
#4800 = CARTESIAN_POINT ( 'NONE',  ( 0.5000000000000213163, 0.05000000000000000278, -0.7999999999999997113 ) ) ;
#4801 = VECTOR ( 'NONE', #6312, 1000.000000000000000 ) ;
#4802 = CARTESIAN_POINT ( 'NONE',  ( -2.397500000000000409, 1.439999999999999947, -0.6949999999999993960 ) ) ;
#4803 = EDGE_CURVE ( 'NONE', #8460, #6494, #4743, .T. ) ;
#4804 = ORIENTED_EDGE ( 'NONE', *, *, #7314, .F. ) ;
#4805 = EDGE_CURVE ( 'NONE', #1551, #9255, #5537, .T. ) ;
#4806 = CARTESIAN_POINT ( 'NONE',  ( -1.000000000000000444, 0.05000000000000000278, 0.8000000000000003775 ) ) ;
#4807 = LINE ( 'NONE', #3431, #966 ) ;
#4808 = ORIENTED_EDGE ( 'NONE', *, *, #273, .F. ) ;
#4809 = DIRECTION ( 'NONE',  ( -1.000000000000000000, 0.000000000000000000, -0.000000000000000000 ) ) ;
#4810 = ADVANCED_FACE ( 'NONE', ( #1062 ), #2607, .F. ) ;
#4811 = ADVANCED_FACE ( 'NONE', ( #1924 ), #5625, .F. ) ;
#4812 = CARTESIAN_POINT ( 'NONE',  ( 0.000000000000000000, 0.05000000000000000278, 0.000000000000000000 ) ) ;
#4813 = DIRECTION ( 'NONE',  ( -1.000000000000000000, 0.000000000000000000, -0.000000000000000000 ) ) ;
#4814 = DIRECTION ( 'NONE',  ( 0.000000000000000000, 1.000000000000000000, 0.000000000000000000 ) ) ;
#4815 = CARTESIAN_POINT ( 'NONE',  ( 0.000000000000000000, 1.500000000000000000, 1.479999999999999760 ) ) ;
#4816 = ORIENTED_EDGE ( 'NONE', *, *, #2559, .T. ) ;
#4817 = EDGE_CURVE ( 'NONE', #1647, #9588, #6273, .T. ) ;
#4818 = EDGE_LOOP ( 'NONE', ( #4565, #2899, #2030, #1000 ) ) ;
#4819 = PLANE ( 'NONE',  #490 ) ;
#4820 = CARTESIAN_POINT ( 'NONE',  ( -0.2499999999999785449, 0.05000000000000000278, -0.7999999999999997113 ) ) ;
#4821 = DIRECTION ( 'NONE',  ( -0.000000000000000000, 1.000000000000000000, -0.000000000000000000 ) ) ;
#4822 = DIRECTION ( 'NONE',  ( -8.673617379884035472E-16, 0.000000000000000000, -1.000000000000000000 ) ) ;
#4823 = DIRECTION ( 'NONE',  ( 8.673617379884035472E-16, -0.000000000000000000, 1.000000000000000000 ) ) ;
#4824 = FACE_OUTER_BOUND ( 'NONE', #2415, .T. ) ;
#4825 = ORIENTED_EDGE ( 'NONE', *, *, #7019, .T. ) ;
#4826 =( NAMED_UNIT ( * ) PLANE_ANGLE_UNIT ( ) SI_UNIT ( $, .RADIAN. ) );
#4827 = ORIENTED_EDGE ( 'NONE', *, *, #5280, .F. ) ;
#4828 = VECTOR ( 'NONE', #6956, 999.9999999999998863 ) ;
#4829 = EDGE_LOOP ( 'NONE', ( #7093, #8108, #4496, #2419 ) ) ;
#4830 = DIRECTION ( 'NONE',  ( 0.000000000000000000, -1.000000000000000000, 0.000000000000000000 ) ) ;
#4831 = VECTOR ( 'NONE', #245, 1000.000000000000000 ) ;
#4832 = VECTOR ( 'NONE', #5204, 1000.000000000000000 ) ;
#4834 = VECTOR ( 'NONE', #1173, 1000.000000000000000 ) ;
#4833 = CARTESIAN_POINT ( 'NONE',  ( 0.9999999999999995559, 0.05000000000000000278, 1.300000000000000266 ) ) ;
#4835 = LINE ( 'NONE', #5762, #5946 ) ;
#4836 = DIRECTION ( 'NONE',  ( 0.000000000000000000, 0.000000000000000000, 1.000000000000000000 ) ) ;
#4837 = ORIENTED_EDGE ( 'NONE', *, *, #6487, .T. ) ;
#4838 = ORIENTED_EDGE ( 'NONE', *, *, #53, .F. ) ;
#4839 = FACE_OUTER_BOUND ( 'NONE', #4159, .T. ) ;
#4840 = AXIS2_PLACEMENT_3D ( 'NONE', #7342, #3619, #6611 ) ;
#4841 = ORIENTED_EDGE ( 'NONE', *, *, #5107, .F. ) ;
#4842 = ORIENTED_EDGE ( 'NONE', *, *, #8195, .F. ) ;
#4843 = PRESENTATION_LAYER_ASSIGNMENT (  '', '', ( #5623 ) ) ;
#4844 = FACE_OUTER_BOUND ( 'NONE', #7200, .T. ) ;
#4845 = EDGE_CURVE ( 'NONE', #730, #6843, #7148, .T. ) ;
#4846 = PLANE ( 'NONE',  #8953 ) ;
#4848 = VECTOR ( 'NONE', #3559, 1000.000000000000000 ) ;
#4847 = DIRECTION ( 'NONE',  ( -0.000000000000000000, 1.000000000000000000, -0.000000000000000000 ) ) ;
#4849 = FACE_OUTER_BOUND ( 'NONE', #8968, .T. ) ;
#4850 = AXIS2_PLACEMENT_3D ( 'NONE', #4802, #4750, #479 ) ;
#4851 = DIRECTION ( 'NONE',  ( -1.000000000000000000, 0.000000000000000000, -0.000000000000000000 ) ) ;
#4852 = VERTEX_POINT ( 'NONE', #5580 ) ;
#4853 = EDGE_CURVE ( 'NONE', #4436, #4552, #4156, .T. ) ;
#4854 = DIRECTION ( 'NONE',  ( 8.673617379884035472E-16, -0.000000000000000000, 1.000000000000000000 ) ) ;
#4855 = DIRECTION ( 'NONE',  ( 0.000000000000000000, -1.000000000000000000, 0.000000000000000000 ) ) ;
#4856 = EDGE_LOOP ( 'NONE', ( #6817, #8923, #379, #5124 ) ) ;
#4857 = CARTESIAN_POINT ( 'NONE',  ( -2.299999999999999822, 0.05000000000000000278, -0.6999999999999995115 ) ) ;
#4858 = EDGE_CURVE ( 'NONE', #9060, #1673, #2519, .T. ) ;
#4859 = CARTESIAN_POINT ( 'NONE',  ( 1.375000000000000000, 1.464999999999999858, 0.7099999999999992983 ) ) ;
#4860 = CARTESIAN_POINT ( 'NONE',  ( -2.397500000000000409, 1.464999999999999858, -0.6949999999999993960 ) ) ;
#4861 = DIRECTION ( 'NONE',  ( 0.000000000000000000, 0.000000000000000000, 1.000000000000000000 ) ) ;
#4862 = DIRECTION ( 'NONE',  ( 3.497426362856465737E-17, 0.000000000000000000, -1.000000000000000000 ) ) ;
#4863 = VECTOR ( 'NONE', #5604, 1000.000000000000000 ) ;
#4864 = EDGE_LOOP ( 'NONE', ( #5553, #501, #979, #6369 ) ) ;
#4865 = ADVANCED_FACE ( 'NONE', ( #4844 ), #7051, .F. ) ;
#4866 = CYLINDRICAL_SURFACE ( 'NONE', #167, 0.2499999999999999445 ) ;
#4867 = EDGE_CURVE ( 'NONE', #2251, #8014, #271, .T. ) ;
#4868 = LINE ( 'NONE', #7892, #6852 ) ;
#4869 = FACE_OUTER_BOUND ( 'NONE', #2786, .T. ) ;
#4870 = VECTOR ( 'NONE', #4514, 1000.000000000000000 ) ;
#4871 = VECTOR ( 'NONE', #3979, 1000.000000000000000 ) ;
#4872 = EDGE_CURVE ( 'NONE', #6441, #849, #6365, .T. ) ;
#4873 = EDGE_CURVE ( 'NONE', #8970, #7312, #1787, .T. ) ;
#4874 = DIRECTION ( 'NONE',  ( -1.000000000000000000, 0.000000000000000000, 0.000000000000000000 ) ) ;
#4875 = ORIENTED_EDGE ( 'NONE', *, *, #3267, .T. ) ;
#4876 = DIRECTION ( 'NONE',  ( -0.000000000000000000, 1.000000000000000000, 0.000000000000000000 ) ) ;
#4877 = ORIENTED_EDGE ( 'NONE', *, *, #2773, .F. ) ;
#4878 = FACE_OUTER_BOUND ( 'NONE', #6567, .T. ) ;
#4879 = DIRECTION ( 'NONE',  ( 0.000000000000000000, -1.000000000000000000, 0.000000000000000000 ) ) ;
#4880 = SURFACE_STYLE_FILL_AREA ( #402 ) ;
#4881 = CARTESIAN_POINT ( 'NONE',  ( -1.749999999999978462, 0.05000000000000000278, -0.7999999999999997113 ) ) ;
#4882 = DIRECTION ( 'NONE',  ( -8.673617379884035472E-16, 0.000000000000000000, -1.000000000000000000 ) ) ;
#4883 = DIRECTION ( 'NONE',  ( -4.336808689942017736E-16, 0.000000000000000000, 1.000000000000000000 ) ) ;
#4884 = CARTESIAN_POINT ( 'NONE',  ( 1.250000000000021094, 0.000000000000000000, -0.7999999999999997113 ) ) ;
#4885 = DIRECTION ( 'NONE',  ( 0.000000000000000000, -1.000000000000000000, 0.000000000000000000 ) ) ;
#4886 = ORIENTED_EDGE ( 'NONE', *, *, #5399, .F. ) ;
#4887 = CARTESIAN_POINT ( 'NONE',  ( -0.2500000000000002220, 0.05000000000000000278, 0.8000000000000003775 ) ) ;
#4888 = ORIENTED_EDGE ( 'NONE', *, *, #3380, .T. ) ;
#4889 = CARTESIAN_POINT ( 'NONE',  ( -0.5000000000000004441, 0.05000000000000000278, 1.300000000000000266 ) ) ;
#4890 = EDGE_LOOP ( 'NONE', ( #1536, #298, #9013, #9101 ) ) ;
#4891 = ORIENTED_EDGE ( 'NONE', *, *, #6376, .F. ) ;
#4892 = AXIS2_PLACEMENT_3D ( 'NONE', #770, #2906, #9041 ) ;
#4893 = AXIS2_PLACEMENT_3D ( 'NONE', #789, #393, #4038 ) ;
#4894 = LINE ( 'NONE', #1874, #8956 ) ;
#4895 = CARTESIAN_POINT ( 'NONE',  ( 1.849999999999999867, 1.500000000000000000, 1.479999999999999760 ) ) ;
#4896 = CARTESIAN_POINT ( 'NONE',  ( -2.500000000000000444, 0.05000000000000000278, 0.8000000000000003775 ) ) ;
#4897 = ORIENTED_EDGE ( 'NONE', *, *, #8258, .T. ) ;
#4898 = ORIENTED_EDGE ( 'NONE', *, *, #465, .T. ) ;
#4899 = DIRECTION ( 'NONE',  ( 1.000000000000000000, 0.000000000000000000, -8.673617379884035472E-16 ) ) ;
#4900 = EDGE_LOOP ( 'NONE', ( #924, #5441, #7942, #6649 ) ) ;
#4901 = CARTESIAN_POINT ( 'NONE',  ( -0.6050000000000004263, 1.464999999999999636, -0.4500000000000003997 ) ) ;
#4902 = VERTEX_POINT ( 'NONE', #4677 ) ;
#4903 = AXIS2_PLACEMENT_3D ( 'NONE', #7970, #6505, #1870 ) ;
#4904 = CARTESIAN_POINT ( 'NONE',  ( -2.362499999999999822, 1.464999999999999858, -0.6949999999999993960 ) ) ;
#4905 = ADVANCED_FACE ( 'NONE', ( #5318 ), #209, .T. ) ;
#4906 = DIRECTION ( 'NONE',  ( 1.000000000000000000, 0.000000000000000000, 0.000000000000000000 ) ) ;
#4907 = DIRECTION ( 'NONE',  ( 0.000000000000000000, 0.000000000000000000, 1.000000000000000000 ) ) ;
#4908 = CARTESIAN_POINT ( 'NONE',  ( 1.750000000000021094, 0.000000000000000000, -0.7999999999999994893 ) ) ;
#4909 = ORIENTED_EDGE ( 'NONE', *, *, #5045, .T. ) ;
#4910 = DIRECTION ( 'NONE',  ( -4.336808689942017736E-16, 0.000000000000000000, 1.000000000000000000 ) ) ;
#4911 = EDGE_CURVE ( 'NONE', #6536, #3375, #4528, .T. ) ;
#4912 = VECTOR ( 'NONE', #578, 1000.000000000000000 ) ;
#4913 = DIRECTION ( 'NONE',  ( 1.000000000000000000, 7.026196345254700635E-15, 0.000000000000000000 ) ) ;
#4914 = CARTESIAN_POINT ( 'NONE',  ( -3.102500000000000036, 1.439999999999999947, -1.434999999999999165 ) ) ;
#4915 = APPLICATION_PROTOCOL_DEFINITION ( 'draft international standard', 'automotive_design', 1998, #3777 ) ;
#4916 = DIRECTION ( 'NONE',  ( -0.000000000000000000, 1.000000000000000000, -0.000000000000000000 ) ) ;
#4917 = EDGE_CURVE ( 'NONE', #2279, #2753, #6888, .T. ) ;
#4918 = EDGE_CURVE ( 'NONE', #1300, #1702, #9114, .T. ) ;
#4919 = LINE ( 'NONE', #2728, #4221 ) ;
#4920 = VECTOR ( 'NONE', #6600, 1000.000000000000000 ) ;
#4921 = AXIS2_PLACEMENT_3D ( 'NONE', #4109, #371, #3419 ) ;
#4922 = DIRECTION ( 'NONE',  ( 0.000000000000000000, 1.000000000000000000, 0.000000000000000000 ) ) ;
#4923 = ORIENTED_EDGE ( 'NONE', *, *, #3464, .F. ) ;
#4924 = CYLINDRICAL_SURFACE ( 'NONE', #1215, 0.03500000000000009354 ) ;
#4925 = ORIENTED_EDGE ( 'NONE', *, *, #3609, .T. ) ;
#4926 = DIRECTION ( 'NONE',  ( 0.000000000000000000, 0.000000000000000000, 1.000000000000000000 ) ) ;
#4927 = DIRECTION ( 'NONE',  ( 1.000000000000000000, 0.000000000000000000, -8.673617379884035472E-16 ) ) ;
#4928 = DIRECTION ( 'NONE',  ( 2.125036258071585661E-13, 0.000000000000000000, -1.000000000000000000 ) ) ;
#4929 = EDGE_CURVE ( 'NONE', #8606, #1971, #7627, .T. ) ;
#4930 = EDGE_CURVE ( 'NONE', #739, #7630, #3278, .T. ) ;
#4931 = AXIS2_PLACEMENT_3D ( 'NONE', #7545, #8941, #4598 ) ;
#4932 = DIRECTION ( 'NONE',  ( -0.000000000000000000, -0.000000000000000000, 1.000000000000000000 ) ) ;
#4933 = DIRECTION ( 'NONE',  ( 0.000000000000000000, -1.000000000000000000, 0.000000000000000000 ) ) ;
#4934 = CYLINDRICAL_SURFACE ( 'NONE', #5075, 0.03500000000000009354 ) ;
#4935 = CARTESIAN_POINT ( 'NONE',  ( 1.158000000000000140, 0.05000000000000000278, -0.5999999999999998668 ) ) ;
#4936 = ORIENTED_EDGE ( 'NONE', *, *, #3838, .T. ) ;
#4937 = VECTOR ( 'NONE', #2980, 1000.000000000000000 ) ;
#4938 = VERTEX_POINT ( 'NONE', #840 ) ;
#4939 = EDGE_CURVE ( 'NONE', #8014, #7088, #3173, .T. ) ;
#4940 = LINE ( 'NONE', #3461, #9398 ) ;
#4941 = ORIENTED_EDGE ( 'NONE', *, *, #2306, .F. ) ;
#4942 = ORIENTED_EDGE ( 'NONE', *, *, #5473, .F. ) ;
#4943 = VECTOR ( 'NONE', #2745, 1000.000000000000000 ) ;
#4944 = CARTESIAN_POINT ( 'NONE',  ( -2.900000000000000355, 0.05000000000000000278, -0.2499999999999997780 ) ) ;
#4945 = VERTEX_POINT ( 'NONE', #3796 ) ;
#4946 = ORIENTED_EDGE ( 'NONE', *, *, #3121, .F. ) ;
#4947 = CARTESIAN_POINT ( 'NONE',  ( 1.949999999999999956, 0.000000000000000000, -1.414999999999999813 ) ) ;
#4948 = ORIENTED_EDGE ( 'NONE', *, *, #9135, .F. ) ;
#4949 = VECTOR ( 'NONE', #4206, 1000.000000000000000 ) ;
#4950 = LINE ( 'NONE', #4112, #2576 ) ;
#4951 = DIRECTION ( 'NONE',  ( -0.000000000000000000, 0.000000000000000000, 1.000000000000000000 ) ) ;
#4952 = ORIENTED_EDGE ( 'NONE', *, *, #828, .T. ) ;
#4953 = PLANE ( 'NONE',  #7544 ) ;
#4954 = FACE_OUTER_BOUND ( 'NONE', #136, .T. ) ;
#4955 = LINE ( 'NONE', #5097, #5862 ) ;
#4956 = CARTESIAN_POINT ( 'NONE',  ( 2.020000000000000462, 1.324999999999999956, 0.4999999999999997780 ) ) ;
#4957 = PLANE ( 'NONE',  #1397 ) ;
#4958 = ORIENTED_EDGE ( 'NONE', *, *, #6122, .T. ) ;
#4959 = ORIENTED_EDGE ( 'NONE', *, *, #4431, .T. ) ;
#4960 = PLANE ( 'NONE',  #7803 ) ;
#4961 = DIRECTION ( 'NONE',  ( -1.000000000000000000, 0.000000000000000000, 0.000000000000000000 ) ) ;
#4962 = EDGE_CURVE ( 'NONE', #1393, #4172, #305, .T. ) ;
#4963 = CIRCLE ( 'NONE', #776, 0.03500000000000009354 ) ;
#4964 = CARTESIAN_POINT ( 'NONE',  ( 0.4341322026734634187, 1.164999999999999813, -0.4500000000000003997 ) ) ;
#4965 = VERTEX_POINT ( 'NONE', #8971 ) ;
#4966 = CARTESIAN_POINT ( 'NONE',  ( -1.249999999999978462, 0.05000000000000000278, -0.7999999999999994893 ) ) ;
#4967 = VERTEX_POINT ( 'NONE', #6798 ) ;
#4968 = EDGE_LOOP ( 'NONE', ( #7603, #1591, #4719, #903 ) ) ;
#4969 = CARTESIAN_POINT ( 'NONE',  ( -2.299999999999999822, 0.05000000000000000278, -0.6999999999999995115 ) ) ;
#4970 = LINE ( 'NONE', #7128, #4442 ) ;
#4971 = EDGE_CURVE ( 'NONE', #3416, #6068, #1813, .T. ) ;
#4972 = STYLED_ITEM ( 'NONE', ( #5558 ), #4041 ) ;
#4973 = CARTESIAN_POINT ( 'NONE',  ( -1.947499999999999565, 1.500000000000000000, 0.4175000000000001488 ) ) ;
#4974 = EDGE_CURVE ( 'NONE', #1435, #3433, #6844, .T. ) ;
#4975 = FACE_BOUND ( 'NONE', #7505, .T. ) ;
#4976 = CARTESIAN_POINT ( 'NONE',  ( -2.362499999999999822, 1.439999999999999947, -0.6949999999999993960 ) ) ;
#4977 = EDGE_CURVE ( 'NONE', #3589, #8283, #3218, .T. ) ;
#4978 = DIRECTION ( 'NONE',  ( -1.000000000000000000, 0.000000000000000000, 0.000000000000000000 ) ) ;
#4979 = CARTESIAN_POINT ( 'NONE',  ( -2.397499999999999520, 1.439999999999999947, -0.6599999999999995870 ) ) ;
#4980 = VECTOR ( 'NONE', #11, 1000.000000000000000 ) ;
#4981 = ORIENTED_EDGE ( 'NONE', *, *, #5871, .F. ) ;
#4982 = ORIENTED_EDGE ( 'NONE', *, *, #2667, .F. ) ;
#4983 = CYLINDRICAL_SURFACE ( 'NONE', #8215, 0.03500000000000009354 ) ;
#4984 = EDGE_CURVE ( 'NONE', #2994, #5086, #3075, .T. ) ;
#4985 = CARTESIAN_POINT ( 'NONE',  ( 0.2500000000000214828, 0.000000000000000000, -0.7999999999999994893 ) ) ;
#4986 = EDGE_LOOP ( 'NONE', ( #976, #276, #3149, #8018 ) ) ;
#4987 = EDGE_CURVE ( 'NONE', #9174, #9423, #992, .T. ) ;
#4988 = EDGE_LOOP ( 'NONE', ( #8648, #783, #6585, #171 ) ) ;
#4989 = VECTOR ( 'NONE', #7419, 1000.000000000000000 ) ;
#4990 = PRESENTATION_LAYER_ASSIGNMENT (  '', '', ( #6402 ) ) ;
#4991 = EDGE_CURVE ( 'NONE', #2066, #3110, #2405, .T. ) ;
#4992 = ADVANCED_FACE ( 'NONE', ( #258 ), #1621, .T. ) ;
#4993 = ORIENTED_EDGE ( 'NONE', *, *, #3067, .F. ) ;
#4994 = EDGE_LOOP ( 'NONE', ( #7231, #7361, #1618, #2911 ) ) ;
#4995 = CARTESIAN_POINT ( 'NONE',  ( -0.2500000000000002220, 0.000000000000000000, 1.414999999999999813 ) ) ;
#4996 = AXIS2_PLACEMENT_3D ( 'NONE', #845, #3666, #2886 ) ;
#4997 = VECTOR ( 'NONE', #9466, 1000.000000000000000 ) ;
#4998 = ORIENTED_EDGE ( 'NONE', *, *, #7301, .F. ) ;
#4999 = LINE ( 'NONE', #2070, #86 ) ;
#5000 = CARTESIAN_POINT ( 'NONE',  ( 2.499999999999999556, 0.05000000000000000278, 0.8000000000000003775 ) ) ;
#5001 = EDGE_LOOP ( 'NONE', ( #3104, #8516, #4069, #6723 ) ) ;
#5002 = PLANE ( 'NONE',  #3350 ) ;
#5003 = VECTOR ( 'NONE', #3891, 1000.000000000000000 ) ;
#5004 = AXIS2_PLACEMENT_3D ( 'NONE', #1586, #4638, #174 ) ;
#5005 = DIRECTION ( 'NONE',  ( -8.673617379884035472E-16, 0.000000000000000000, -1.000000000000000000 ) ) ;
#5006 = CARTESIAN_POINT ( 'NONE',  ( -2.299999999999999822, 0.05000000000000000278, -0.7999999999999997113 ) ) ;
#5007 = CARTESIAN_POINT ( 'NONE',  ( 1.814999999999999725, 0.2000000000000000944, -1.449999999999999734 ) ) ;
#5008 = DIRECTION ( 'NONE',  ( 0.000000000000000000, 0.000000000000000000, 1.000000000000000000 ) ) ;
#5009 = DIRECTION ( 'NONE',  ( 1.000000000000000000, 0.000000000000000000, 4.336808689942017736E-16 ) ) ;
#5010 = ORIENTED_EDGE ( 'NONE', *, *, #7314, .T. ) ;
#5011 = VERTEX_POINT ( 'NONE', #7577 ) ;
#5012 = VECTOR ( 'NONE', #1974, 1000.000000000000000 ) ;
#5013 = LINE ( 'NONE', #9425, #5451 ) ;
#5014 = LINE ( 'NONE', #6436, #2692 ) ;
#5015 = DIRECTION ( 'NONE',  ( 0.000000000000000000, 1.000000000000000000, 0.000000000000000000 ) ) ;
#5016 = CARTESIAN_POINT ( 'NONE',  ( -1.000000000000000444, 0.05000000000000000278, 1.300000000000000266 ) ) ;
#5017 = ORIENTED_EDGE ( 'NONE', *, *, #4549, .T. ) ;
#5018 = EDGE_LOOP ( 'NONE', ( #8672, #313, #5208, #5782 ) ) ;
#5019 = ORIENTED_EDGE ( 'NONE', *, *, #9609, .F. ) ;
#5020 = CARTESIAN_POINT ( 'NONE',  ( -1.157999999999999696, 0.05000000000000000278, -0.5999999999999998668 ) ) ;
#5021 = DIRECTION ( 'NONE',  ( 1.000000000000000000, 0.000000000000000000, 0.000000000000000000 ) ) ;
#5022 = CARTESIAN_POINT ( 'NONE',  ( -2.000000000000000444, 0.000000000000000000, 1.414999999999999813 ) ) ;
#5023 = LINE ( 'NONE', #1334, #6410 ) ;
#5024 = ADVANCED_FACE ( 'NONE', ( #890 ), #160, .F. ) ;
#5025 = CARTESIAN_POINT ( 'NONE',  ( -1.850000000000000089, 0.2000000000000000944, 1.479999999999999760 ) ) ;
#5026 = DIRECTION ( 'NONE',  ( 0.000000000000000000, 0.000000000000000000, -1.000000000000000000 ) ) ;
#5027 = ORIENTED_EDGE ( 'NONE', *, *, #9388, .F. ) ;
#5028 = CARTESIAN_POINT ( 'NONE',  ( -0.9999999999999785727, 0.05000000000000000278, -0.7999999999999997113 ) ) ;
#5029 = ORIENTED_EDGE ( 'NONE', *, *, #1888, .F. ) ;
#5030 = DIRECTION ( 'NONE',  ( 1.000000000000000000, 0.000000000000000000, 0.000000000000000000 ) ) ;
#5031 = CARTESIAN_POINT ( 'NONE',  ( -0.5000000000000004441, 0.05000000000000000278, 1.300000000000000266 ) ) ;
#5032 = ORIENTED_EDGE ( 'NONE', *, *, #655, .F. ) ;
#5033 = EDGE_CURVE ( 'NONE', #6329, #6226, #1142, .T. ) ;
#5034 = CARTESIAN_POINT ( 'NONE',  ( -1.462500000000000577, 1.500000000000000000, -0.2174999999999998601 ) ) ;
#5035 = EDGE_CURVE ( 'NONE', #3433, #8646, #1287, .T. ) ;
#5036 = DIRECTION ( 'NONE',  ( 0.000000000000000000, 0.000000000000000000, 1.000000000000000000 ) ) ;
#5037 = ADVANCED_FACE ( 'NONE', ( #7225 ), #3322, .T. ) ;
#5038 = ORIENTED_EDGE ( 'NONE', *, *, #1594, .T. ) ;
#5039 = ORIENTED_EDGE ( 'NONE', *, *, #5523, .F. ) ;
#5040 = CARTESIAN_POINT ( 'NONE',  ( -3.102500000000000036, 1.439999999999999947, -1.399999999999999245 ) ) ;
#5041 = VERTEX_POINT ( 'NONE', #6395 ) ;
#5042 = AXIS2_PLACEMENT_3D ( 'NONE', #8217, #8126, #9562 ) ;
#5043 = DIRECTION ( 'NONE',  ( 0.000000000000000000, 0.000000000000000000, 1.000000000000000000 ) ) ;
#5044 = LINE ( 'NONE', #669, #1741 ) ;
#5045 = EDGE_CURVE ( 'NONE', #7310, #4240, #4970, .T. ) ;
#5046 = VERTEX_POINT ( 'NONE', #8489 ) ;
#5047 = ADVANCED_FACE ( 'NONE', ( #4243 ), #5610, .F. ) ;
#5048 = CARTESIAN_POINT ( 'NONE',  ( -1.704999999999999849, 1.350000000000000089, -0.1499999999999998002 ) ) ;
#5049 = UNCERTAINTY_MEASURE_WITH_UNIT (LENGTH_MEASURE( 1.000000000000000082E-05 ), #3937, 'distance_accuracy_value', 'NONE');
#5050 = DIRECTION ( 'NONE',  ( -1.000000000000000000, 0.000000000000000000, -0.000000000000000000 ) ) ;
#5051 = PLANE ( 'NONE',  #192 ) ;
#5052 = LINE ( 'NONE', #3001, #2354 ) ;
#5053 = ORIENTED_EDGE ( 'NONE', *, *, #269, .F. ) ;
#5054 = DIRECTION ( 'NONE',  ( 0.000000000000000000, 0.000000000000000000, -1.000000000000000000 ) ) ;
#5055 = ORIENTED_EDGE ( 'NONE', *, *, #2772, .T. ) ;
#5056 = VECTOR ( 'NONE', #1004, 1000.000000000000000 ) ;
#5057 = DIRECTION ( 'NONE',  ( 0.000000000000000000, -1.000000000000000000, 0.000000000000000000 ) ) ;
#5058 = LINE ( 'NONE', #4330, #6086 ) ;
#5059 = ORIENTED_EDGE ( 'NONE', *, *, #3079, .T. ) ;
#5060 = AXIS2_PLACEMENT_3D ( 'NONE', #5006, #8264, #2276 ) ;
#5061 = DIRECTION ( 'NONE',  ( -1.000000000000000000, 0.000000000000000000, -0.000000000000000000 ) ) ;
#5062 = ORIENTED_EDGE ( 'NONE', *, *, #8203, .T. ) ;
#5063 = VECTOR ( 'NONE', #1214, 1000.000000000000000 ) ;
#5064 = LINE ( 'NONE', #8053, #6970 ) ;
#5065 = VERTEX_POINT ( 'NONE', #7035 ) ;
#5066 = EDGE_LOOP ( 'NONE', ( #1928, #5990, #9569, #5753 ) ) ;
#5067 = LINE ( 'NONE', #6035, #4595 ) ;
#5068 = VECTOR ( 'NONE', #7477, 1000.000000000000000 ) ;
#5069 = CIRCLE ( 'NONE', #7581, 0.02040446486006950930 ) ;
#5070 = CARTESIAN_POINT ( 'NONE',  ( 3.100000000000000533, 0.000000000000000000, 1.414999999999999813 ) ) ;
#5071 = CARTESIAN_POINT ( 'NONE',  ( 2.400000000000001243, 0.000000000000000000, 0.2500000000000017208 ) ) ;
#5072 = VERTEX_POINT ( 'NONE', #357 ) ;
#5073 = ORIENTED_EDGE ( 'NONE', *, *, #7444, .F. ) ;
#5074 = CARTESIAN_POINT ( 'NONE',  ( 1.945000000000000062, 1.324999999999999956, 0.4249999999999998224 ) ) ;
#5075 = AXIS2_PLACEMENT_3D ( 'NONE', #459, #5813, #1293 ) ;
#5076 = DIRECTION ( 'NONE',  ( -0.000000000000000000, -1.000000000000000000, -0.000000000000000000 ) ) ;
#5077 = ORIENTED_EDGE ( 'NONE', *, *, #9525, .F. ) ;
#5078 = DIRECTION ( 'NONE',  ( 0.000000000000000000, 0.000000000000000000, -1.000000000000000000 ) ) ;
#5079 = EDGE_CURVE ( 'NONE', #6301, #8, #5069, .T. ) ;
#5080 = FACE_OUTER_BOUND ( 'NONE', #4398, .T. ) ;
#5081 = PLANE ( 'NONE',  #5620 ) ;
#5082 = VECTOR ( 'NONE', #1054, 1000.000000000000000 ) ;
#5083 = DIRECTION ( 'NONE',  ( 0.000000000000000000, 0.000000000000000000, 1.000000000000000000 ) ) ;
#5084 = CARTESIAN_POINT ( 'NONE',  ( 2.695000000000000284, 1.350000000000000089, -0.2249999999999997558 ) ) ;
#5085 = EDGE_LOOP ( 'NONE', ( #4200, #7345, #2069, #6357 ) ) ;
#5086 = VERTEX_POINT ( 'NONE', #9257 ) ;
#5087 = DIRECTION ( 'NONE',  ( 1.000000000000000000, 0.000000000000000000, -8.673617379884035472E-16 ) ) ;
#5088 = CARTESIAN_POINT ( 'NONE',  ( -1.850000000000000089, 0.2000000000000000944, 0.000000000000000000 ) ) ;
#5089 = VERTEX_POINT ( 'NONE', #1864 ) ;
#5090 = FACE_OUTER_BOUND ( 'NONE', #326, .T. ) ;
#5091 = ORIENTED_EDGE ( 'NONE', *, *, #5750, .T. ) ;
#5092 = VECTOR ( 'NONE', #2968, 1000.000000000000000 ) ;
#5093 = EDGE_CURVE ( 'NONE', #5046, #1138, #7813, .T. ) ;
#5094 = EDGE_CURVE ( 'NONE', #5137, #1055, #1232, .T. ) ;
#5095 = LINE ( 'NONE', #8080, #5823 ) ;
#5096 = PLANE ( 'NONE',  #8313 ) ;
#5097 = CARTESIAN_POINT ( 'NONE',  ( -2.299999999999999822, 0.05000000000000000278, -0.7999999999999997113 ) ) ;
#5098 = CARTESIAN_POINT ( 'NONE',  ( -1.249999999999978462, 0.05000000000000000278, -1.414999999999999813 ) ) ;
#5099 = EDGE_CURVE ( 'NONE', #9617, #5201, #6081, .T. ) ;
#5100 = EDGE_CURVE ( 'NONE', #8519, #4938, #8316, .T. ) ;
#5101 = SURFACE_SIDE_STYLE ('',( #624 ) ) ;
#5102 = DIRECTION ( 'NONE',  ( -0.000000000000000000, -1.000000000000000000, -0.000000000000000000 ) ) ;
#5103 = ORIENTED_EDGE ( 'NONE', *, *, #4141, .F. ) ;
#5104 = CARTESIAN_POINT ( 'NONE',  ( 2.000000000000000000, 0.05000000000000000278, 0.8000000000000003775 ) ) ;
#5105 = ORIENTED_EDGE ( 'NONE', *, *, #3664, .T. ) ;
#5106 = ADVANCED_FACE ( 'NONE', ( #8272 ), #6595, .F. ) ;
#5107 = EDGE_CURVE ( 'NONE', #5923, #4705, #4506, .T. ) ;
#5108 = VECTOR ( 'NONE', #5426, 1000.000000000000000 ) ;
#5109 =( NAMED_UNIT ( * ) PLANE_ANGLE_UNIT ( ) SI_UNIT ( $, .RADIAN. ) );
#5110 = PLANE ( 'NONE',  #8578 ) ;
#5111 = ORIENTED_EDGE ( 'NONE', *, *, #3605, .T. ) ;
#5112 = FACE_OUTER_BOUND ( 'NONE', #6224, .T. ) ;
#5113 = ORIENTED_EDGE ( 'NONE', *, *, #756, .T. ) ;
#5114 = ORIENTED_EDGE ( 'NONE', *, *, #2254, .F. ) ;
#5115 = DIRECTION ( 'NONE',  ( -1.000000000000000000, -0.000000000000000000, -0.000000000000000000 ) ) ;
#5116 = CARTESIAN_POINT ( 'NONE',  ( -1.157999999999999696, 0.05000000000000000278, 0.6000000000000000888 ) ) ;
#5117 = FACE_OUTER_BOUND ( 'NONE', #90, .T. ) ;
#5118 = CARTESIAN_POINT ( 'NONE',  ( -2.299999999999999822, 1.500000000000000000, -1.479999999999999760 ) ) ;
#5119 = ORIENTED_EDGE ( 'NONE', *, *, #1135, .F. ) ;
#5120 = CARTESIAN_POINT ( 'NONE',  ( 0.006154384594964134106, 1.449999999999999734, 0.6499999999999996891 ) ) ;
#5121 = ORIENTED_EDGE ( 'NONE', *, *, #2106, .T. ) ;
#5122 = STYLED_ITEM ( 'NONE', ( #4661 ), #3943 ) ;
#5123 = LINE ( 'NONE', #3660, #5371 ) ;
#5124 = ORIENTED_EDGE ( 'NONE', *, *, #5582, .F. ) ;
#5126 = CLOSED_SHELL ( 'NONE', ( #2596, #8557, #3772, #7789, #6051, #3144, #933, #8797, #6465, #2173, #2725, #4688, #3593, #322, #829, #1186, #2544, #339, #3193, #8029, #7473, #5534, #9258, #7076, #2477, #6002, #5287, #3902, #8981, #5894, #4014, #7977, #4556, #694, #2133, #4797, #3788, #5646, #6061, #5037, #281, #2114, #4205, #8914, #3255, #532, #8962, #1844, #7133, #6248, #5819, #1310, #6664, #3672, #9430, #5218, #2046, #4674, #4484, #3127, #4810, #2846, #8630, #4142, #1538, #6886, #3622, #5565, #1001, #2372, #2638, #3966, #6734, #49, #7188, #7845, #1836, #9142, #8915, #2290, #9503, #5162, #7907, #105, #6366, #4022, #1652, #1063, #3201, #8677, #5526, #4682, #6839, #7180, #7833, #5569, #1056, #6891, #9561, #1941 ) ) ;
#5125 = CARTESIAN_POINT ( 'NONE',  ( -2.900000000000000355, 0.05000000000000000278, -0.2499999999999997780 ) ) ;
#5127 = CARTESIAN_POINT ( 'NONE',  ( 3.100000000000000533, 0.1600000000000000033, -1.414999999999999813 ) ) ;
#5128 = CARTESIAN_POINT ( 'NONE',  ( 0.2499999999999992506, 0.05000000000000000278, 0.8000000000000003775 ) ) ;
#5129 = ORIENTED_EDGE ( 'NONE', *, *, #6229, .F. ) ;
#5130 = ORIENTED_EDGE ( 'NONE', *, *, #206, .T. ) ;
#5131 = CARTESIAN_POINT ( 'NONE',  ( 0.000000000000000000, 0.2000000000000000944, -1.514999999999999902 ) ) ;
#5132 = CARTESIAN_POINT ( 'NONE',  ( 0.006154384594964134106, 1.449999999999999734, 0.6499999999999996891 ) ) ;
#5133 = EDGE_LOOP ( 'NONE', ( #8645, #2878, #1998, #3818 ) ) ;
#5134 = CARTESIAN_POINT ( 'NONE',  ( 3.100000000000000533, 0.05000000000000000278, -1.414999999999999813 ) ) ;
#5135 = AXIS2_PLACEMENT_3D ( 'NONE', #4, #7267, #9520 ) ;
#5136 = CARTESIAN_POINT ( 'NONE',  ( 0.8720160946642466770, 1.449999999999999734, -0.4500000000000003997 ) ) ;
#5137 = VERTEX_POINT ( 'NONE', #9527 ) ;
#5138 = VECTOR ( 'NONE', #5360, 1000.000000000000000 ) ;
#5139 = DIRECTION ( 'NONE',  ( -1.000000000000000000, 0.000000000000000000, 0.000000000000000000 ) ) ;
#5140 = LINE ( 'NONE', #5288, #2863 ) ;
#5141 = UNCERTAINTY_MEASURE_WITH_UNIT (LENGTH_MEASURE( 1.000000000000000082E-05 ), #414, 'distance_accuracy_value', 'NONE');
#5142 = DIRECTION ( 'NONE',  ( 0.000000000000000000, 0.000000000000000000, -1.000000000000000000 ) ) ;
#5143 = AXIS2_PLACEMENT_3D ( 'NONE', #2783, #4883, #4100 ) ;
#5144 = DIRECTION ( 'NONE',  ( 1.000000000000000000, -0.000000000000000000, -0.000000000000000000 ) ) ;
#5145 = CIRCLE ( 'NONE', #5461, 0.2499999999999999445 ) ;
#5146 = FILL_AREA_STYLE ('',( #7307 ) ) ;
#5147 = ORIENTED_EDGE ( 'NONE', *, *, #768, .F. ) ;
#5148 = EDGE_CURVE ( 'NONE', #9460, #4042, #2872, .T. ) ;
#5149 = CARTESIAN_POINT ( 'NONE',  ( -1.704999999999999849, 1.324999999999999956, 0.1000000000000001582 ) ) ;
#5150 = VERTEX_POINT ( 'NONE', #9048 ) ;
#5151 = CARTESIAN_POINT ( 'NONE',  ( 0.5000000000000213163, 0.000000000000000000, -0.7999999999999997113 ) ) ;
#5152 = EDGE_LOOP ( 'NONE', ( #3410, #3298, #8346, #8708 ) ) ;
#5153 = VECTOR ( 'NONE', #1617, 1000.000000000000000 ) ;
#5154 = EDGE_CURVE ( 'NONE', #5279, #8519, #2383, .T. ) ;
#5155 =( GEOMETRIC_REPRESENTATION_CONTEXT ( 3 ) GLOBAL_UNCERTAINTY_ASSIGNED_CONTEXT ( ( #6621 ) ) GLOBAL_UNIT_ASSIGNED_CONTEXT ( ( #6573, #8078, #4355 ) ) REPRESENTATION_CONTEXT ( 'NONE', 'WORKASPACE' ) );
#5156 = CARTESIAN_POINT ( 'NONE',  ( 1.885000000000000009, 1.500000000000000000, 1.514999999999999902 ) ) ;
#5157 = DIRECTION ( 'NONE',  ( 0.000000000000000000, 0.000000000000000000, -1.000000000000000000 ) ) ;
#5158 = VERTEX_POINT ( 'NONE', #7601 ) ;
#5159 = EDGE_CURVE ( 'NONE', #5895, #1927, #5067, .T. ) ;
#5160 = PLANE ( 'NONE',  #370 ) ;
#5161 = CIRCLE ( 'NONE', #3914, 0.07499999999999998335 ) ;
#5162 = ADVANCED_FACE ( 'NONE', ( #3499 ), #596, .F. ) ;
#5163 = VERTEX_POINT ( 'NONE', #820 ) ;
#5164 = CARTESIAN_POINT ( 'NONE',  ( -3.102500000000000036, 1.464999999999999858, -0.6949999999999993960 ) ) ;
#5165 = EDGE_LOOP ( 'NONE', ( #8441, #7700, #294, #4009 ) ) ;
#5166 = LINE ( 'NONE', #740, #6699 ) ;
#5167 = EDGE_CURVE ( 'NONE', #6460, #8075, #9438, .T. ) ;
#5168 = EDGE_CURVE ( 'NONE', #1764, #3587, #5226, .T. ) ;
#5169 = CARTESIAN_POINT ( 'NONE',  ( 1.885000000000000009, 1.464999999999999858, 1.514999999999999902 ) ) ;
#5170 = LINE ( 'NONE', #2398, #6152 ) ;
#5171 = DIRECTION ( 'NONE',  ( 1.000000000000000000, 0.000000000000000000, 5.973565688625369584E-17 ) ) ;
#5172 = DIRECTION ( 'NONE',  ( 1.000000000000000000, 0.000000000000000000, 4.336808689942017736E-16 ) ) ;
#5173 = DIRECTION ( 'NONE',  ( 1.000000000000000000, -0.000000000000000000, 0.000000000000000000 ) ) ;
#5174 = ORIENTED_EDGE ( 'NONE', *, *, #7852, .T. ) ;
#5175 = LINE ( 'NONE', #4435, #4937 ) ;
#5176 = ORIENTED_EDGE ( 'NONE', *, *, #6364, .T. ) ;
#5177 = VECTOR ( 'NONE', #6116, 1000.000000000000000 ) ;
#5178 = DIRECTION ( 'NONE',  ( 0.000000000000000000, -1.000000000000000000, 0.000000000000000000 ) ) ;
#5179 = DIRECTION ( 'NONE',  ( 1.000000000000000000, -0.000000000000000000, 3.497426362856465737E-17 ) ) ;
#5180 = ORIENTED_EDGE ( 'NONE', *, *, #648, .F. ) ;
#5181 = CARTESIAN_POINT ( 'NONE',  ( -0.2500000000000002220, 0.05000000000000000278, 0.8000000000000003775 ) ) ;
#5182 = CARTESIAN_POINT ( 'NONE',  ( -1.000000000000000444, 0.000000000000000000, 0.8000000000000003775 ) ) ;
#5183 = DIRECTION ( 'NONE',  ( -0.000000000000000000, -1.000000000000000000, 0.000000000000000000 ) ) ;
#5184 = ORIENTED_EDGE ( 'NONE', *, *, #1009, .T. ) ;
#5185 = ORIENTED_EDGE ( 'NONE', *, *, #5693, .F. ) ;
#5186 = DIRECTION ( 'NONE',  ( -0.000000000000000000, -1.000000000000000000, -0.000000000000000000 ) ) ;
#5187 = ORIENTED_EDGE ( 'NONE', *, *, #1896, .F. ) ;
#5188 = CARTESIAN_POINT ( 'NONE',  ( 0.000000000000000000, 0.05000000000000000278, 0.000000000000000000 ) ) ;
#5189 = DIRECTION ( 'NONE',  ( -0.000000000000000000, -0.000000000000000000, 1.000000000000000000 ) ) ;
#5190 = ORIENTED_EDGE ( 'NONE', *, *, #4015, .F. ) ;
#5191 = CARTESIAN_POINT ( 'NONE',  ( 1.250000000000021094, 0.000000000000000000, -0.7999999999999997113 ) ) ;
#5192 = CARTESIAN_POINT ( 'NONE',  ( -3.100000000000000533, 0.2000000000000000944, -1.414999999999999813 ) ) ;
#5193 = LINE ( 'NONE', #8218, #2273 ) ;
#5194 = AXIS2_PLACEMENT_3D ( 'NONE', #2434, #868, #6777 ) ;
#5195 = DIRECTION ( 'NONE',  ( 8.673617379884035472E-16, -0.000000000000000000, 1.000000000000000000 ) ) ;
#5196 = ORIENTED_EDGE ( 'NONE', *, *, #6528, .T. ) ;
#5197 = DIRECTION ( 'NONE',  ( 0.000000000000000000, -0.000000000000000000, -1.000000000000000000 ) ) ;
#5198 = VECTOR ( 'NONE', #9085, 1000.000000000000000 ) ;
#5199 = EDGE_LOOP ( 'NONE', ( #2600, #3769, #7727, #5743 ) ) ;
#5200 = FACE_OUTER_BOUND ( 'NONE', #8045, .T. ) ;
#5201 = VERTEX_POINT ( 'NONE', #2327 ) ;
#5202 = AXIS2_PLACEMENT_3D ( 'NONE', #7641, #3764, #3092 ) ;
#5203 = LINE ( 'NONE', #5156, #5654 ) ;
#5204 = DIRECTION ( 'NONE',  ( -1.000000000000000000, -0.000000000000000000, -4.336808689942017736E-16 ) ) ;
#5205 = ORIENTED_EDGE ( 'NONE', *, *, #351, .T. ) ;
#5206 = DIRECTION ( 'NONE',  ( -1.000000000000000000, 0.000000000000000000, 0.000000000000000000 ) ) ;
#5207 = EDGE_CURVE ( 'NONE', #6658, #2834, #7786, .T. ) ;
#5208 = ORIENTED_EDGE ( 'NONE', *, *, #1990, .T. ) ;
#5209 = DIRECTION ( 'NONE',  ( 0.000000000000000000, 0.000000000000000000, -1.000000000000000000 ) ) ;
#5210 = CARTESIAN_POINT ( 'NONE',  ( -0.4999999999999787392, 0.05000000000000000278, -1.414999999999999813 ) ) ;
#5211 = VECTOR ( 'NONE', #7741, 1000.000000000000000 ) ;
#5212 = ORIENTED_EDGE ( 'NONE', *, *, #1174, .F. ) ;
#5213 = LINE ( 'NONE', #8191, #8893 ) ;
#5214 = ADVANCED_FACE ( 'NONE', ( #4703 ), #1885, .T. ) ;
#5215 = EDGE_CURVE ( 'NONE', #907, #8075, #9282, .T. ) ;
#5216 = DIRECTION ( 'NONE',  ( 0.000000000000000000, 1.000000000000000000, 0.000000000000000000 ) ) ;
#5217 = AXIS2_PLACEMENT_3D ( 'NONE', #7036, #3257, #4813 ) ;
#5218 = ADVANCED_FACE ( 'NONE', ( #7650 ), #377, .F. ) ;
#5219 = ORIENTED_EDGE ( 'NONE', *, *, #7369, .T. ) ;
#5220 = EDGE_CURVE ( 'NONE', #2318, #4436, #7005, .T. ) ;
#5221 = SURFACE_SIDE_STYLE ('',( #3750 ) ) ;
#5222 = ORIENTED_EDGE ( 'NONE', *, *, #7118, .F. ) ;
#5223 = DIRECTION ( 'NONE',  ( -1.000000000000000000, 0.000000000000000000, 0.000000000000000000 ) ) ;
#5224 = VERTEX_POINT ( 'NONE', #6227 ) ;
#5225 = AXIS2_PLACEMENT_3D ( 'NONE', #8604, #7979, #609 ) ;
#5226 = CIRCLE ( 'NONE', #1039, 0.03499999999999987843 ) ;
#5227 = EDGE_CURVE ( 'NONE', #3552, #8154, #2527, .T. ) ;
#5228 = DIRECTION ( 'NONE',  ( -0.000000000000000000, -1.000000000000000000, -0.000000000000000000 ) ) ;
#5229 = PLANE ( 'NONE',  #495 ) ;
#5230 = CARTESIAN_POINT ( 'NONE',  ( 1.249999999999999334, 0.000000000000000000, -1.414999999999999369 ) ) ;
#5231 = DIRECTION ( 'NONE',  ( -1.000000000000000000, 0.000000000000000000, -0.000000000000000000 ) ) ;
#5232 = ORIENTED_EDGE ( 'NONE', *, *, #5215, .T. ) ;
#5233 = VECTOR ( 'NONE', #216, 1000.000000000000000 ) ;
#5234 = ORIENTED_EDGE ( 'NONE', *, *, #280, .F. ) ;
#5235 = VECTOR ( 'NONE', #7638, 1000.000000000000000 ) ;
#5236 = DIRECTION ( 'NONE',  ( 0.000000000000000000, 0.000000000000000000, 1.000000000000000000 ) ) ;
#5237 = DIRECTION ( 'NONE',  ( 1.000000000000000000, 0.000000000000000000, -8.673617379884035472E-16 ) ) ;
#5238 = FACE_OUTER_BOUND ( 'NONE', #2981, .T. ) ;
#5239 = PRESENTATION_STYLE_ASSIGNMENT (( #2993 ) ) ;
#5240 = ORIENTED_EDGE ( 'NONE', *, *, #8311, .T. ) ;
#5241 = VECTOR ( 'NONE', #1024, 1000.000000000000000 ) ;
#5242 = LINE ( 'NONE', #5286, #2274 ) ;
#5243 = PLANE ( 'NONE',  #7244 ) ;
#5244 = UNCERTAINTY_MEASURE_WITH_UNIT (LENGTH_MEASURE( 1.000000000000000082E-05 ), #178, 'distance_accuracy_value', 'NONE');
#5245 = FACE_OUTER_BOUND ( 'NONE', #8286, .T. ) ;
#5246 = DIRECTION ( 'NONE',  ( 1.000000000000000000, 0.000000000000000000, -8.673617379884035472E-16 ) ) ;
#5247 = DIRECTION ( 'NONE',  ( 1.000000000000000000, 0.000000000000000000, 0.000000000000000000 ) ) ;
#5248 = ORIENTED_EDGE ( 'NONE', *, *, #2376, .F. ) ;
#5249 = PRESENTATION_LAYER_ASSIGNMENT (  '', '', ( #8668 ) ) ;
#5250 = CARTESIAN_POINT ( 'NONE',  ( 2.400000000000001243, 0.000000000000000000, -0.2499999999999982792 ) ) ;
#5251 = VERTEX_POINT ( 'NONE', #9094 ) ;
#5252 = CARTESIAN_POINT ( 'NONE',  ( -1.947500000000000009, 1.350000000000000089, 0.3425000000000001932 ) ) ;
#5253 = VECTOR ( 'NONE', #5530, 1000.000000000000000 ) ;
#5254 = ORIENTED_EDGE ( 'NONE', *, *, #9153, .T. ) ;
#5255 = CARTESIAN_POINT ( 'NONE',  ( -1.704999999999999849, 1.350000000000000089, 0.1000000000000001582 ) ) ;
#5256 = ORIENTED_EDGE ( 'NONE', *, *, #4803, .T. ) ;
#5257 = DIRECTION ( 'NONE',  ( 0.000000000000000000, 1.000000000000000000, 0.000000000000000000 ) ) ;
#5258 = DIRECTION ( 'NONE',  ( 0.000000000000000000, -0.000000000000000000, -1.000000000000000000 ) ) ;
#5259 = AXIS2_PLACEMENT_3D ( 'NONE', #2556, #5524, #1626 ) ;
#5260 = ORIENTED_EDGE ( 'NONE', *, *, #1664, .F. ) ;
#5261 =( NAMED_UNIT ( * ) SI_UNIT ( $, .STERADIAN. ) SOLID_ANGLE_UNIT ( ) );
#5262 = EDGE_CURVE ( 'NONE', #3424, #8185, #2428, .T. ) ;
#5263 = CARTESIAN_POINT ( 'NONE',  ( 1.945000000000000062, 1.500000000000000000, -0.2249999999999997280 ) ) ;
#5264 = DIRECTION ( 'NONE',  ( 0.000000000000000000, 1.000000000000000000, 0.000000000000000000 ) ) ;
#5265 = VECTOR ( 'NONE', #5449, 1000.000000000000000 ) ;
#5266 = ORIENTED_EDGE ( 'NONE', *, *, #4370, .F. ) ;
#5267 = EDGE_CURVE ( 'NONE', #7155, #982, #1695, .T. ) ;
#5268 = CARTESIAN_POINT ( 'NONE',  ( 3.130000000000000338, 1.464999999999999858, -1.444999999999999840 ) ) ;
#5269 = DIRECTION ( 'NONE',  ( 0.000000000000000000, 1.000000000000000000, 0.000000000000000000 ) ) ;
#5270 = ORIENTED_EDGE ( 'NONE', *, *, #8850, .T. ) ;
#5271 = EDGE_CURVE ( 'NONE', #2251, #6574, #8517, .T. ) ;
#5272 = EDGE_CURVE ( 'NONE', #5877, #6973, #1116, .T. ) ;
#5273 = CARTESIAN_POINT ( 'NONE',  ( -3.102500000000000036, 1.439999999999999947, -1.399999999999999245 ) ) ;
#5274 = FACE_OUTER_BOUND ( 'NONE', #8609, .T. ) ;
#5275 = DIRECTION ( 'NONE',  ( -0.000000000000000000, 0.000000000000000000, -1.000000000000000000 ) ) ;
#5276 = CARTESIAN_POINT ( 'NONE',  ( -3.137500000000000178, 1.439999999999999947, -0.6949999999999993960 ) ) ;
#5277 = EDGE_LOOP ( 'NONE', ( #795, #9497, #6267, #990 ) ) ;
#5278 = PRESENTATION_LAYER_ASSIGNMENT (  '', '', ( #5122 ) ) ;
#5279 = VERTEX_POINT ( 'NONE', #4806 ) ;
#5280 = EDGE_CURVE ( 'NONE', #5403, #4513, #3202, .T. ) ;
#5281 = LINE ( 'NONE', #6898, #8739 ) ;
#5282 = EDGE_CURVE ( 'NONE', #9111, #9255, #6182, .T. ) ;
#5283 = LINE ( 'NONE', #6760, #3799 ) ;
#5284 = VERTEX_POINT ( 'NONE', #2474 ) ;
#5285 = EDGE_CURVE ( 'NONE', #7021, #2797, #5442, .T. ) ;
#5286 = CARTESIAN_POINT ( 'NONE',  ( 1.849999999999999867, 1.500000000000000000, -1.479999999999999760 ) ) ;
#5287 = ADVANCED_FACE ( 'NONE', ( #4752 ), #6279, .T. ) ;
#5288 = CARTESIAN_POINT ( 'NONE',  ( -0.2550000000000002820, 1.164999999999999813, 0.6499999999999996891 ) ) ;
#5289 = CARTESIAN_POINT ( 'NONE',  ( 0.9999999999999995559, 0.000000000000000000, 1.300000000000000266 ) ) ;
#5290 = CARTESIAN_POINT ( 'NONE',  ( 0.9999999999999991118, 0.05000000000000000278, 0.8000000000000003775 ) ) ;
#5291 = CARTESIAN_POINT ( 'NONE',  ( 2.500000000000000000, 0.05000000000000000278, 1.300000000000000266 ) ) ;
#5292 = AXIS2_PLACEMENT_3D ( 'NONE', #2990, #6568, #5976 ) ;
#5293 = VECTOR ( 'NONE', #2289, 1000.000000000000000 ) ;
#5294 = ORIENTED_EDGE ( 'NONE', *, *, #5227, .F. ) ;
#5295 = LINE ( 'NONE', #278, #2663 ) ;
#5296 = ORIENTED_EDGE ( 'NONE', *, *, #8448, .F. ) ;
#5297 = DIRECTION ( 'NONE',  ( 0.000000000000000000, 0.000000000000000000, 1.000000000000000000 ) ) ;
#5298 = CIRCLE ( 'NONE', #8717, 0.07499999999999998335 ) ;
#5299 =( GEOMETRIC_REPRESENTATION_CONTEXT ( 3 ) GLOBAL_UNCERTAINTY_ASSIGNED_CONTEXT ( ( #2219 ) ) GLOBAL_UNIT_ASSIGNED_CONTEXT ( ( #9049, #3868, #6961 ) ) REPRESENTATION_CONTEXT ( 'NONE', 'WORKASPACE' ) );
#5300 = DIRECTION ( 'NONE',  ( 1.000000000000000000, 0.000000000000000000, 0.000000000000000000 ) ) ;
#5301 = DIRECTION ( 'NONE',  ( 0.000000000000000000, 0.000000000000000000, -1.000000000000000000 ) ) ;
#5302 = ORIENTED_EDGE ( 'NONE', *, *, #7606, .F. ) ;
#5303 = LINE ( 'NONE', #7658, #6601 ) ;
#5304 = VERTEX_POINT ( 'NONE', #327 ) ;
#5305 = LINE ( 'NONE', #8954, #130 ) ;
#5306 = ORIENTED_EDGE ( 'NONE', *, *, #823, .F. ) ;
#5307 = VECTOR ( 'NONE', #8684, 1000.000000000000000 ) ;
#5308 = FACE_OUTER_BOUND ( 'NONE', #32, .T. ) ;
#5309 = CARTESIAN_POINT ( 'NONE',  ( 1.945000000000000062, 1.324999999999999956, 0.4249999999999998224 ) ) ;
#5310 = ORIENTED_EDGE ( 'NONE', *, *, #5280, .T. ) ;
#5311 = DIRECTION ( 'NONE',  ( -0.000000000000000000, 1.000000000000000000, -0.000000000000000000 ) ) ;
#5312 = CARTESIAN_POINT ( 'NONE',  ( -0.4999999999999785172, 0.000000000000000000, -0.7999999999999994893 ) ) ;
#5313 = AXIS2_PLACEMENT_3D ( 'NONE', #2951, #3683, #6671 ) ;
#5314 = CIRCLE ( 'NONE', #6078, 0.03499999999999987843 ) ;
#5315 = CARTESIAN_POINT ( 'NONE',  ( 0.2500000000000214828, 0.000000000000000000, -0.7999999999999994893 ) ) ;
#5316 = ORIENTED_EDGE ( 'NONE', *, *, #163, .T. ) ;
#5317 = ORIENTED_EDGE ( 'NONE', *, *, #5267, .T. ) ;
#5318 = FACE_OUTER_BOUND ( 'NONE', #3091, .T. ) ;
#5319 = PLANE ( 'NONE',  #1649 ) ;
#5320 = AXIS2_PLACEMENT_3D ( 'NONE', #1837, #320, #6274 ) ;
#5321 = EDGE_LOOP ( 'NONE', ( #4036, #7501, #3897, #5362 ) ) ;
#5322 = EDGE_CURVE ( 'NONE', #4852, #1673, #3342, .T. ) ;
#5323 = DIRECTION ( 'NONE',  ( -1.000000000000000000, 0.000000000000000000, 0.000000000000000000 ) ) ;
#5324 = LINE ( 'NONE', #4483, #8119 ) ;
#5325 = CARTESIAN_POINT ( 'NONE',  ( -3.125000000000000000, 0.2000000000000000944, 1.514999999999999902 ) ) ;
#5326 = VECTOR ( 'NONE', #3132, 1000.000000000000000 ) ;
#5327 = DIRECTION ( 'NONE',  ( 0.000000000000000000, -1.000000000000000000, 0.000000000000000000 ) ) ;
#5328 = VERTEX_POINT ( 'NONE', #7879 ) ;
#5329 = ORIENTED_EDGE ( 'NONE', *, *, #1601, .T. ) ;
#5330 = EDGE_CURVE ( 'NONE', #9502, #5510, #8030, .T. ) ;
#5331 = FACE_OUTER_BOUND ( 'NONE', #2569, .T. ) ;
#5332 = CARTESIAN_POINT ( 'NONE',  ( 3.165000000000000480, 1.500000000000000000, -1.444999999999999840 ) ) ;
#5333 = PLANE ( 'NONE',  #9191 ) ;
#5334 = ORIENTED_EDGE ( 'NONE', *, *, #7616, .F. ) ;
#5335 = CIRCLE ( 'NONE', #9069, 0.07499999999999998335 ) ;
#5336 = CARTESIAN_POINT ( 'NONE',  ( 3.165000000000000480, 1.500000000000000000, 0.000000000000000000 ) ) ;
#5337 = CARTESIAN_POINT ( 'NONE',  ( -0.2500000000000002220, 0.000000000000000000, 0.8000000000000003775 ) ) ;
#5338 = EDGE_CURVE ( 'NONE', #3416, #8497, #3430, .T. ) ;
#5339 = EDGE_CURVE ( 'NONE', #8201, #2591, #8699, .T. ) ;
#5340 = FACE_OUTER_BOUND ( 'NONE', #6356, .T. ) ;
#5341 = DIRECTION ( 'NONE',  ( -8.673617379884035472E-16, 0.000000000000000000, -1.000000000000000000 ) ) ;
#5342 = DIRECTION ( 'NONE',  ( 0.000000000000000000, 0.000000000000000000, -1.000000000000000000 ) ) ;
#5343 = EDGE_LOOP ( 'NONE', ( #5350, #9165, #1573, #1797 ) ) ;
#5344 = CARTESIAN_POINT ( 'NONE',  ( -2.900000000000000355, 0.05000000000000000278, 0.2500000000000002220 ) ) ;
#5345 = EDGE_CURVE ( 'NONE', #2511, #3236, #4999, .T. ) ;
#5346 = VERTEX_POINT ( 'NONE', #6516 ) ;
#5347 = EDGE_CURVE ( 'NONE', #9311, #5137, #5686, .T. ) ;
#5348 = DIRECTION ( 'NONE',  ( 8.673617379884035472E-16, -0.000000000000000000, 1.000000000000000000 ) ) ;
#5349 = DIRECTION ( 'NONE',  ( 0.000000000000000000, 1.000000000000000000, 0.000000000000000000 ) ) ;
#5350 = ORIENTED_EDGE ( 'NONE', *, *, #6846, .F. ) ;
#5351 = CARTESIAN_POINT ( 'NONE',  ( 2.695000000000000284, 1.500000000000000000, 0.000000000000000000 ) ) ;
#5352 = AXIS2_PLACEMENT_3D ( 'NONE', #3093, #3862, #182 ) ;
#5353 = DIRECTION ( 'NONE',  ( 0.000000000000000000, -1.000000000000000000, 0.000000000000000000 ) ) ;
#5354 = CARTESIAN_POINT ( 'NONE',  ( -1.999999999999978684, 0.000000000000000000, -0.7999999999999994893 ) ) ;
#5355 = VERTEX_POINT ( 'NONE', #5788 ) ;
#5356 = CARTESIAN_POINT ( 'NONE',  ( -2.499999999999978684, 0.05000000000000000278, -0.7999999999999997113 ) ) ;
#5357 = EDGE_LOOP ( 'NONE', ( #4808, #9343, #9067, #431 ) ) ;
#5358 = PLANE ( 'NONE',  #1381 ) ;
#5359 = VERTEX_POINT ( 'NONE', #5735 ) ;
#5360 = DIRECTION ( 'NONE',  ( -0.000000000000000000, -0.000000000000000000, 1.000000000000000000 ) ) ;
#5361 = VECTOR ( 'NONE', #253, 1000.000000000000000 ) ;
#5362 = ORIENTED_EDGE ( 'NONE', *, *, #5709, .T. ) ;
#5363 = CARTESIAN_POINT ( 'NONE',  ( 0.000000000000000000, 0.05000000000000000278, 0.000000000000000000 ) ) ;
#5364 = LINE ( 'NONE', #7623, #5003 ) ;
#5365 = ORIENTED_EDGE ( 'NONE', *, *, #2655, .F. ) ;
#5366 = VERTEX_POINT ( 'NONE', #7250 ) ;
#5367 = ORIENTED_EDGE ( 'NONE', *, *, #1362, .F. ) ;
#5368 = DIRECTION ( 'NONE',  ( 0.000000000000000000, 1.000000000000000000, -0.000000000000000000 ) ) ;
#5369 = DIRECTION ( 'NONE',  ( 0.000000000000000000, -1.000000000000000000, 0.000000000000000000 ) ) ;
#5370 = ORIENTED_EDGE ( 'NONE', *, *, #7676, .T. ) ;
#5371 = VECTOR ( 'NONE', #6749, 1000.000000000000000 ) ;
#5372 = CARTESIAN_POINT ( 'NONE',  ( 2.400000000000001243, 0.05000000000000000278, -0.2499999999999982792 ) ) ;
#5373 = CARTESIAN_POINT ( 'NONE',  ( -1.249999999999978462, 0.05000000000000000278, -0.7999999999999994893 ) ) ;
#5374 = CARTESIAN_POINT ( 'NONE',  ( 1.158000000000000140, 0.000000000000000000, -0.5999999999999998668 ) ) ;
#5375 = DIRECTION ( 'NONE',  ( -0.000000000000000000, 1.000000000000000000, -0.000000000000000000 ) ) ;
#5376 = ORIENTED_EDGE ( 'NONE', *, *, #6237, .F. ) ;
#5377 = ORIENTED_EDGE ( 'NONE', *, *, #824, .T. ) ;
#5378 = PLANE ( 'NONE',  #2366 ) ;
#5379 = AXIS2_PLACEMENT_3D ( 'NONE', #9612, #8895, #5341 ) ;
#5380 = VECTOR ( 'NONE', #1314, 1000.000000000000000 ) ;
#5381 = PRODUCT_RELATED_PRODUCT_CATEGORY ( 'part', '', ( #1437 ) ) ;
#5382 = DIRECTION ( 'NONE',  ( 0.000000000000000000, 0.000000000000000000, 1.000000000000000000 ) ) ;
#5383 = EDGE_LOOP ( 'NONE', ( #439, #2664, #5270, #1070 ) ) ;
#5384 = DIRECTION ( 'NONE',  ( 0.000000000000000000, 0.000000000000000000, 1.000000000000000000 ) ) ;
#5385 = DIRECTION ( 'NONE',  ( -1.000000000000000000, -0.000000000000000000, -4.336808689942017736E-16 ) ) ;
#5386 = EDGE_CURVE ( 'NONE', #6076, #3204, #4950, .T. ) ;
#5387 = CONICAL_SURFACE ( 'NONE', #9278, 0.07499999999999998335, 0.3490658503988666728 ) ;
#5388 = VECTOR ( 'NONE', #8461, 1000.000000000000000 ) ;
#5389 = CARTESIAN_POINT ( 'NONE',  ( -0.4999999999999789613, 0.000000000000000000, -1.299999999999999600 ) ) ;
#5390 = CARTESIAN_POINT ( 'NONE',  ( 1.885000000000000009, 0.2000000000000000944, 1.514999999999999902 ) ) ;
#5391 = ORIENTED_EDGE ( 'NONE', *, *, #6678, .F. ) ;
#5392 = EDGE_CURVE ( 'NONE', #8635, #893, #7933, .T. ) ;
#5393 = CARTESIAN_POINT ( 'NONE',  ( -2.299999999999999822, 1.464999999999999858, -0.6149999999999992140 ) ) ;
#5394 = DIRECTION ( 'NONE',  ( -0.000000000000000000, -1.000000000000000000, -0.000000000000000000 ) ) ;
#5395 = ADVANCED_FACE ( 'NONE', ( #7298 ), #1161, .T. ) ;
#5396 = ORIENTED_EDGE ( 'NONE', *, *, #3953, .T. ) ;
#5397 = COLOUR_RGB ( '',0.000000000000000000, 0.5019607843137254832, 0.000000000000000000 ) ;
#5398 = EDGE_CURVE ( 'NONE', #4016, #1978, #6372, .T. ) ;
#5399 = EDGE_CURVE ( 'NONE', #1860, #2461, #1483, .T. ) ;
#5400 = DIRECTION ( 'NONE',  ( 0.000000000000000000, 0.000000000000000000, -1.000000000000000000 ) ) ;
#5401 = VECTOR ( 'NONE', #6705, 1000.000000000000000 ) ;
#5402 = FILL_AREA_STYLE ('',( #3826 ) ) ;
#5403 = VERTEX_POINT ( 'NONE', #3387 ) ;
#5404 = CARTESIAN_POINT ( 'NONE',  ( -1.250000000000000444, 0.05000000000000000278, 1.300000000000000266 ) ) ;
#5405 = ORIENTED_EDGE ( 'NONE', *, *, #2606, .F. ) ;
#5406 = DIRECTION ( 'NONE',  ( 8.673617379884035472E-16, -0.000000000000000000, 1.000000000000000000 ) ) ;
#5407 = EDGE_CURVE ( 'NONE', #8154, #4479, #9323, .T. ) ;
#5408 = CARTESIAN_POINT ( 'NONE',  ( 3.100000000000000533, 0.05000000000000000278, 1.414999999999999813 ) ) ;
#5409 = ADVANCED_FACE ( 'NONE', ( #481 ), #6422, .F. ) ;
#5410 = LINE ( 'NONE', #7709, #4178 ) ;
#5411 = ORIENTED_EDGE ( 'NONE', *, *, #2370, .F. ) ;
#5412 = AXIS2_PLACEMENT_3D ( 'NONE', #4966, #4286, #7272 ) ;
#5413 = LINE ( 'NONE', #1034, #4064 ) ;
#5414 = DIRECTION ( 'NONE',  ( 1.000000000000000000, 0.000000000000000000, 0.000000000000000000 ) ) ;
#5415 = CARTESIAN_POINT ( 'NONE',  ( -1.000000000000000444, 0.000000000000000000, 0.8000000000000003775 ) ) ;
#5416 = VERTEX_POINT ( 'NONE', #3475 ) ;
#5417 = AXIS2_PLACEMENT_3D ( 'NONE', #3878, #9200, #3161 ) ;
#5418 = CARTESIAN_POINT ( 'NONE',  ( 2.500000000000021760, 0.05000000000000000278, -0.7999999999999994893 ) ) ;
#5419 = ORIENTED_EDGE ( 'NONE', *, *, #227, .T. ) ;
#5420 = VERTEX_POINT ( 'NONE', #6466 ) ;
#5421 = CARTESIAN_POINT ( 'NONE',  ( -0.2499999999999785449, 0.05000000000000000278, -1.299999999999999600 ) ) ;
#5422 = DIRECTION ( 'NONE',  ( 0.000000000000000000, 0.000000000000000000, -1.000000000000000000 ) ) ;
#5423 = CARTESIAN_POINT ( 'NONE',  ( -3.100000000000000533, -6.815342984766064482, -1.414999999999999813 ) ) ;
#5424 = EDGE_LOOP ( 'NONE', ( #9155, #7245, #4264, #5847 ) ) ;
#5425 = VECTOR ( 'NONE', #548, 1000.000000000000000 ) ;
#5426 = DIRECTION ( 'NONE',  ( 8.673617379884035472E-16, -0.000000000000000000, 1.000000000000000000 ) ) ;
#5427 = DIRECTION ( 'NONE',  ( 1.000000000000000000, -0.000000000000000000, -3.497426362856465737E-17 ) ) ;
#5428 = CARTESIAN_POINT ( 'NONE',  ( -0.2500000000000002220, 0.05000000000000000278, -1.414999999999999813 ) ) ;
#5429 = FACE_OUTER_BOUND ( 'NONE', #8196, .T. ) ;
#5430 = ORIENTED_EDGE ( 'NONE', *, *, #3541, .F. ) ;
#5431 = FILL_AREA_STYLE_COLOUR ( '', #4609 ) ;
#5432 = ORIENTED_EDGE ( 'NONE', *, *, #7326, .F. ) ;
#5433 = DIRECTION ( 'NONE',  ( 1.000000000000000000, -0.000000000000000000, 0.000000000000000000 ) ) ;
#5434 = DIRECTION ( 'NONE',  ( 0.000000000000000000, -0.000000000000000000, 1.000000000000000000 ) ) ;
#5435 = ORIENTED_EDGE ( 'NONE', *, *, #8448, .T. ) ;
#5436 = DIRECTION ( 'NONE',  ( 0.000000000000000000, 1.000000000000000000, 0.000000000000000000 ) ) ;
#5437 = COLOUR_RGB ( '',1.000000000000000000, 0.8117647058823529438, 0.5019607843137254832 ) ;
#5438 = DIRECTION ( 'NONE',  ( 0.000000000000000000, 1.000000000000000000, 0.000000000000000000 ) ) ;
#5439 = ORIENTED_EDGE ( 'NONE', *, *, #1786, .T. ) ;
#5440 = LINE ( 'NONE', #3049, #1132 ) ;
#5441 = ORIENTED_EDGE ( 'NONE', *, *, #577, .F. ) ;
#5442 = LINE ( 'NONE', #8416, #236 ) ;
#5443 = LINE ( 'NONE', #8273, #8579 ) ;
#5444 = ORIENTED_EDGE ( 'NONE', *, *, #3317, .T. ) ;
#5445 = CARTESIAN_POINT ( 'NONE',  ( 2.000000000000021760, 0.000000000000000000, -0.7999999999999997113 ) ) ;
#5446 = CARTESIAN_POINT ( 'NONE',  ( 1.749999999999999334, 0.05000000000000000278, 1.414999999999999813 ) ) ;
#5447 = EDGE_CURVE ( 'NONE', #2087, #6301, #8985, .T. ) ;
#5448 = CARTESIAN_POINT ( 'NONE',  ( -0.5000000000000008882, 0.000000000000000000, 0.8000000000000003775 ) ) ;
#5449 = DIRECTION ( 'NONE',  ( -1.000000000000000000, -0.000000000000000000, -0.000000000000000000 ) ) ;
#5450 = CARTESIAN_POINT ( 'NONE',  ( -1.749999999999978462, 0.05000000000000000278, -0.7999999999999997113 ) ) ;
#5451 = VECTOR ( 'NONE', #4230, 1000.000000000000000 ) ;
#5452 = ORIENTED_EDGE ( 'NONE', *, *, #1946, .F. ) ;
#5453 = DIRECTION ( 'NONE',  ( -0.000000000000000000, -0.000000000000000000, 1.000000000000000000 ) ) ;
#5454 = ORIENTED_EDGE ( 'NONE', *, *, #2123, .T. ) ;
#5455 = FACE_OUTER_BOUND ( 'NONE', #3738, .T. ) ;
#5456 = LINE ( 'NONE', #6243, #7475 ) ;
#5457 = EDGE_CURVE ( 'NONE', #2448, #4136, #7485, .T. ) ;
#5458 = PRESENTATION_STYLE_ASSIGNMENT (( #7568 ) ) ;
#5459 = EDGE_LOOP ( 'NONE', ( #2065, #8888, #4155, #520 ) ) ;
#5460 = AXIS2_PLACEMENT_3D ( 'NONE', #5363, #1761, #4622 ) ;
#5461 = AXIS2_PLACEMENT_3D ( 'NONE', #2861, #731, #1506 ) ;
#5462 = DIRECTION ( 'NONE',  ( 0.000000000000000000, 0.000000000000000000, -1.000000000000000000 ) ) ;
#5463 = DIRECTION ( 'NONE',  ( 0.000000000000000000, 1.000000000000000000, -0.000000000000000000 ) ) ;
#5464 = LINE ( 'NONE', #6097, #2026 ) ;
#5465 = EDGE_CURVE ( 'NONE', #9543, #8280, #8933, .T. ) ;
#5466 = EDGE_CURVE ( 'NONE', #6941, #9279, #8028, .T. ) ;
#5467 = VECTOR ( 'NONE', #7723, 1000.000000000000000 ) ;
#5468 = ORIENTED_EDGE ( 'NONE', *, *, #1345, .F. ) ;
#5469 = ORIENTED_EDGE ( 'NONE', *, *, #4370, .T. ) ;
#5470 = ORIENTED_EDGE ( 'NONE', *, *, #7433, .F. ) ;
#5471 = DIRECTION ( 'NONE',  ( 0.000000000000000000, 1.000000000000000000, 0.000000000000000000 ) ) ;
#5472 = ADVANCED_FACE ( 'NONE', ( #5090 ), #5926, .F. ) ;
#5473 = EDGE_CURVE ( 'NONE', #7088, #5535, #9605, .T. ) ;
#5474 = DIRECTION ( 'NONE',  ( -0.000000000000000000, 0.000000000000000000, -1.000000000000000000 ) ) ;
#5475 = MECHANICAL_DESIGN_GEOMETRIC_PRESENTATION_REPRESENTATION (  '', ( #8726 ), #5155 ) ;
#5476 = DIRECTION ( 'NONE',  ( -0.000000000000000000, 0.000000000000000000, 1.000000000000000000 ) ) ;
#5477 = DIRECTION ( 'NONE',  ( 1.000000000000000000, 0.000000000000000000, 0.000000000000000000 ) ) ;
#5478 = CARTESIAN_POINT ( 'NONE',  ( 1.250000000000021094, 0.05000000000000000278, -1.299999999999999600 ) ) ;
#5479 = CARTESIAN_POINT ( 'NONE',  ( 0.8720160946642466770, 1.449999999999999734, -0.4500000000000003997 ) ) ;
#5480 = VERTEX_POINT ( 'NONE', #6662 ) ;
#5481 = DIRECTION ( 'NONE',  ( -0.000000000000000000, 1.000000000000000000, -0.000000000000000000 ) ) ;
#5482 = ORIENTED_EDGE ( 'NONE', *, *, #4805, .T. ) ;
#5483 = CARTESIAN_POINT ( 'NONE',  ( 3.100000000000000533, -6.815342984766064482, 1.414999999999999813 ) ) ;
#5484 = CARTESIAN_POINT ( 'NONE',  ( -1.947500000000000009, 1.350000000000000089, -0.1424999999999998768 ) ) ;
#5485 = FACE_OUTER_BOUND ( 'NONE', #8753, .T. ) ;
#5486 = EDGE_LOOP ( 'NONE', ( #9538, #3990, #9281, #1746 ) ) ;
#5487 = CARTESIAN_POINT ( 'NONE',  ( -3.125000000000000000, 0.2000000000000000944, -1.514999999999999902 ) ) ;
#5488 = DIRECTION ( 'NONE',  ( -1.000000000000000000, -0.000000000000000000, -0.000000000000000000 ) ) ;
#5489 = VECTOR ( 'NONE', #2729, 1000.000000000000000 ) ;
#5490 = FACE_OUTER_BOUND ( 'NONE', #737, .T. ) ;
#5491 = ORIENTED_EDGE ( 'NONE', *, *, #6836, .T. ) ;
#5492 = PLANE ( 'NONE',  #659 ) ;
#5493 = ORIENTED_EDGE ( 'NONE', *, *, #2253, .F. ) ;
#5494 = DIRECTION ( 'NONE',  ( -1.000000000000000000, 0.000000000000000000, -0.000000000000000000 ) ) ;
#5495 = LINE ( 'NONE', #7651, #8878 ) ;
#5496 = EDGE_LOOP ( 'NONE', ( #7952, #1398, #2869, #722 ) ) ;
#5497 = LINE ( 'NONE', #1555, #1320 ) ;
#5498 = FACE_OUTER_BOUND ( 'NONE', #5731, .T. ) ;
#5499 = VECTOR ( 'NONE', #2029, 1000.000000000000000 ) ;
#5500 = CARTESIAN_POINT ( 'NONE',  ( -0.9999999999999785727, 0.000000000000000000, -0.7999999999999997113 ) ) ;
#5501 = DIRECTION ( 'NONE',  ( 0.000000000000000000, 0.000000000000000000, -1.000000000000000000 ) ) ;
#5502 = CARTESIAN_POINT ( 'NONE',  ( 2.000000000000021760, 0.05000000000000000278, -1.299999999999999600 ) ) ;
#5503 = LINE ( 'NONE', #4761, #5969 ) ;
#5504 = VERTEX_POINT ( 'NONE', #2268 ) ;
#5505 = CARTESIAN_POINT ( 'NONE',  ( -0.5000000000000008882, 0.05000000000000000278, 0.8000000000000003775 ) ) ;
#5506 = ORIENTED_EDGE ( 'NONE', *, *, #9418, .T. ) ;
#5507 = LINE ( 'NONE', #151, #7165 ) ;
#5508 = EDGE_CURVE ( 'NONE', #5224, #6226, #3041, .T. ) ;
#5509 = DIRECTION ( 'NONE',  ( -0.000000000000000000, -1.000000000000000000, 0.000000000000000000 ) ) ;
#5510 = VERTEX_POINT ( 'NONE', #2944 ) ;
#5511 = DIRECTION ( 'NONE',  ( 0.000000000000000000, 1.000000000000000000, 0.000000000000000000 ) ) ;
#5512 = FACE_OUTER_BOUND ( 'NONE', #7287, .T. ) ;
#5513 = ADVANCED_FACE ( 'NONE', ( #2213 ), #4493, .F. ) ;
#5514 = DIRECTION ( 'NONE',  ( 1.000000000000000000, 0.000000000000000000, 0.000000000000000000 ) ) ;
#5515 = ORIENTED_EDGE ( 'NONE', *, *, #8795, .F. ) ;
#5516 = PRESENTATION_STYLE_ASSIGNMENT (( #987 ) ) ;
#5517 = EDGE_LOOP ( 'NONE', ( #7514, #5234, #8415, #3565 ) ) ;
#5518 = ORIENTED_EDGE ( 'NONE', *, *, #2964, .F. ) ;
#5519 = DIRECTION ( 'NONE',  ( 1.000000000000000000, 0.000000000000000000, 0.000000000000000000 ) ) ;
#5520 = ADVANCED_FACE ( 'NONE', ( #5238 ), #852, .T. ) ;
#5521 = FACE_OUTER_BOUND ( 'NONE', #1642, .T. ) ;
#5522 = ADVANCED_FACE ( 'NONE', ( #3716 ), #9557, .F. ) ;
#5523 = EDGE_CURVE ( 'NONE', #7472, #3926, #5283, .T. ) ;
#5524 = DIRECTION ( 'NONE',  ( 0.000000000000000000, -1.000000000000000000, 0.000000000000000000 ) ) ;
#5525 = DIRECTION ( 'NONE',  ( 0.000000000000000000, 0.000000000000000000, -1.000000000000000000 ) ) ;
#5526 = ADVANCED_FACE ( 'NONE', ( #3762 ), #80, .F. ) ;
#5527 = LINE ( 'NONE', #953, #8049 ) ;
#5528 = VERTEX_POINT ( 'NONE', #7537 ) ;
#5529 = ORIENTED_EDGE ( 'NONE', *, *, #1368, .F. ) ;
#5530 = DIRECTION ( 'NONE',  ( -1.000000000000000000, -0.000000000000000000, -4.336808689942017736E-16 ) ) ;
#5531 = VECTOR ( 'NONE', #5385, 1000.000000000000000 ) ;
#5532 = DIRECTION ( 'NONE',  ( -1.000000000000000000, 0.000000000000000000, -0.000000000000000000 ) ) ;
#5533 = EDGE_LOOP ( 'NONE', ( #7273, #4380, #9289, #1283 ) ) ;
#5534 = ADVANCED_FACE ( 'NONE', ( #3809 ), #668, .T. ) ;
#5535 = VERTEX_POINT ( 'NONE', #5134 ) ;
#5536 = VECTOR ( 'NONE', #4353, 1000.000000000000000 ) ;
#5537 = LINE ( 'NONE', #319, #9117 ) ;
#5538 = ADVANCED_FACE ( 'NONE', ( #8122 ), #7407, .T. ) ;
#5539 = FACE_OUTER_BOUND ( 'NONE', #8983, .T. ) ;
#5540 = AXIS2_PLACEMENT_3D ( 'NONE', #3325, #6397, #9395 ) ;
#5541 = ORIENTED_EDGE ( 'NONE', *, *, #4029, .F. ) ;
#5542 = CARTESIAN_POINT ( 'NONE',  ( 2.900000000000001243, 0.000000000000000000, 0.2500000000000019429 ) ) ;
#5543 = ORIENTED_EDGE ( 'NONE', *, *, #3415, .T. ) ;
#5544 = CARTESIAN_POINT ( 'NONE',  ( -2.900000000000000355, 0.000000000000000000, -0.2499999999999997780 ) ) ;
#5545 = LINE ( 'NONE', #8518, #7496 ) ;
#5546 = ORIENTED_EDGE ( 'NONE', *, *, #8961, .T. ) ;
#5547 = CIRCLE ( 'NONE', #2893, 0.03500000000000009354 ) ;
#5548 = AXIS2_PLACEMENT_3D ( 'NONE', #5268, #9070, #8238 ) ;
#5549 = LINE ( 'NONE', #7791, #3426 ) ;
#5550 = DIRECTION ( 'NONE',  ( -0.000000000000000000, 0.000000000000000000, 1.000000000000000000 ) ) ;
#5551 = CARTESIAN_POINT ( 'NONE',  ( -0.2500000000000002220, 0.05000000000000000278, 0.8000000000000003775 ) ) ;
#5552 = CARTESIAN_POINT ( 'NONE',  ( -1.462500000000000133, 1.500000000000000000, -0.1424999999999998768 ) ) ;
#5553 = ORIENTED_EDGE ( 'NONE', *, *, #4387, .T. ) ;
#5554 = AXIS2_PLACEMENT_3D ( 'NONE', #1051, #8352, #3235 ) ;
#5555 = LINE ( 'NONE', #8527, #6823 ) ;
#5556 = ORIENTED_EDGE ( 'NONE', *, *, #3727, .F. ) ;
#5557 = LINE ( 'NONE', #5408, #5138 ) ;
#5558 = PRESENTATION_STYLE_ASSIGNMENT (( #5600 ) ) ;
#5559 = DIRECTION ( 'NONE',  ( -1.000000000000000000, 0.000000000000000000, -0.000000000000000000 ) ) ;
#5560 = DIRECTION ( 'NONE',  ( -0.000000000000000000, 0.000000000000000000, 1.000000000000000000 ) ) ;
#5561 = ORIENTED_EDGE ( 'NONE', *, *, #1525, .F. ) ;
#5562 = SURFACE_SIDE_STYLE ('',( #3226 ) ) ;
#5563 = ORIENTED_EDGE ( 'NONE', *, *, #6942, .T. ) ;
#5564 = ORIENTED_EDGE ( 'NONE', *, *, #1599, .F. ) ;
#5565 = ADVANCED_FACE ( 'NONE', ( #905, #7776 ), #2515, .F. ) ;
#5566 = LINE ( 'NONE', #4246, #8384 ) ;
#5567 = DIRECTION ( 'NONE',  ( -0.000000000000000000, 1.000000000000000000, -0.000000000000000000 ) ) ;
#5568 = VECTOR ( 'NONE', #738, 1000.000000000000000 ) ;
#5569 = ADVANCED_FACE ( 'NONE', ( #3186 ), #3915, .T. ) ;
#5570 = FACE_OUTER_BOUND ( 'NONE', #1479, .T. ) ;
#5571 = ORIENTED_EDGE ( 'NONE', *, *, #3422, .F. ) ;
#5572 = FILL_AREA_STYLE ('',( #5431 ) ) ;
#5573 = ORIENTED_EDGE ( 'NONE', *, *, #6703, .T. ) ;
#5574 = LINE ( 'NONE', #4738, #5253 ) ;
#5575 = CARTESIAN_POINT ( 'NONE',  ( -3.165000000000000480, 1.464999999999999858, 1.479999999999999760 ) ) ;
#5576 = VERTEX_POINT ( 'NONE', #1103 ) ;
#5577 = ADVANCED_FACE ( 'NONE', ( #9081 ), #3288, .F. ) ;
#5578 = VERTEX_POINT ( 'NONE', #1058 ) ;
#5579 = AXIS2_PLACEMENT_3D ( 'NONE', #1290, #2782, #4050 ) ;
#5580 = CARTESIAN_POINT ( 'NONE',  ( -0.4999999999999785172, 0.05000000000000000278, -0.7999999999999994893 ) ) ;
#5581 = CARTESIAN_POINT ( 'NONE',  ( -0.2500000000000002220, 0.05000000000000000278, -1.414999999999999369 ) ) ;
#5582 = EDGE_CURVE ( 'NONE', #2013, #4694, #3991, .T. ) ;
#5583 = EDGE_CURVE ( 'NONE', #4641, #7785, #2417, .T. ) ;
#5584 = DIRECTION ( 'NONE',  ( -8.673617379884035472E-16, 0.000000000000000000, -1.000000000000000000 ) ) ;
#5585 = ORIENTED_EDGE ( 'NONE', *, *, #6656, .F. ) ;
#5586 = DIRECTION ( 'NONE',  ( 0.000000000000000000, -1.000000000000000000, 0.000000000000000000 ) ) ;
#5587 = EDGE_CURVE ( 'NONE', #5945, #4018, #6270, .T. ) ;
#5588 = ORIENTED_EDGE ( 'NONE', *, *, #2505, .F. ) ;
#5589 = EDGE_CURVE ( 'NONE', #3763, #4651, #1783, .T. ) ;
#5590 =( GEOMETRIC_REPRESENTATION_CONTEXT ( 3 ) GLOBAL_UNCERTAINTY_ASSIGNED_CONTEXT ( ( #4273 ) ) GLOBAL_UNIT_ASSIGNED_CONTEXT ( ( #6637, #6597, #1469 ) ) REPRESENTATION_CONTEXT ( 'NONE', 'WORKASPACE' ) );
#5591 = FACE_OUTER_BOUND ( 'NONE', #3877, .T. ) ;
#5592 = FACE_OUTER_BOUND ( 'NONE', #6616, .T. ) ;
#5593 = CARTESIAN_POINT ( 'NONE',  ( -2.500000000000000444, 0.05000000000000000278, 1.300000000000000266 ) ) ;
#5594 = CARTESIAN_POINT ( 'NONE',  ( -1.250000000000000444, 0.000000000000000000, 1.300000000000000266 ) ) ;
#5595 = LINE ( 'NONE', #4711, #5241 ) ;
#5596 = LINE ( 'NONE', #8573, #6375 ) ;
#5597 = EDGE_LOOP ( 'NONE', ( #5684, #9227, #1657, #7671 ) ) ;
#5598 = DIRECTION ( 'NONE',  ( 0.000000000000000000, 0.000000000000000000, -1.000000000000000000 ) ) ;
#5599 = CARTESIAN_POINT ( 'NONE',  ( 0.9300000000000000488, 1.164999999999999813, 0.6499999999999996891 ) ) ;
#5600 = SURFACE_STYLE_USAGE ( .BOTH. , #390 ) ;
#5601 = CARTESIAN_POINT ( 'NONE',  ( 3.100000000000000533, 0.1600000000000000033, 1.414999999999999813 ) ) ;
#5602 = LINE ( 'NONE', #7848, #7954 ) ;
#5603 = LINE ( 'NONE', #8582, #6098 ) ;
#5604 = DIRECTION ( 'NONE',  ( 0.000000000000000000, 0.000000000000000000, -1.000000000000000000 ) ) ;
#5605 = ORIENTED_EDGE ( 'NONE', *, *, #2947, .T. ) ;
#5606 = CARTESIAN_POINT ( 'NONE',  ( -3.102500000000000036, 1.439999999999999947, -0.6599999999999995870 ) ) ;
#5607 = ORIENTED_EDGE ( 'NONE', *, *, #2505, .T. ) ;
#5608 = AXIS2_PLACEMENT_3D ( 'NONE', #4601, #969, #3971 ) ;
#5609 = ORIENTED_EDGE ( 'NONE', *, *, #473, .T. ) ;
#5610 = PLANE ( 'NONE',  #252 ) ;
#5611 = AXIS2_PLACEMENT_3D ( 'NONE', #9526, #8817, #1515 ) ;
#5612 = CARTESIAN_POINT ( 'NONE',  ( 1.249999999999999334, 0.000000000000000000, 1.300000000000000266 ) ) ;
#5613 = VECTOR ( 'NONE', #6154, 1000.000000000000000 ) ;
#5615 = AXIS2_PLACEMENT_3D ( 'NONE', #5986, #3635, #774 ) ;
#5614 = CARTESIAN_POINT ( 'NONE',  ( -1.750000000000000444, 0.000000000000000000, 0.8000000000000003775 ) ) ;
#5616 = CARTESIAN_POINT ( 'NONE',  ( 2.900000000000001243, 0.000000000000000000, -0.2499999999999980571 ) ) ;
#5617 = DIRECTION ( 'NONE',  ( -1.000000000000000000, -0.000000000000000000, -4.336808689942017736E-16 ) ) ;
#5618 = ORIENTED_EDGE ( 'NONE', *, *, #3839, .T. ) ;
#5619 = VERTEX_POINT ( 'NONE', #5332 ) ;
#5620 = AXIS2_PLACEMENT_3D ( 'NONE', #4812, #4076, #7063 ) ;
#5621 = ORIENTED_EDGE ( 'NONE', *, *, #8325, .T. ) ;
#5622 = ORIENTED_EDGE ( 'NONE', *, *, #536, .T. ) ;
#5623 = STYLED_ITEM ( 'NONE', ( #5239 ), #843 ) ;
#5624 = EDGE_CURVE ( 'NONE', #158, #6926, #3333, .T. ) ;
#5625 = PLANE ( 'NONE',  #5863 ) ;
#5626 = CARTESIAN_POINT ( 'NONE',  ( 0.006154384594964134106, 1.449999999999999734, -0.4500000000000003997 ) ) ;
#5627 = CARTESIAN_POINT ( 'NONE',  ( 1.250000000000021094, 0.05000000000000000278, -1.299999999999999600 ) ) ;
#5628 = VECTOR ( 'NONE', #580, 1000.000000000000000 ) ;
#5629 = ADVANCED_FACE ( 'NONE', ( #3958 ), #8303, .T. ) ;
#5630 = VECTOR ( 'NONE', #2612, 1000.000000000000000 ) ;
#5631 = EDGE_LOOP ( 'NONE', ( #9394, #420, #6272, #2135 ) ) ;
#5632 = PLANE ( 'NONE',  #3825 ) ;
#5633 = ORIENTED_EDGE ( 'NONE', *, *, #8026, .F. ) ;
#5634 = CARTESIAN_POINT ( 'NONE',  ( -1.000000000000000444, 0.05000000000000000278, 1.300000000000000266 ) ) ;
#5635 = ORIENTED_EDGE ( 'NONE', *, *, #1610, .T. ) ;
#5636 = CARTESIAN_POINT ( 'NONE',  ( -0.2499999999999785449, 0.05000000000000000278, -0.7999999999999997113 ) ) ;
#5637 = LINE ( 'NONE', #4901, #3292 ) ;
#5638 = ORIENTED_EDGE ( 'NONE', *, *, #1645, .F. ) ;
#5639 = ADVANCED_FACE ( 'NONE', ( #1829 ), #6855, .F. ) ;
#5640 = EDGE_CURVE ( 'NONE', #9357, #3433, #176, .T. ) ;
#5641 = FACE_OUTER_BOUND ( 'NONE', #4134, .T. ) ;
#5642 = CARTESIAN_POINT ( 'NONE',  ( -3.100000000000000533, 0.05000000000000000278, 1.414999999999999813 ) ) ;
#5643 = CARTESIAN_POINT ( 'NONE',  ( 2.500000000000021760, 0.000000000000000000, -0.7999999999999994893 ) ) ;
#5644 = DIRECTION ( 'NONE',  ( -1.000000000000000000, -1.181691741128615025E-16, 0.000000000000000000 ) ) ;
#5645 = EDGE_CURVE ( 'NONE', #6843, #3097, #8965, .T. ) ;
#5646 = ADVANCED_FACE ( 'NONE', ( #4791 ), #220, .T. ) ;
#5647 = FILL_AREA_STYLE_COLOUR ( '', #9309 ) ;
#5648 = VECTOR ( 'NONE', #6491, 1000.000000000000000 ) ;
#5649 = ORIENTED_EDGE ( 'NONE', *, *, #7745, .T. ) ;
#5650 = ORIENTED_EDGE ( 'NONE', *, *, #4378, .F. ) ;
#5651 = LINE ( 'NONE', #8623, #6871 ) ;
#5652 = CARTESIAN_POINT ( 'NONE',  ( 3.100000000000000533, 0.1600000000000000033, 1.414999999999999813 ) ) ;
#5653 = CARTESIAN_POINT ( 'NONE',  ( 1.945000000000000062, 1.500000000000000000, 0.4249999999999992673 ) ) ;
#5654 = VECTOR ( 'NONE', #1369, 1000.000000000000000 ) ;
#5655 =( NAMED_UNIT ( * ) SI_UNIT ( $, .STERADIAN. ) SOLID_ANGLE_UNIT ( ) );
#5656 = DIRECTION ( 'NONE',  ( 1.000000000000000000, 0.000000000000000000, 0.000000000000000000 ) ) ;
#5657 = EDGE_CURVE ( 'NONE', #5808, #8768, #1151, .T. ) ;
#5658 = CARTESIAN_POINT ( 'NONE',  ( 3.100000000000000533, 0.05000000000000000278, 1.414999999999999813 ) ) ;
#5659 = ORIENTED_EDGE ( 'NONE', *, *, #8740, .F. ) ;
#5660 = CARTESIAN_POINT ( 'NONE',  ( -1.157999999999999696, 0.05000000000000000278, -0.5999999999999998668 ) ) ;
#5661 = ORIENTED_EDGE ( 'NONE', *, *, #3546, .F. ) ;
#5662 = AXIS2_PLACEMENT_3D ( 'NONE', #9000, #338, #9198 ) ;
#5663 = VERTEX_POINT ( 'NONE', #4985 ) ;
#5664 = CARTESIAN_POINT ( 'NONE',  ( -2.299999999999999822, 0.05000000000000000278, -0.7999999999999997113 ) ) ;
#5665 = CARTESIAN_POINT ( 'NONE',  ( 2.020000000000000462, 1.350000000000000089, -0.3000000000000002665 ) ) ;
#5666 = DIRECTION ( 'NONE',  ( 8.673617379884035472E-16, -0.000000000000000000, 1.000000000000000000 ) ) ;
#5667 = VECTOR ( 'NONE', #4115, 1000.000000000000000 ) ;
#5668 = CARTESIAN_POINT ( 'NONE',  ( -1.462500000000000577, 1.350000000000000089, 0.3629044648600697198 ) ) ;
#5669 = LINE ( 'NONE', #551, #8265 ) ;
#5670 = PLANE ( 'NONE',  #6174 ) ;
#5671 = ORIENTED_EDGE ( 'NONE', *, *, #3546, .T. ) ;
#5672 = FILL_AREA_STYLE ('',( #462 ) ) ;
#5673 = ORIENTED_EDGE ( 'NONE', *, *, #6289, .F. ) ;
#5674 = CARTESIAN_POINT ( 'NONE',  ( 3.200000000000000178, 1.464999999999999858, -1.439999999999999947 ) ) ;
#5675 = ORIENTED_EDGE ( 'NONE', *, *, #2124, .T. ) ;
#5676 = ORIENTED_EDGE ( 'NONE', *, *, #392, .T. ) ;
#5677 = VECTOR ( 'NONE', #1895, 1000.000000000000000 ) ;
#5678 = CARTESIAN_POINT ( 'NONE',  ( 0.000000000000000000, 1.500000000000000000, -0.3000000000000002665 ) ) ;
#5679 = LINE ( 'NONE', #7192, #1497 ) ;
#5680 = VERTEX_POINT ( 'NONE', #4199 ) ;
#5681 = VERTEX_POINT ( 'NONE', #5674 ) ;
#5682 = EDGE_CURVE ( 'NONE', #2682, #9617, #2748, .T. ) ;
#5683 = LINE ( 'NONE', #1881, #1903 ) ;
#5684 = ORIENTED_EDGE ( 'NONE', *, *, #2184, .F. ) ;
#5685 = VECTOR ( 'NONE', #9369, 1000.000000000000000 ) ;
#5686 = LINE ( 'NONE', #4217, #1799 ) ;
#5687 = CYLINDRICAL_SURFACE ( 'NONE', #3584, 0.07000000000000018707 ) ;
#5688 = ORIENTED_EDGE ( 'NONE', *, *, #3968, .F. ) ;
#5689 = CARTESIAN_POINT ( 'NONE',  ( 1.750000000000021094, 0.05000000000000000278, -0.7999999999999994893 ) ) ;
#5690 = DIRECTION ( 'NONE',  ( 0.000000000000000000, 0.000000000000000000, -1.000000000000000000 ) ) ;
#5691 = VECTOR ( 'NONE', #7859, 1000.000000000000000 ) ;
#5692 = DIRECTION ( 'NONE',  ( -1.000000000000000000, -0.000000000000000000, -0.000000000000000000 ) ) ;
#5693 = EDGE_CURVE ( 'NONE', #529, #7398, #4940, .T. ) ;
#5694 = ORIENTED_EDGE ( 'NONE', *, *, #5338, .F. ) ;
#5695 = ORIENTED_EDGE ( 'NONE', *, *, #7566, .F. ) ;
#5696 = DIRECTION ( 'NONE',  ( 0.000000000000000000, 1.000000000000000000, 0.000000000000000000 ) ) ;
#5697 = VECTOR ( 'NONE', #1156, 1000.000000000000000 ) ;
#5698 = VECTOR ( 'NONE', #1331, 1000.000000000000000 ) ;
#5699 = DIRECTION ( 'NONE',  ( 7.026196345254700635E-15, -1.000000000000000000, 0.000000000000000000 ) ) ;
#5700 = ADVANCED_FACE ( 'NONE', ( #8017 ), #5723, .T. ) ;
#5701 = EDGE_CURVE ( 'NONE', #3362, #5945, #1641, .T. ) ;
#5702 = DIRECTION ( 'NONE',  ( -0.000000000000000000, -1.000000000000000000, -0.000000000000000000 ) ) ;
#5703 = FILL_AREA_STYLE_COLOUR ( '', #7857 ) ;
#5704 = CARTESIAN_POINT ( 'NONE',  ( 1.158000000000000140, 0.05000000000000000278, -0.5999999999999998668 ) ) ;
#5705 = AXIS2_PLACEMENT_3D ( 'NONE', #1866, #4836, #3954 ) ;
#5706 = ADVANCED_FACE ( 'NONE', ( #5772 ), #4105, .F. ) ;
#5707 = VECTOR ( 'NONE', #1493, 1000.000000000000000 ) ;
#5708 = LINE ( 'NONE', #7805, #7824 ) ;
#5709 = EDGE_CURVE ( 'NONE', #6658, #8646, #9356, .T. ) ;
#5710 = VERTEX_POINT ( 'NONE', #7919 ) ;
#5711 = LINE ( 'NONE', #2775, #7895 ) ;
#5712 = ORIENTED_EDGE ( 'NONE', *, *, #5640, .F. ) ;
#5713 = CARTESIAN_POINT ( 'NONE',  ( 1.250000000000021094, 0.05000000000000000278, -0.7999999999999997113 ) ) ;
#5714 = ADVANCED_FACE ( 'NONE', ( #2056 ), #1921, .F. ) ;
#5715 = ADVANCED_FACE ( 'NONE', ( #841 ), #8066, .T. ) ;
#5716 = DIRECTION ( 'NONE',  ( -0.000000000000000000, 1.000000000000000000, 0.000000000000000000 ) ) ;
#5717 = CARTESIAN_POINT ( 'NONE',  ( 0.2499999999999993616, 0.000000000000000000, 0.8000000000000003775 ) ) ;
#5718 = CARTESIAN_POINT ( 'NONE',  ( -1.750000000000000666, 0.05000000000000000278, 1.414999999999999813 ) ) ;
#5719 = EDGE_LOOP ( 'NONE', ( #4981, #5730, #3835, #2733 ) ) ;
#5720 = VECTOR ( 'NONE', #4135, 1000.000000000000000 ) ;
#5721 = VERTEX_POINT ( 'NONE', #4438 ) ;
#5722 = CARTESIAN_POINT ( 'NONE',  ( -3.102500000000000036, 1.439999999999999947, -1.434999999999999165 ) ) ;
#5723 = PLANE ( 'NONE',  #2267 ) ;
#5724 = ORIENTED_EDGE ( 'NONE', *, *, #4443, .F. ) ;
#5725 = ORIENTED_EDGE ( 'NONE', *, *, #2559, .F. ) ;
#5726 = AXIS2_PLACEMENT_3D ( 'NONE', #6708, #5237, #6759 ) ;
#5727 = CARTESIAN_POINT ( 'NONE',  ( -1.749999999999978462, 0.05000000000000000278, -1.299999999999999600 ) ) ;
#5728 = CARTESIAN_POINT ( 'NONE',  ( 1.749999999999999334, 0.000000000000000000, 1.414999999999999813 ) ) ;
#5729 = CARTESIAN_POINT ( 'NONE',  ( 0.03701609466424640033, 1.449999999999999734, -0.4500000000000003997 ) ) ;
#5730 = ORIENTED_EDGE ( 'NONE', *, *, #8440, .F. ) ;
#5731 = EDGE_LOOP ( 'NONE', ( #2116, #4439, #805, #6145 ) ) ;
#5732 = DIRECTION ( 'NONE',  ( -0.000000000000000000, 1.000000000000000000, -0.000000000000000000 ) ) ;
#5733 = ORIENTED_EDGE ( 'NONE', *, *, #8908, .F. ) ;
#5734 = VECTOR ( 'NONE', #6698, 1000.000000000000000 ) ;
#5735 = CARTESIAN_POINT ( 'NONE',  ( 1.750000000000021094, 0.05000000000000000278, -0.7999999999999994893 ) ) ;
#5736 = DIRECTION ( 'NONE',  ( 0.000000000000000000, 0.000000000000000000, -1.000000000000000000 ) ) ;
#5737 = VERTEX_POINT ( 'NONE', #3614 ) ;
#5738 = FACE_OUTER_BOUND ( 'NONE', #3170, .T. ) ;
#5739 = AXIS2_PLACEMENT_3D ( 'NONE', #7748, #2482, #1080 ) ;
#5740 = CARTESIAN_POINT ( 'NONE',  ( 0.2500000000000210387, 0.05000000000000000278, -1.299999999999999600 ) ) ;
#5741 = CARTESIAN_POINT ( 'NONE',  ( -2.400000000000000355, 0.05000000000000000278, 0.2500000000000002220 ) ) ;
#5742 =( NAMED_UNIT ( * ) SI_UNIT ( $, .STERADIAN. ) SOLID_ANGLE_UNIT ( ) );
#5743 = ORIENTED_EDGE ( 'NONE', *, *, #2608, .T. ) ;
#5744 = MECHANICAL_DESIGN_GEOMETRIC_PRESENTATION_REPRESENTATION (  '', ( #9002 ), #7936 ) ;
#5745 = DIRECTION ( 'NONE',  ( 0.000000000000000000, 0.000000000000000000, -1.000000000000000000 ) ) ;
#5746 = EDGE_CURVE ( 'NONE', #4311, #5808, #749, .T. ) ;
#5747 = DIRECTION ( 'NONE',  ( 0.000000000000000000, -1.000000000000000000, 0.000000000000000000 ) ) ;
#5748 = VECTOR ( 'NONE', #9105, 1000.000000000000000 ) ;
#5749 = CARTESIAN_POINT ( 'NONE',  ( 3.130000000000000338, 1.464999999999999858, -1.479999999999999760 ) ) ;
#5750 = EDGE_CURVE ( 'NONE', #3227, #6762, #8828, .T. ) ;
#5751 = ORIENTED_EDGE ( 'NONE', *, *, #9312, .T. ) ;
#5752 = CARTESIAN_POINT ( 'NONE',  ( 3.100000000000000533, 0.05000000000000000278, -1.414999999999999813 ) ) ;
#5753 = ORIENTED_EDGE ( 'NONE', *, *, #9193, .T. ) ;
#5754 = DIRECTION ( 'NONE',  ( 0.000000000000000000, 0.000000000000000000, -1.000000000000000000 ) ) ;
#5755 = CARTESIAN_POINT ( 'NONE',  ( -1.999999999999978684, 0.05000000000000000278, -0.7999999999999994893 ) ) ;
#5756 = CARTESIAN_POINT ( 'NONE',  ( -3.165000000000000480, 1.500000000000000000, -0.6149999999999989919 ) ) ;
#5757 =( GEOMETRIC_REPRESENTATION_CONTEXT ( 3 ) GLOBAL_UNCERTAINTY_ASSIGNED_CONTEXT ( ( #2997 ) ) GLOBAL_UNIT_ASSIGNED_CONTEXT ( ( #4706, #6775, #8320 ) ) REPRESENTATION_CONTEXT ( 'NONE', 'WORKASPACE' ) );
#5758 = EDGE_CURVE ( 'NONE', #3158, #3507, #5123, .T. ) ;
#5759 = EDGE_CURVE ( 'NONE', #618, #9403, #8781, .T. ) ;
#5760 = DIRECTION ( 'NONE',  ( 0.000000000000000000, 1.000000000000000000, 0.000000000000000000 ) ) ;
#5761 = CARTESIAN_POINT ( 'NONE',  ( -1.387499999999999956, 1.500000000000000000, 0.3424999999999996381 ) ) ;
#5762 = CARTESIAN_POINT ( 'NONE',  ( 1.250000000000021094, 0.05000000000000000278, -0.7999999999999997113 ) ) ;
#5763 = DIRECTION ( 'NONE',  ( 1.000000000000000000, 0.000000000000000000, 0.000000000000000000 ) ) ;
#5764 = CARTESIAN_POINT ( 'NONE',  ( -1.885000000000000231, 1.464999999999999858, 1.479999999999999760 ) ) ;
#5765 = PRESENTATION_LAYER_ASSIGNMENT (  '', '', ( #2021 ) ) ;
#5766 = EDGE_CURVE ( 'NONE', #8674, #1863, #9542, .T. ) ;
#5767 = AXIS2_PLACEMENT_3D ( 'NONE', #6688, #6045, #5955 ) ;
#5768 = EDGE_LOOP ( 'NONE', ( #4841, #1364, #4182, #3341 ) ) ;
#5769 = EDGE_CURVE ( 'NONE', #688, #2461, #6558, .T. ) ;
#5770 = ORIENTED_EDGE ( 'NONE', *, *, #9157, .T. ) ;
#5771 = DIRECTION ( 'NONE',  ( 0.000000000000000000, 1.000000000000000000, 0.000000000000000000 ) ) ;
#5772 = FACE_OUTER_BOUND ( 'NONE', #8612, .T. ) ;
#5773 = ORIENTED_EDGE ( 'NONE', *, *, #7009, .T. ) ;
#5774 = ORIENTED_EDGE ( 'NONE', *, *, #1409, .F. ) ;
#5775 = FACE_OUTER_BOUND ( 'NONE', #8907, .T. ) ;
#5776 = AXIS2_PLACEMENT_3D ( 'NONE', #543, #5656, #4234 ) ;
#5777 = VECTOR ( 'NONE', #8044, 1000.000000000000000 ) ;
#5778 = LINE ( 'NONE', #5678, #1386 ) ;
#5779 = DIRECTION ( 'NONE',  ( 0.000000000000000000, 1.000000000000000000, 0.000000000000000000 ) ) ;
#5780 = PLANE ( 'NONE',  #6792 ) ;
#5781 = PLANE ( 'NONE',  #2216 ) ;
#5782 = ORIENTED_EDGE ( 'NONE', *, *, #9374, .T. ) ;
#5783 = VERTEX_POINT ( 'NONE', #4343 ) ;
#5784 = FACE_OUTER_BOUND ( 'NONE', #946, .T. ) ;
#5785 = VECTOR ( 'NONE', #6989, 1000.000000000000000 ) ;
#5786 = VECTOR ( 'NONE', #5928, 1000.000000000000000 ) ;
#5787 = ORIENTED_EDGE ( 'NONE', *, *, #4328, .T. ) ;
#5788 = CARTESIAN_POINT ( 'NONE',  ( 1.849999999999999867, 1.464999999999999858, -1.449999999999999734 ) ) ;
#5789 = DIRECTION ( 'NONE',  ( -1.000000000000000000, -0.000000000000000000, -0.000000000000000000 ) ) ;
#5790 = ORIENTED_EDGE ( 'NONE', *, *, #1772, .T. ) ;
#5791 = DIRECTION ( 'NONE',  ( 0.000000000000000000, 1.000000000000000000, 0.000000000000000000 ) ) ;
#5792 = VECTOR ( 'NONE', #986, 1000.000000000000000 ) ;
#5793 = PLANE ( 'NONE',  #2588 ) ;
#5794 = PLANE ( 'NONE',  #5060 ) ;
#5795 = DIRECTION ( 'NONE',  ( 0.000000000000000000, 1.000000000000000000, -0.000000000000000000 ) ) ;
#5796 = CARTESIAN_POINT ( 'NONE',  ( -3.100000000000000533, 0.05000000000000000278, -1.414999999999999813 ) ) ;
#5797 = ORIENTED_EDGE ( 'NONE', *, *, #7990, .T. ) ;
#5798 = CARTESIAN_POINT ( 'NONE',  ( 1.885000000000000009, 1.464999999999999858, 1.479999999999999760 ) ) ;
#5799 = ORIENTED_EDGE ( 'NONE', *, *, #7434, .T. ) ;
#5800 = PRESENTATION_STYLE_ASSIGNMENT (( #7217 ) ) ;
#5801 = CARTESIAN_POINT ( 'NONE',  ( 3.130000000000000338, 1.464999999999999858, -1.444999999999999840 ) ) ;
#5802 = VECTOR ( 'NONE', #8483, 1000.000000000000000 ) ;
#5803 = ORIENTED_EDGE ( 'NONE', *, *, #8138, .T. ) ;
#5804 = DIRECTION ( 'NONE',  ( -0.3420201433256694901, 0.9396926207859082059, 2.472126549516630243E-15 ) ) ;
#5805 = ORIENTED_EDGE ( 'NONE', *, *, #6109, .F. ) ;
#5806 = DIRECTION ( 'NONE',  ( 0.000000000000000000, 0.000000000000000000, -1.000000000000000000 ) ) ;
#5807 = ADVANCED_FACE ( 'NONE', ( #2255 ), #7336, .F. ) ;
#5808 = VERTEX_POINT ( 'NONE', #7471 ) ;
#5809 = DIRECTION ( 'NONE',  ( 1.000000000000000000, 0.000000000000000000, 7.228014483236188726E-16 ) ) ;
#5810 = SURFACE_STYLE_FILL_AREA ( #1382 ) ;
#5811 = DIRECTION ( 'NONE',  ( 0.5735764363510470476, -0.8191520442889911324, 0.000000000000000000 ) ) ;
#5812 = FACE_OUTER_BOUND ( 'NONE', #9447, .T. ) ;
#5813 = DIRECTION ( 'NONE',  ( 0.000000000000000000, 1.000000000000000000, 0.000000000000000000 ) ) ;
#5814 = VECTOR ( 'NONE', #8474, 1000.000000000000000 ) ;
#5815 = EDGE_LOOP ( 'NONE', ( #2836, #569, #24, #7389 ) ) ;
#5816 = CARTESIAN_POINT ( 'NONE',  ( -2.900000000000000355, 0.05000000000000000278, -0.2499999999999997780 ) ) ;
#5817 = ORIENTED_EDGE ( 'NONE', *, *, #815, .F. ) ;
#5818 = EDGE_CURVE ( 'NONE', #3184, #6329, #7094, .T. ) ;
#5819 = ADVANCED_FACE ( 'NONE', ( #5869 ), #70, .F. ) ;
#5820 = CARTESIAN_POINT ( 'NONE',  ( -2.299999999999999822, 0.05000000000000000278, -0.6999999999999995115 ) ) ;
#5821 = DIRECTION ( 'NONE',  ( 0.000000000000000000, 0.000000000000000000, -1.000000000000000000 ) ) ;
#5822 = ORIENTED_EDGE ( 'NONE', *, *, #5220, .T. ) ;
#5823 = VECTOR ( 'NONE', #1404, 1000.000000000000000 ) ;
#5824 = EDGE_CURVE ( 'NONE', #3985, #7853, #2157, .T. ) ;
#5825 = EDGE_CURVE ( 'NONE', #9174, #529, #2302, .T. ) ;
#5826 = CARTESIAN_POINT ( 'NONE',  ( 1.324999999999999512, 1.464999999999999858, -0.5600000000000003864 ) ) ;
#5827 = PLANE ( 'NONE',  #3591 ) ;
#5828 = CARTESIAN_POINT ( 'NONE',  ( -2.400000000000000355, 0.05000000000000000278, -0.2499999999999997780 ) ) ;
#5829 = ORIENTED_EDGE ( 'NONE', *, *, #8610, .F. ) ;
#5830 = EDGE_LOOP ( 'NONE', ( #10, #5032, #3706, #6758 ) ) ;
#5831 = EDGE_CURVE ( 'NONE', #7772, #2104, #8874, .T. ) ;
#5832 = CARTESIAN_POINT ( 'NONE',  ( 0.9999999999999995559, 0.05000000000000000278, 1.300000000000000266 ) ) ;
#5833 = ORIENTED_EDGE ( 'NONE', *, *, #4613, .T. ) ;
#5834 = VECTOR ( 'NONE', #1242, 1000.000000000000000 ) ;
#5835 = VECTOR ( 'NONE', #2246, 1000.000000000000000 ) ;
#5836 = ORIENTED_EDGE ( 'NONE', *, *, #2301, .F. ) ;
#5837 = LINE ( 'NONE', #8798, #8470 ) ;
#5838 = EDGE_CURVE ( 'NONE', #2909, #2591, #8490, .T. ) ;
#5839 = DIRECTION ( 'NONE',  ( -0.000000000000000000, -0.000000000000000000, 1.000000000000000000 ) ) ;
#5840 = CARTESIAN_POINT ( 'NONE',  ( -3.102500000000000036, 1.464999999999999858, -0.6949999999999993960 ) ) ;
#5841 = DIRECTION ( 'NONE',  ( 1.000000000000000000, -0.000000000000000000, 0.000000000000000000 ) ) ;
#5842 = CARTESIAN_POINT ( 'NONE',  ( 0.9999999999999995559, 0.05000000000000000278, 1.414999999999999813 ) ) ;
#5843 = PRESENTATION_STYLE_ASSIGNMENT (( #1270 ) ) ;
#5844 = LINE ( 'NONE', #8133, #6094 ) ;
#5845 = VERTEX_POINT ( 'NONE', #2406 ) ;
#5846 = CARTESIAN_POINT ( 'NONE',  ( -3.200000000000000178, 1.464999999999999858, 1.439999999999999947 ) ) ;
#5847 = ORIENTED_EDGE ( 'NONE', *, *, #5640, .T. ) ;
#5848 = SURFACE_SIDE_STYLE ('',( #3590 ) ) ;
#5849 = CIRCLE ( 'NONE', #7256, 0.03500000000000009354 ) ;
#5850 = SURFACE_SIDE_STYLE ('',( #4233 ) ) ;
#5851 = DIRECTION ( 'NONE',  ( -1.000000000000000000, 0.000000000000000000, 5.973565688625369584E-17 ) ) ;
#5852 = ORIENTED_EDGE ( 'NONE', *, *, #1776, .F. ) ;
#5853 = VECTOR ( 'NONE', #9464, 1000.000000000000000 ) ;
#5854 = CARTESIAN_POINT ( 'NONE',  ( -2.397499999999999520, 1.439999999999999947, -0.6599999999999995870 ) ) ;
#5855 = ORIENTED_EDGE ( 'NONE', *, *, #115, .F. ) ;
#5856 = AXIS2_PLACEMENT_3D ( 'NONE', #7721, #3076, #892 ) ;
#5857 = LINE ( 'NONE', #2141, #6034 ) ;
#5858 = ORIENTED_EDGE ( 'NONE', *, *, #330, .F. ) ;
#5859 = DIRECTION ( 'NONE',  ( 0.000000000000000000, 0.000000000000000000, 1.000000000000000000 ) ) ;
#5860 = CARTESIAN_POINT ( 'NONE',  ( -1.000000000000000444, 0.05000000000000000278, 0.8000000000000003775 ) ) ;
#5861 = CARTESIAN_POINT ( 'NONE',  ( -3.165000000000000480, 1.464999999999999858, -0.6149999999999989919 ) ) ;
#5862 = VECTOR ( 'NONE', #8128, 1000.000000000000000 ) ;
#5863 = AXIS2_PLACEMENT_3D ( 'NONE', #7823, #3293, #7871 ) ;
#5864 = CARTESIAN_POINT ( 'NONE',  ( 2.620000000000000551, 1.324999999999999956, -0.2250000000000002554 ) ) ;
#5865 = SURFACE_SIDE_STYLE ('',( #923 ) ) ;
#5866 = ORIENTED_EDGE ( 'NONE', *, *, #4987, .T. ) ;
#5867 = PLANE ( 'NONE',  #7757 ) ;
#5868 = VECTOR ( 'NONE', #8451, 1000.000000000000000 ) ;
#5869 = FACE_OUTER_BOUND ( 'NONE', #8548, .T. ) ;
#5870 = VERTEX_POINT ( 'NONE', #3900 ) ;
#5871 = EDGE_CURVE ( 'NONE', #4096, #9276, #9071, .T. ) ;
#5872 = DIRECTION ( 'NONE',  ( -0.000000000000000000, -1.000000000000000000, -0.000000000000000000 ) ) ;
#5873 = DIRECTION ( 'NONE',  ( 0.000000000000000000, 0.000000000000000000, 1.000000000000000000 ) ) ;
#5874 = CARTESIAN_POINT ( 'NONE',  ( 2.020000000000000018, 1.500000000000000000, 0.4249999999999998224 ) ) ;
#5875 = DIRECTION ( 'NONE',  ( 1.000000000000000000, 0.000000000000000000, 0.000000000000000000 ) ) ;
#5876 = DIRECTION ( 'NONE',  ( 0.000000000000000000, -1.000000000000000000, 0.000000000000000000 ) ) ;
#5877 = VERTEX_POINT ( 'NONE', #1771 ) ;
#5878 = ORIENTED_EDGE ( 'NONE', *, *, #8082, .T. ) ;
#5879 = LINE ( 'NONE', #568, #4065 ) ;
#5880 = EDGE_CURVE ( 'NONE', #5089, #4016, #7578, .T. ) ;
#5881 = ORIENTED_EDGE ( 'NONE', *, *, #1716, .F. ) ;
#5882 = DIRECTION ( 'NONE',  ( 0.000000000000000000, 1.000000000000000000, 0.000000000000000000 ) ) ;
#5883 = LINE ( 'NONE', #3627, #1892 ) ;
#5884 = ORIENTED_EDGE ( 'NONE', *, *, #5447, .F. ) ;
#5885 = VECTOR ( 'NONE', #3026, 1000.000000000000000 ) ;
#5886 = LINE ( 'NONE', #5933, #549 ) ;
#5887 = EDGE_CURVE ( 'NONE', #988, #7101, #406, .T. ) ;
#5888 = EDGE_CURVE ( 'NONE', #7902, #4965, #6799, .T. ) ;
#5889 = LINE ( 'NONE', #9511, #5380 ) ;
#5890 = DIRECTION ( 'NONE',  ( -0.000000000000000000, 1.000000000000000000, -0.000000000000000000 ) ) ;
#5891 = VECTOR ( 'NONE', #9224, 1000.000000000000000 ) ;
#5892 = DIRECTION ( 'NONE',  ( -0.000000000000000000, -1.000000000000000000, -0.000000000000000000 ) ) ;
#5893 = DIRECTION ( 'NONE',  ( -0.000000000000000000, 0.000000000000000000, -1.000000000000000000 ) ) ;
#5894 = ADVANCED_FACE ( 'NONE', ( #4729 ), #7768, .T. ) ;
#5895 = VERTEX_POINT ( 'NONE', #306 ) ;
#5896 = EDGE_CURVE ( 'NONE', #1609, #2066, #945, .T. ) ;
#5897 = DIRECTION ( 'NONE',  ( 0.000000000000000000, 1.000000000000000000, -0.000000000000000000 ) ) ;
#5898 = EDGE_LOOP ( 'NONE', ( #3536, #1697, #9392, #4420 ) ) ;
#5899 = CIRCLE ( 'NONE', #1691, 0.07000000000000018707 ) ;
#5900 = CARTESIAN_POINT ( 'NONE',  ( -0.2499999999999785449, 0.000000000000000000, -0.7999999999999997113 ) ) ;
#5901 = ORIENTED_EDGE ( 'NONE', *, *, #6399, .F. ) ;
#5902 = CARTESIAN_POINT ( 'NONE',  ( -1.850000000000000089, 1.464999999999999858, -1.479999999999999760 ) ) ;
#5903 = VECTOR ( 'NONE', #4932, 1000.000000000000000 ) ;
#5904 = CARTESIAN_POINT ( 'NONE',  ( -3.102500000000000036, 1.464999999999999858, -1.434999999999999165 ) ) ;
#5905 = ORIENTED_EDGE ( 'NONE', *, *, #8307, .F. ) ;
#5906 = CARTESIAN_POINT ( 'NONE',  ( -1.947499999999999565, 1.500000000000000000, -0.2174999999999998601 ) ) ;
#5907 = CARTESIAN_POINT ( 'NONE',  ( -1.704999999999999849, 1.350000000000000089, 0.3500000000000000888 ) ) ;
#5908 = PLANE ( 'NONE',  #9480 ) ;
#5909 = PLANE ( 'NONE',  #499 ) ;
#5910 = DIRECTION ( 'NONE',  ( 1.000000000000000000, 0.000000000000000000, -8.673617379884035472E-16 ) ) ;
#5911 = CARTESIAN_POINT ( 'NONE',  ( 2.000000000000000000, 0.05000000000000000278, 1.300000000000000266 ) ) ;
#5912 = ORIENTED_EDGE ( 'NONE', *, *, #2379, .T. ) ;
#5913 = ORIENTED_EDGE ( 'NONE', *, *, #454, .T. ) ;
#5914 = DIRECTION ( 'NONE',  ( -0.000000000000000000, -1.000000000000000000, -0.000000000000000000 ) ) ;
#5915 = ORIENTED_EDGE ( 'NONE', *, *, #3963, .T. ) ;
#5917 = CLOSED_SHELL ( 'NONE', ( #646, #4323, #9484, #2708, #1120, #7738, #570, #9476, #9087, #9593 ) ) ;
#5916 = CARTESIAN_POINT ( 'NONE',  ( -3.130000000000000338, 1.500000000000000000, 1.479999999999999760 ) ) ;
#5918 = LINE ( 'NONE', #8880, #5936 ) ;
#5919 = CARTESIAN_POINT ( 'NONE',  ( -3.125000000000000000, 1.464999999999999858, 1.439999999999999947 ) ) ;
#5920 = DIRECTION ( 'NONE',  ( 0.000000000000000000, 0.000000000000000000, -1.000000000000000000 ) ) ;
#5921 = ORIENTED_EDGE ( 'NONE', *, *, #525, .F. ) ;
#5922 =( NAMED_UNIT ( * ) PLANE_ANGLE_UNIT ( ) SI_UNIT ( $, .RADIAN. ) );
#5923 = VERTEX_POINT ( 'NONE', #4629 ) ;
#5924 = CARTESIAN_POINT ( 'NONE',  ( -1.947500000000000009, 1.350000000000000089, -0.1424999999999998768 ) ) ;
#5925 = ORIENTED_EDGE ( 'NONE', *, *, #1646, .T. ) ;
#5926 = PLANE ( 'NONE',  #3491 ) ;
#5927 = VECTOR ( 'NONE', #8103, 1000.000000000000000 ) ;
#5928 = DIRECTION ( 'NONE',  ( -1.000000000000000000, 0.000000000000000000, 3.497426362856465737E-17 ) ) ;
#5929 = VECTOR ( 'NONE', #8876, 1000.000000000000000 ) ;
#5930 = ORIENTED_EDGE ( 'NONE', *, *, #4867, .T. ) ;
#5931 = AXIS2_PLACEMENT_3D ( 'NONE', #4335, #2734, #9346 ) ;
#5932 = STYLED_ITEM ( 'NONE', ( #8811 ), #4075 ) ;
#5933 = CARTESIAN_POINT ( 'NONE',  ( 1.324999999999999512, 1.464999999999999858, -0.5600000000000003864 ) ) ;
#5934 = ADVANCED_FACE ( 'NONE', ( #2454 ), #1818, .F. ) ;
#5935 = DIRECTION ( 'NONE',  ( -0.9799247046208302558, -0.1993679344171941092, 0.000000000000000000 ) ) ;
#5936 = VECTOR ( 'NONE', #8162, 1000.000000000000000 ) ;
#5937 = CARTESIAN_POINT ( 'NONE',  ( -0.4999999999999785172, 0.05000000000000000278, -0.7999999999999994893 ) ) ;
#5938 = VECTOR ( 'NONE', #6527, 1000.000000000000000 ) ;
#5939 = PRESENTATION_STYLE_ASSIGNMENT (( #8706 ) ) ;
#5940 = CARTESIAN_POINT ( 'NONE',  ( 0.4999999999999995559, 0.05000000000000000278, 0.8000000000000003775 ) ) ;
#5941 = EDGE_LOOP ( 'NONE', ( #8484, #9133, #6456, #2473, #6183, #9213, #2485, #3074, #1630, #4726, #4762, #7462, #345, #3751, #6603, #8067, #2894, #2594, #5180, #291, #3141, #4602, #4097, #7659 ) ) ;
#5942 = EDGE_CURVE ( 'NONE', #4776, #5366, #2350, .T. ) ;
#5943 = DIRECTION ( 'NONE',  ( -1.000000000000000000, 0.000000000000000000, -0.000000000000000000 ) ) ;
#5944 = EDGE_CURVE ( 'NONE', #739, #9498, #9167, .T. ) ;
#5945 = VERTEX_POINT ( 'NONE', #6107 ) ;
#5946 = VECTOR ( 'NONE', #2049, 1000.000000000000000 ) ;
#5947 = COLOUR_RGB ( '',1.000000000000000000, 0.8117647058823529438, 0.5019607843137254832 ) ;
#5948 = EDGE_CURVE ( 'NONE', #2511, #3460, #7629, .T. ) ;
#5949 = ADVANCED_FACE ( 'NONE', ( #4577, #3797, #6935, #2553 ), #5319, .F. ) ;
#5950 = DIRECTION ( 'NONE',  ( -0.000000000000000000, -0.000000000000000000, 1.000000000000000000 ) ) ;
#5951 = ORIENTED_EDGE ( 'NONE', *, *, #2376, .T. ) ;
#5952 = DIRECTION ( 'NONE',  ( 0.000000000000000000, 0.000000000000000000, 1.000000000000000000 ) ) ;
#5953 = ORIENTED_EDGE ( 'NONE', *, *, #8372, .T. ) ;
#5954 = ORIENTED_EDGE ( 'NONE', *, *, #347, .F. ) ;
#5955 = DIRECTION ( 'NONE',  ( 0.000000000000000000, 0.000000000000000000, 1.000000000000000000 ) ) ;
#5956 = EDGE_CURVE ( 'NONE', #1089, #889, #5849, .T. ) ;
#5957 = ORIENTED_EDGE ( 'NONE', *, *, #7378, .T. ) ;
#5958 = DIRECTION ( 'NONE',  ( -0.000000000000000000, 1.000000000000000000, -0.000000000000000000 ) ) ;
#5959 = VECTOR ( 'NONE', #1535, 1000.000000000000000 ) ;
#5960 = DIRECTION ( 'NONE',  ( 0.000000000000000000, -0.000000000000000000, -1.000000000000000000 ) ) ;
#5961 = ADVANCED_FACE ( 'NONE', ( #5521 ), #117, .T. ) ;
#5962 = DIRECTION ( 'NONE',  ( 0.8191520442889911324, 0.5735764363510470476, 0.000000000000000000 ) ) ;
#5963 = CARTESIAN_POINT ( 'NONE',  ( 3.100000000000000533, 0.05000000000000000278, 1.414999999999999813 ) ) ;
#5964 = LINE ( 'NONE', #1524, #7749 ) ;
#5965 = ORIENTED_EDGE ( 'NONE', *, *, #5099, .T. ) ;
#5966 = AXIS2_PLACEMENT_3D ( 'NONE', #6881, #6835, #2444 ) ;
#5967 = DIRECTION ( 'NONE',  ( -0.000000000000000000, -1.000000000000000000, -0.000000000000000000 ) ) ;
#5968 = ORIENTED_EDGE ( 'NONE', *, *, #6545, .T. ) ;
#5969 = VECTOR ( 'NONE', #6828, 1000.000000000000000 ) ;
#5970 = LINE ( 'NONE', #2258, #4013 ) ;
#5971 = DIRECTION ( 'NONE',  ( -0.000000000000000000, -1.000000000000000000, -0.000000000000000000 ) ) ;
#5972 = FACE_OUTER_BOUND ( 'NONE', #3883, .T. ) ;
#5973 = CARTESIAN_POINT ( 'NONE',  ( 1.945000000000000062, 1.324999999999999956, 0.4249999999999998224 ) ) ;
#5974 = ORIENTED_EDGE ( 'NONE', *, *, #4817, .F. ) ;
#5975 = ORIENTED_EDGE ( 'NONE', *, *, #2435, .F. ) ;
#5976 = DIRECTION ( 'NONE',  ( -8.673617379884035472E-16, 0.000000000000000000, -1.000000000000000000 ) ) ;
#5977 = FACE_OUTER_BOUND ( 'NONE', #832, .T. ) ;
#5978 = CARTESIAN_POINT ( 'NONE',  ( 1.885000000000000009, 1.464999999999999858, 1.479999999999999760 ) ) ;
#5979 =( NAMED_UNIT ( * ) PLANE_ANGLE_UNIT ( ) SI_UNIT ( $, .RADIAN. ) );
#5980 = ORIENTED_EDGE ( 'NONE', *, *, #9212, .T. ) ;
#5981 = DIRECTION ( 'NONE',  ( 0.000000000000000000, 0.000000000000000000, -1.000000000000000000 ) ) ;
#5982 = FACE_OUTER_BOUND ( 'NONE', #4584, .T. ) ;
#5983 = CARTESIAN_POINT ( 'NONE',  ( 2.620000000000000107, 1.350000000000000089, -0.3000000000000002665 ) ) ;
#5984 = DIRECTION ( 'NONE',  ( -1.000000000000000000, 0.000000000000000000, 2.506825832336425562E-16 ) ) ;
#5985 = ORIENTED_EDGE ( 'NONE', *, *, #1292, .T. ) ;
#5986 = CARTESIAN_POINT ( 'NONE',  ( -0.4999999999999785172, 0.05000000000000000278, -0.7999999999999994893 ) ) ;
#5987 = ORIENTED_EDGE ( 'NONE', *, *, #7142, .T. ) ;
#5988 = FACE_OUTER_BOUND ( 'NONE', #4986, .T. ) ;
#5989 = EDGE_CURVE ( 'NONE', #5510, #3589, #3848, .T. ) ;
#5990 = ORIENTED_EDGE ( 'NONE', *, *, #7442, .F. ) ;
#5991 = DIRECTION ( 'NONE',  ( -0.000000000000000000, 1.000000000000000000, -0.000000000000000000 ) ) ;
#5992 = ORIENTED_EDGE ( 'NONE', *, *, #8380, .F. ) ;
#5993 = DIRECTION ( 'NONE',  ( 0.000000000000000000, -0.000000000000000000, 1.000000000000000000 ) ) ;
#5994 = VERTEX_POINT ( 'NONE', #9302 ) ;
#5995 = CARTESIAN_POINT ( 'NONE',  ( -0.7500000000000002220, 1.464999999999999858, -0.5100000000000000089 ) ) ;
#5996 = EDGE_CURVE ( 'NONE', #1927, #3745, #7084, .T. ) ;
#5997 = AXIS2_PLACEMENT_3D ( 'NONE', #2168, #7445, #8213 ) ;
#5998 = EDGE_CURVE ( 'NONE', #5359, #1933, #4139, .T. ) ;
#5999 = ORIENTED_EDGE ( 'NONE', *, *, #2767, .T. ) ;
#6000 = DIRECTION ( 'NONE',  ( -0.000000000000000000, -0.000000000000000000, 1.000000000000000000 ) ) ;
#6001 = ADVANCED_FACE ( 'NONE', ( #8722 ), #2045, .T. ) ;
#6002 = ADVANCED_FACE ( 'NONE', ( #453 ), #1288, .F. ) ;
#6003 = AXIS2_PLACEMENT_3D ( 'NONE', #3174, #5474, #1724 ) ;
#6004 = VERTEX_POINT ( 'NONE', #9259 ) ;
#6005 = CARTESIAN_POINT ( 'NONE',  ( 1.749999999999999334, 0.05000000000000000278, -1.414999999999999369 ) ) ;
#6006 = EDGE_CURVE ( 'NONE', #4356, #5528, #1234, .T. ) ;
#6007 = ADVANCED_FACE ( 'NONE', ( #4244 ), #7226, .T. ) ;
#6008 = DIRECTION ( 'NONE',  ( 0.000000000000000000, -1.000000000000000000, 0.000000000000000000 ) ) ;
#6009 = VERTEX_POINT ( 'NONE', #1095 ) ;
#6010 = CIRCLE ( 'NONE', #5225, 0.07499999999999998335 ) ;
#6011 = VECTOR ( 'NONE', #9037, 1000.000000000000000 ) ;
#6012 = FACE_OUTER_BOUND ( 'NONE', #3775, .T. ) ;
#6013 = CARTESIAN_POINT ( 'NONE',  ( 2.000000000000000000, 0.05000000000000000278, 0.8000000000000003775 ) ) ;
#6014 = FACE_OUTER_BOUND ( 'NONE', #2815, .T. ) ;
#6015 = CARTESIAN_POINT ( 'NONE',  ( -0.9999999999999785727, 0.05000000000000000278, -0.7999999999999997113 ) ) ;
#6016 = ORIENTED_EDGE ( 'NONE', *, *, #3847, .F. ) ;
#6017 = AXIS2_PLACEMENT_3D ( 'NONE', #310, #3284, #6113 ) ;
#6018 =( NAMED_UNIT ( * ) SI_UNIT ( $, .STERADIAN. ) SOLID_ANGLE_UNIT ( ) );
#6019 = EDGE_LOOP ( 'NONE', ( #748, #1379, #5822, #3829 ) ) ;
#6020 = VECTOR ( 'NONE', #7058, 1000.000000000000000 ) ;
#6021 = FACE_OUTER_BOUND ( 'NONE', #1067, .T. ) ;
#6022 = DIRECTION ( 'NONE',  ( 0.000000000000000000, 0.000000000000000000, 1.000000000000000000 ) ) ;
#6023 =( NAMED_UNIT ( * ) SI_UNIT ( $, .STERADIAN. ) SOLID_ANGLE_UNIT ( ) );
#6024 = ORIENTED_EDGE ( 'NONE', *, *, #8307, .T. ) ;
#6025 = PRESENTATION_LAYER_ASSIGNMENT (  '', '', ( #260 ) ) ;
#6026 = FACE_OUTER_BOUND ( 'NONE', #7252, .T. ) ;
#6027 = CARTESIAN_POINT ( 'NONE',  ( 0.9999999999999995559, 0.05000000000000000278, 1.300000000000000266 ) ) ;
#6028 = UNCERTAINTY_MEASURE_WITH_UNIT (LENGTH_MEASURE( 1.000000000000000082E-05 ), #8666, 'distance_accuracy_value', 'NONE');
#6029 = DIRECTION ( 'NONE',  ( -0.000000000000000000, 1.000000000000000000, -0.000000000000000000 ) ) ;
#6030 = CYLINDRICAL_SURFACE ( 'NONE', #7980, 0.07499999999999998335 ) ;
#6031 = ORIENTED_EDGE ( 'NONE', *, *, #3272, .T. ) ;
#6032 = LINE ( 'NONE', #7695, #3599 ) ;
#6033 = ORIENTED_EDGE ( 'NONE', *, *, #152, .T. ) ;
#6034 = VECTOR ( 'NONE', #6043, 1000.000000000000000 ) ;
#6035 = CARTESIAN_POINT ( 'NONE',  ( 1.749999999999999334, 0.000000000000000000, 1.300000000000000266 ) ) ;
#6036 = DIRECTION ( 'NONE',  ( 0.000000000000000000, -1.000000000000000000, 0.000000000000000000 ) ) ;
#6037 = EDGE_LOOP ( 'NONE', ( #2292, #1986, #6463, #8853 ) ) ;
#6038 = CARTESIAN_POINT ( 'NONE',  ( -2.500000000000000444, 0.05000000000000000278, 0.8000000000000003775 ) ) ;
#6039 = CIRCLE ( 'NONE', #4320, 0.05000000000000002359 ) ;
#6040 = ORIENTED_EDGE ( 'NONE', *, *, #8614, .F. ) ;
#6041 = CARTESIAN_POINT ( 'NONE',  ( 1.750000000000021094, 0.05000000000000000278, -0.7999999999999994893 ) ) ;
#6042 = EDGE_LOOP ( 'NONE', ( #8696, #50, #5833, #6024 ) ) ;
#6043 = DIRECTION ( 'NONE',  ( 0.000000000000000000, 0.000000000000000000, -1.000000000000000000 ) ) ;
#6044 = ORIENTED_EDGE ( 'NONE', *, *, #8510, .F. ) ;
#6045 = DIRECTION ( 'NONE',  ( -0.000000000000000000, -1.000000000000000000, 0.000000000000000000 ) ) ;
#6046 = AXIS2_PLACEMENT_3D ( 'NONE', #4833, #2597, #4882 ) ;
#6047 = ADVANCED_FACE ( 'NONE', ( #4185 ), #7175, .T. ) ;
#6048 = ORIENTED_EDGE ( 'NONE', *, *, #5888, .F. ) ;
#6049 = CARTESIAN_POINT ( 'NONE',  ( -3.137500000000000178, 1.439999999999999947, -0.6949999999999993960 ) ) ;
#6050 = PLANE ( 'NONE',  #5460 ) ;
#6051 = ADVANCED_FACE ( 'NONE', ( #2532 ), #7701, .T. ) ;
#6052 = LINE ( 'NONE', #1811, #657 ) ;
#6053 = AXIS2_PLACEMENT_3D ( 'NONE', #5551, #3348, #6189 ) ;
#6054 = VERTEX_POINT ( 'NONE', #8472 ) ;
#6055 = LINE ( 'NONE', #7388, #7437 ) ;
#6056 = ORIENTED_EDGE ( 'NONE', *, *, #6596, .T. ) ;
#6057 = EDGE_CURVE ( 'NONE', #3383, #9543, #1169, .T. ) ;
#6058 = CARTESIAN_POINT ( 'NONE',  ( 1.250000000000021094, 0.05000000000000000278, -0.7999999999999997113 ) ) ;
#6059 = ORIENTED_EDGE ( 'NONE', *, *, #1069, .F. ) ;
#6060 = EDGE_CURVE ( 'NONE', #2012, #7705, #7870, .T. ) ;
#6061 = ADVANCED_FACE ( 'NONE', ( #237 ), #3209, .T. ) ;
#6062 = CARTESIAN_POINT ( 'NONE',  ( -2.900000000000000355, 0.05000000000000000278, -0.2499999999999997780 ) ) ;
#6063 = DIRECTION ( 'NONE',  ( 0.000000000000000000, 1.000000000000000000, 0.000000000000000000 ) ) ;
#6064 = EDGE_CURVE ( 'NONE', #240, #8632, #1123, .T. ) ;
#6065 = CARTESIAN_POINT ( 'NONE',  ( 2.000000000000021760, 0.05000000000000000278, -0.7999999999999997113 ) ) ;
#6066 = LINE ( 'NONE', #6850, #9509 ) ;
#6067 = EDGE_LOOP ( 'NONE', ( #7822, #5256, #5774, #9095 ) ) ;
#6068 = VERTEX_POINT ( 'NONE', #7887 ) ;
#6069 = FACE_OUTER_BOUND ( 'NONE', #6042, .T. ) ;
#6070 = ORIENTED_EDGE ( 'NONE', *, *, #5100, .F. ) ;
#6071 = DIRECTION ( 'NONE',  ( -0.000000000000000000, 1.000000000000000000, -0.000000000000000000 ) ) ;
#6072 = EDGE_CURVE ( 'NONE', #8465, #3894, #6284, .T. ) ;
#6073 = LINE ( 'NONE', #7493, #1961 ) ;
#6074 = CARTESIAN_POINT ( 'NONE',  ( 1.000000000000021316, 0.000000000000000000, -0.7999999999999994893 ) ) ;
#6075 = DIRECTION ( 'NONE',  ( -1.000000000000000000, -0.000000000000000000, -4.336808689942017736E-16 ) ) ;
#6076 = VERTEX_POINT ( 'NONE', #1801 ) ;
#6077 = FACE_OUTER_BOUND ( 'NONE', #1295, .T. ) ;
#6078 = AXIS2_PLACEMENT_3D ( 'NONE', #5040, #1350, #8025 ) ;
#6079 = VECTOR ( 'NONE', #4086, 1000.000000000000000 ) ;
#6080 = VERTEX_POINT ( 'NONE', #1079 ) ;
#6081 = LINE ( 'NONE', #6772, #5698 ) ;
#6082 = DIRECTION ( 'NONE',  ( -0.000000000000000000, 0.000000000000000000, 1.000000000000000000 ) ) ;
#6083 = ORIENTED_EDGE ( 'NONE', *, *, #7385, .F. ) ;
#6084 = LINE ( 'NONE', #825, #681 ) ;
#6085 = DIRECTION ( 'NONE',  ( 0.000000000000000000, -1.000000000000000000, 0.000000000000000000 ) ) ;
#6086 = VECTOR ( 'NONE', #2187, 1000.000000000000000 ) ;
#6087 = CARTESIAN_POINT ( 'NONE',  ( 3.100000000000000533, 0.1600000000000000033, 1.414999999999999813 ) ) ;
#6088 = ORIENTED_EDGE ( 'NONE', *, *, #359, .F. ) ;
#6089 = CARTESIAN_POINT ( 'NONE',  ( 1.158000000000000140, 0.05000000000000000278, 0.6000000000000000888 ) ) ;
#6090 = ORIENTED_EDGE ( 'NONE', *, *, #744, .F. ) ;
#6091 = VERTEX_POINT ( 'NONE', #3306 ) ;
#6092 = VECTOR ( 'NONE', #5427, 1000.000000000000000 ) ;
#6093 = CARTESIAN_POINT ( 'NONE',  ( 2.020000000000000462, 1.500000000000000000, 0.4999999999999997780 ) ) ;
#6094 = VECTOR ( 'NONE', #8805, 1000.000000000000000 ) ;
#6095 = DIRECTION ( 'NONE',  ( 0.000000000000000000, 1.000000000000000000, -0.000000000000000000 ) ) ;
#6096 = ORIENTED_EDGE ( 'NONE', *, *, #2883, .T. ) ;
#6097 = CARTESIAN_POINT ( 'NONE',  ( -0.6050000000000002043, 1.164999999999999813, -0.4500000000000003997 ) ) ;
#6098 = VECTOR ( 'NONE', #7849, 1000.000000000000000 ) ;
#6099 = AXIS2_PLACEMENT_3D ( 'NONE', #818, #187, #275 ) ;
#6100 = PLANE ( 'NONE',  #7660 ) ;
#6101 = ORIENTED_EDGE ( 'NONE', *, *, #9210, .F. ) ;
#6102 = LINE ( 'NONE', #2154, #3231 ) ;
#6103 = EDGE_LOOP ( 'NONE', ( #8136, #4751, #2658, #55 ) ) ;
#6104 = ORIENTED_EDGE ( 'NONE', *, *, #7827, .T. ) ;
#6105 = DIRECTION ( 'NONE',  ( 0.000000000000000000, -1.000000000000000000, 0.000000000000000000 ) ) ;
#6106 = DIRECTION ( 'NONE',  ( -0.000000000000000000, 0.000000000000000000, 1.000000000000000000 ) ) ;
#6107 = CARTESIAN_POINT ( 'NONE',  ( -0.6999999999999998446, 1.464999999999999858, 0.7599999999999995648 ) ) ;
#6108 = ORIENTED_EDGE ( 'NONE', *, *, #9616, .F. ) ;
#6109 = EDGE_CURVE ( 'NONE', #3994, #1867, #3808, .T. ) ;
#6110 = CARTESIAN_POINT ( 'NONE',  ( -1.885000000000000231, 1.500000000000000000, 1.450000000000000622 ) ) ;
#6111 = DIRECTION ( 'NONE',  ( 0.000000000000000000, 0.000000000000000000, -1.000000000000000000 ) ) ;
#6112 = EDGE_CURVE ( 'NONE', #3729, #3524, #7112, .T. ) ;
#6113 = DIRECTION ( 'NONE',  ( -0.000000000000000000, 0.000000000000000000, 1.000000000000000000 ) ) ;
#6114 = VECTOR ( 'NONE', #6389, 1000.000000000000000 ) ;
#6115 = EDGE_CURVE ( 'NONE', #2982, #7921, #7792, .T. ) ;
#6116 = DIRECTION ( 'NONE',  ( 0.000000000000000000, -1.000000000000000000, 0.000000000000000000 ) ) ;
#6117 = ORIENTED_EDGE ( 'NONE', *, *, #9609, .T. ) ;
#6118 = EDGE_LOOP ( 'NONE', ( #4344, #8574, #5725, #4690 ) ) ;
#6119 = DIRECTION ( 'NONE',  ( -1.000000000000000000, 0.000000000000000000, 0.000000000000000000 ) ) ;
#6120 = CARTESIAN_POINT ( 'NONE',  ( -0.2500000000000002220, 0.05000000000000000278, 0.8000000000000003775 ) ) ;
#6121 = CARTESIAN_POINT ( 'NONE',  ( 2.000000000000000000, 0.000000000000000000, 0.8000000000000003775 ) ) ;
#6122 = EDGE_CURVE ( 'NONE', #573, #3097, #2578, .T. ) ;
#6123 = VERTEX_POINT ( 'NONE', #5448 ) ;
#6124 = ADVANCED_FACE ( 'NONE', ( #7747 ), #8421, .T. ) ;
#6125 = VECTOR ( 'NONE', #4425, 1000.000000000000000 ) ;
#6126 = VECTOR ( 'NONE', #8278, 1000.000000000000000 ) ;
#6127 = CARTESIAN_POINT ( 'NONE',  ( -1.704999999999999849, 1.350000000000000089, 0.3500000000000000888 ) ) ;
#6128 = CARTESIAN_POINT ( 'NONE',  ( -2.500000000000000444, 0.05000000000000000278, 1.414999999999999813 ) ) ;
#6129 = EDGE_CURVE ( 'NONE', #3926, #2649, #7011, .T. ) ;
#6130 = FACE_OUTER_BOUND ( 'NONE', #2389, .T. ) ;
#6131 = CYLINDRICAL_SURFACE ( 'NONE', #4568, 0.03499999999999987843 ) ;
#6132 = EDGE_CURVE ( 'NONE', #7021, #7764, #6232, .T. ) ;
#6133 = CARTESIAN_POINT ( 'NONE',  ( 1.000000000000021316, 0.05000000000000000278, -0.7999999999999994893 ) ) ;
#6134 = DIRECTION ( 'NONE',  ( 1.000000000000000000, 0.000000000000000000, 0.000000000000000000 ) ) ;
#6135 = DIRECTION ( 'NONE',  ( -0.000000000000000000, -0.000000000000000000, 1.000000000000000000 ) ) ;
#6136 = VECTOR ( 'NONE', #241, 1000.000000000000000 ) ;
#6137 = ORIENTED_EDGE ( 'NONE', *, *, #9305, .F. ) ;
#6138 = CARTESIAN_POINT ( 'NONE',  ( -0.2499999999999785449, 0.05000000000000000278, -1.299999999999999600 ) ) ;
#6139 = CYLINDRICAL_SURFACE ( 'NONE', #2812, 0.03499999999999987843 ) ;
#6140 = ORIENTED_EDGE ( 'NONE', *, *, #2838, .T. ) ;
#6141 = EDGE_CURVE ( 'NONE', #8290, #2098, #246, .T. ) ;
#6142 = DIRECTION ( 'NONE',  ( 0.1993679344171940537, -0.9799247046208302558, 0.000000000000000000 ) ) ;
#6143 = CARTESIAN_POINT ( 'NONE',  ( -1.000000000000000444, 0.05000000000000000278, 0.8000000000000003775 ) ) ;
#6144 = CARTESIAN_POINT ( 'NONE',  ( 0.9300000000000000488, 1.164999999999999813, 0.6499999999999996891 ) ) ;
#6145 = ORIENTED_EDGE ( 'NONE', *, *, #1240, .T. ) ;
#6146 = CARTESIAN_POINT ( 'NONE',  ( 1.749999999999998890, 0.000000000000000000, 0.8000000000000003775 ) ) ;
#6147 = ORIENTED_EDGE ( 'NONE', *, *, #3663, .F. ) ;
#6148 = ORIENTED_EDGE ( 'NONE', *, *, #4613, .F. ) ;
#6149 = PLANE ( 'NONE',  #8710 ) ;
#6150 = CIRCLE ( 'NONE', #2566, 0.02040446486006950930 ) ;
#6151 = DIRECTION ( 'NONE',  ( 0.000000000000000000, 0.000000000000000000, 1.000000000000000000 ) ) ;
#6152 = VECTOR ( 'NONE', #2294, 1000.000000000000000 ) ;
#6153 = VERTEX_POINT ( 'NONE', #5500 ) ;
#6154 = DIRECTION ( 'NONE',  ( -1.000000000000000000, -0.000000000000000000, -4.336808689942017736E-16 ) ) ;
#6155 = LINE ( 'NONE', #3115, #974 ) ;
#6156 = VERTEX_POINT ( 'NONE', #6378 ) ;
#6157 = ORIENTED_EDGE ( 'NONE', *, *, #5093, .F. ) ;
#6158 = DIRECTION ( 'NONE',  ( 0.000000000000000000, 0.000000000000000000, -1.000000000000000000 ) ) ;
#6159 = DIRECTION ( 'NONE',  ( 0.000000000000000000, 0.000000000000000000, -1.000000000000000000 ) ) ;
#6160 = ORIENTED_EDGE ( 'NONE', *, *, #1878, .F. ) ;
#6161 = VECTOR ( 'NONE', #6648, 1000.000000000000000 ) ;
#6162 = CARTESIAN_POINT ( 'NONE',  ( -2.000000000000000444, 0.000000000000000000, 1.300000000000000266 ) ) ;
#6163 = DIRECTION ( 'NONE',  ( -0.000000000000000000, 1.000000000000000000, -0.000000000000000000 ) ) ;
#6164 = CARTESIAN_POINT ( 'NONE',  ( -0.5000000000000004441, 0.000000000000000000, 1.300000000000000266 ) ) ;
#6165 = EDGE_LOOP ( 'NONE', ( #6207, #4341, #1913, #5184 ) ) ;
#6166 = EDGE_LOOP ( 'NONE', ( #6245, #9268, #8368, #3810 ) ) ;
#6167 = FACE_OUTER_BOUND ( 'NONE', #7509, .T. ) ;
#6168 = AXIS2_PLACEMENT_3D ( 'NONE', #7595, #769, #3722 ) ;
#6169 = SURFACE_STYLE_FILL_AREA ( #906 ) ;
#6170 = ORIENTED_EDGE ( 'NONE', *, *, #5154, .F. ) ;
#6171 = EDGE_CURVE ( 'NONE', #5663, #4479, #9286, .T. ) ;
#6172 = CARTESIAN_POINT ( 'NONE',  ( 0.4999999999999995559, 0.000000000000000000, 0.8000000000000003775 ) ) ;
#6173 = DIRECTION ( 'NONE',  ( -0.000000000000000000, -1.000000000000000000, -0.000000000000000000 ) ) ;
#6174 = AXIS2_PLACEMENT_3D ( 'NONE', #3458, #9399, #2740 ) ;
#6175 = VECTOR ( 'NONE', #6158, 1000.000000000000000 ) ;
#6176 = CARTESIAN_POINT ( 'NONE',  ( -1.850000000000000089, 0.2000000000000000944, 1.450000000000000622 ) ) ;
#6177 = FACE_OUTER_BOUND ( 'NONE', #356, .T. ) ;
#6178 = EDGE_CURVE ( 'NONE', #4513, #3845, #9329, .T. ) ;
#6179 = ORIENTED_EDGE ( 'NONE', *, *, #4277, .F. ) ;
#6180 = CARTESIAN_POINT ( 'NONE',  ( -1.000000000000000444, 0.000000000000000000, 1.300000000000000266 ) ) ;
#6181 = ORIENTED_EDGE ( 'NONE', *, *, #1525, .T. ) ;
#6182 = LINE ( 'NONE', #9136, #4281 ) ;
#6183 = ORIENTED_EDGE ( 'NONE', *, *, #7732, .T. ) ;
#6184 = MECHANICAL_DESIGN_GEOMETRIC_PRESENTATION_REPRESENTATION (  '', ( #6647 ), #1510 ) ;
#6185 = EDGE_CURVE ( 'NONE', #7294, #9060, #2762, .T. ) ;
#6186 = EDGE_CURVE ( 'NONE', #198, #1423, #8039, .T. ) ;
#6187 = CARTESIAN_POINT ( 'NONE',  ( 2.500000000000021760, 0.05000000000000000278, -0.7999999999999994893 ) ) ;
#6188 = DIRECTION ( 'NONE',  ( 0.000000000000000000, 0.000000000000000000, 1.000000000000000000 ) ) ;
#6189 = DIRECTION ( 'NONE',  ( -1.000000000000000000, 0.000000000000000000, -0.000000000000000000 ) ) ;
#6190 = ADVANCED_FACE ( 'NONE', ( #620 ), #1451, .T. ) ;
#6191 = COLOUR_RGB ( '',1.000000000000000000, 0.8117647058823529438, 0.5019607843137254832 ) ;
#6192 = EDGE_CURVE ( 'NONE', #1195, #1140, #7355, .T. ) ;
#6193 = VERTEX_POINT ( 'NONE', #8756 ) ;
#6194 = DIRECTION ( 'NONE',  ( 0.000000000000000000, 0.000000000000000000, -1.000000000000000000 ) ) ;
#6195 = VERTEX_POINT ( 'NONE', #2076 ) ;
#6196 = LINE ( 'NONE', #3830, #8831 ) ;
#6197 = LINE ( 'NONE', #3266, #6552 ) ;
#6198 =( NAMED_UNIT ( * ) PLANE_ANGLE_UNIT ( ) SI_UNIT ( $, .RADIAN. ) );
#6199 = ORIENTED_EDGE ( 'NONE', *, *, #109, .F. ) ;
#6200 = VECTOR ( 'NONE', #5406, 1000.000000000000000 ) ;
#6201 = LINE ( 'NONE', #6251, #9360 ) ;
#6202 = DIRECTION ( 'NONE',  ( 0.000000000000000000, 0.000000000000000000, 1.000000000000000000 ) ) ;
#6203 = DIRECTION ( 'NONE',  ( -8.673617379884035472E-16, 0.000000000000000000, -1.000000000000000000 ) ) ;
#6204 = LINE ( 'NONE', #9109, #2197 ) ;
#6205 = ORIENTED_EDGE ( 'NONE', *, *, #5033, .F. ) ;
#6206 = VECTOR ( 'NONE', #9020, 1000.000000000000000 ) ;
#6207 = ORIENTED_EDGE ( 'NONE', *, *, #5159, .F. ) ;
#6208 = VERTEX_POINT ( 'NONE', #8703 ) ;
#6209 = CARTESIAN_POINT ( 'NONE',  ( -3.100000000000000533, 0.05000000000000000278, 1.414999999999999813 ) ) ;
#6210 = DIRECTION ( 'NONE',  ( 0.000000000000000000, 1.000000000000000000, 0.000000000000000000 ) ) ;
#6211 =( NAMED_UNIT ( * ) PLANE_ANGLE_UNIT ( ) SI_UNIT ( $, .RADIAN. ) );
#6212 = CARTESIAN_POINT ( 'NONE',  ( 2.000000000000000000, 0.000000000000000000, -1.414999999999999369 ) ) ;
#6213 = CARTESIAN_POINT ( 'NONE',  ( -0.2550000000000002820, 1.164999999999999813, -0.4500000000000003997 ) ) ;
#6214 = CARTESIAN_POINT ( 'NONE',  ( -2.397500000000000409, 1.464999999999999858, -0.6949999999999993960 ) ) ;
#6215 = EDGE_LOOP ( 'NONE', ( #1226, #8620, #3798, #6501 ) ) ;
#6216 = VERTEX_POINT ( 'NONE', #1406 ) ;
#6217 = CARTESIAN_POINT ( 'NONE',  ( -1.157999999999999696, 0.05000000000000000278, -0.5999999999999998668 ) ) ;
#6218 = CARTESIAN_POINT ( 'NONE',  ( 2.620000000000000551, 1.324999999999999956, -0.2250000000000002554 ) ) ;
#6219 = ORIENTED_EDGE ( 'NONE', *, *, #2876, .F. ) ;
#6220 = DIRECTION ( 'NONE',  ( 1.000000000000000000, 0.000000000000000000, 0.000000000000000000 ) ) ;
#6221 = CARTESIAN_POINT ( 'NONE',  ( -1.250000000000000888, 0.05000000000000000278, 0.8000000000000003775 ) ) ;
#6222 = AXIS2_PLACEMENT_3D ( 'NONE', #4171, #6288, #4226 ) ;
#6223 = FACE_OUTER_BOUND ( 'NONE', #3568, .T. ) ;
#6224 = EDGE_LOOP ( 'NONE', ( #1338, #7016, #5661, #1245 ) ) ;
#6225 = CARTESIAN_POINT ( 'NONE',  ( -2.900000000000000355, 0.000000000000000000, -0.2499999999999997780 ) ) ;
#6226 = VERTEX_POINT ( 'NONE', #6429 ) ;
#6227 = CARTESIAN_POINT ( 'NONE',  ( 2.020000000000000462, 1.324999999999999956, -0.3000000000000002665 ) ) ;
#6228 = VERTEX_POINT ( 'NONE', #4363 ) ;
#6229 = EDGE_CURVE ( 'NONE', #3077, #2230, #534, .T. ) ;
#6230 = DIRECTION ( 'NONE',  ( 0.000000000000000000, 0.000000000000000000, -1.000000000000000000 ) ) ;
#6231 = CARTESIAN_POINT ( 'NONE',  ( -1.885000000000000231, 1.464999999999999858, -1.479999999999999760 ) ) ;
#6232 = LINE ( 'NONE', #1022, #867 ) ;
#6233 = LINE ( 'NONE', #4078, #2583 ) ;
#6234 = CLOSED_SHELL ( 'NONE', ( #5395, #3820, #7797, #8737, #5047, #6425 ) ) ;
#6235 = FACE_BOUND ( 'NONE', #2965, .T. ) ;
#6236 = ORIENTED_EDGE ( 'NONE', *, *, #4853, .F. ) ;
#6237 = EDGE_CURVE ( 'NONE', #3060, #3158, #7257, .T. ) ;
#6238 = CARTESIAN_POINT ( 'NONE',  ( 0.2499999999999993616, 0.05000000000000000278, 0.8000000000000003775 ) ) ;
#6239 = ADVANCED_FACE ( 'NONE', ( #1359 ), #488, .F. ) ;
#6240 = ORIENTED_EDGE ( 'NONE', *, *, #6171, .F. ) ;
#6241 = LINE ( 'NONE', #4715, #7605 ) ;
#6242 = ORIENTED_EDGE ( 'NONE', *, *, #3657, .F. ) ;
#6243 = CARTESIAN_POINT ( 'NONE',  ( 2.500000000000000000, 0.05000000000000000278, 1.300000000000000266 ) ) ;
#6244 = FILL_AREA_STYLE_COLOUR ( '', #6533 ) ;
#6245 = ORIENTED_EDGE ( 'NONE', *, *, #5818, .F. ) ;
#6246 = CIRCLE ( 'NONE', #4049, 0.03500000000000009354 ) ;
#6247 = VECTOR ( 'NONE', #6689, 1000.000000000000000 ) ;
#6248 = ADVANCED_FACE ( 'NONE', ( #3579 ), #8658, .F. ) ;
#6249 = COLOUR_RGB ( '',1.000000000000000000, 0.8117647058823529438, 0.5019607843137254832 ) ;
#6250 = EDGE_CURVE ( 'NONE', #1933, #1880, #5889, .T. ) ;
#6251 = CARTESIAN_POINT ( 'NONE',  ( 3.100000000000000533, 0.000000000000000000, 1.414999999999999813 ) ) ;
#6252 = CARTESIAN_POINT ( 'NONE',  ( 3.100000000000000533, -6.815342984766064482, 1.414999999999999813 ) ) ;
#6253 = CARTESIAN_POINT ( 'NONE',  ( -2.900000000000000355, 0.05000000000000000278, 0.2500000000000002220 ) ) ;
#6254 = CARTESIAN_POINT ( 'NONE',  ( 0.000000000000000000, 0.2000000000000000944, -1.514999999999999902 ) ) ;
#6255 = VECTOR ( 'NONE', #2936, 1000.000000000000000 ) ;
#6256 = STYLED_ITEM ( 'NONE', ( #6946 ), #929 ) ;
#6257 = ORIENTED_EDGE ( 'NONE', *, *, #6599, .T. ) ;
#6258 = ORIENTED_EDGE ( 'NONE', *, *, #8669, .F. ) ;
#6259 = ORIENTED_EDGE ( 'NONE', *, *, #6802, .T. ) ;
#6260 = DIRECTION ( 'NONE',  ( 0.000000000000000000, -1.000000000000000000, 0.000000000000000000 ) ) ;
#6261 = EDGE_CURVE ( 'NONE', #4505, #5304, #4955, .T. ) ;
#6262 = VECTOR ( 'NONE', #3632, 1000.000000000000000 ) ;
#6263 = VECTOR ( 'NONE', #1257, 1000.000000000000000 ) ;
#6264 = CARTESIAN_POINT ( 'NONE',  ( -1.000000000000000444, 0.05000000000000000278, 1.300000000000000266 ) ) ;
#6265 = CARTESIAN_POINT ( 'NONE',  ( 2.695000000000000284, 1.324999999999999956, 0.4249999999999998224 ) ) ;
#6266 = LINE ( 'NONE', #7725, #6639 ) ;
#6267 = ORIENTED_EDGE ( 'NONE', *, *, #47, .F. ) ;
#6268 = ORIENTED_EDGE ( 'NONE', *, *, #4325, .F. ) ;
#6269 = LINE ( 'NONE', #2604, #7905 ) ;
#6270 = LINE ( 'NONE', #4692, #3962 ) ;
#6271 = ORIENTED_EDGE ( 'NONE', *, *, #2060, .F. ) ;
#6272 = ORIENTED_EDGE ( 'NONE', *, *, #4312, .T. ) ;
#6273 = LINE ( 'NONE', #1833, #3207 ) ;
#6274 = DIRECTION ( 'NONE',  ( 0.000000000000000000, 0.000000000000000000, 1.000000000000000000 ) ) ;
#6275 = DIRECTION ( 'NONE',  ( 1.000000000000000000, 0.000000000000000000, 4.336808689942017736E-16 ) ) ;
#6276 = ORIENTED_EDGE ( 'NONE', *, *, #9212, .F. ) ;
#6277 = CARTESIAN_POINT ( 'NONE',  ( 1.814999999999999725, 0.2000000000000000944, -1.449999999999999734 ) ) ;
#6278 = ORIENTED_EDGE ( 'NONE', *, *, #6060, .F. ) ;
#6279 = PLANE ( 'NONE',  #7717 ) ;
#6280 = FACE_OUTER_BOUND ( 'NONE', #8463, .T. ) ;
#6281 = ORIENTED_EDGE ( 'NONE', *, *, #708, .T. ) ;
#6282 = DIRECTION ( 'NONE',  ( -5.973565688625369584E-17, 0.000000000000000000, 1.000000000000000000 ) ) ;
#6283 = AXIS2_PLACEMENT_3D ( 'NONE', #6041, #874, #4031 ) ;
#6284 = LINE ( 'NONE', #5593, #5063 ) ;
#6285 = DIRECTION ( 'NONE',  ( -1.000000000000000000, 0.000000000000000000, -0.000000000000000000 ) ) ;
#6286 = VECTOR ( 'NONE', #8905, 1000.000000000000000 ) ;
#6287 = DIRECTION ( 'NONE',  ( 1.000000000000000000, 0.000000000000000000, 0.000000000000000000 ) ) ;
#6288 = DIRECTION ( 'NONE',  ( -4.336808689942017736E-16, 0.000000000000000000, 1.000000000000000000 ) ) ;
#6289 = EDGE_CURVE ( 'NONE', #590, #5535, #2174, .T. ) ;
#6290 = ORIENTED_EDGE ( 'NONE', *, *, #3881, .F. ) ;
#6291 = DIRECTION ( 'NONE',  ( 0.000000000000000000, 0.000000000000000000, -1.000000000000000000 ) ) ;
#6292 = DIRECTION ( 'NONE',  ( 0.000000000000000000, 0.000000000000000000, -1.000000000000000000 ) ) ;
#6293 = LINE ( 'NONE', #5652, #474 ) ;
#6294 = ORIENTED_EDGE ( 'NONE', *, *, #4853, .T. ) ;
#6295 = CARTESIAN_POINT ( 'NONE',  ( 1.249999999999999334, 0.000000000000000000, 0.8000000000000003775 ) ) ;
#6296 = EDGE_CURVE ( 'NONE', #4852, #8403, #9565, .T. ) ;
#6297 = PLANE ( 'NONE',  #2716 ) ;
#6298 = FACE_OUTER_BOUND ( 'NONE', #7562, .T. ) ;
#6299 = DIRECTION ( 'NONE',  ( -0.000000000000000000, -0.000000000000000000, 1.000000000000000000 ) ) ;
#6300 = EDGE_CURVE ( 'NONE', #242, #9320, #2808, .T. ) ;
#6301 = VERTEX_POINT ( 'NONE', #8848 ) ;
#6302 = EDGE_CURVE ( 'NONE', #5681, #6615, #3440, .T. ) ;
#6303 = CIRCLE ( 'NONE', #2084, 0.03500000000000030864 ) ;
#6304 = ORIENTED_EDGE ( 'NONE', *, *, #8156, .T. ) ;
#6305 = AXIS2_PLACEMENT_3D ( 'NONE', #3455, #2195, #1235 ) ;
#6306 = ORIENTED_EDGE ( 'NONE', *, *, #7377, .T. ) ;
#6307 = LINE ( 'NONE', #4727, #5425 ) ;
#6308 = CARTESIAN_POINT ( 'NONE',  ( -1.462500000000000133, 1.350000000000000089, -0.1424999999999998768 ) ) ;
#6309 = DIRECTION ( 'NONE',  ( 0.000000000000000000, 0.000000000000000000, 1.000000000000000000 ) ) ;
#6310 = ADVANCED_FACE ( 'NONE', ( #7208 ), #5793, .F. ) ;
#6311 = EDGE_CURVE ( 'NONE', #4436, #5845, #9421, .T. ) ;
#6312 = DIRECTION ( 'NONE',  ( 1.000000000000000000, 0.000000000000000000, 0.000000000000000000 ) ) ;
#6313 = LINE ( 'NONE', #2411, #8419 ) ;
#6314 = DIRECTION ( 'NONE',  ( 8.673617379884035472E-16, -0.000000000000000000, 1.000000000000000000 ) ) ;
#6315 = EDGE_CURVE ( 'NONE', #8280, #7576, #3662, .T. ) ;
#6316 = ORIENTED_EDGE ( 'NONE', *, *, #1588, .T. ) ;
#6317 = EDGE_CURVE ( 'NONE', #1442, #5504, #5547, .T. ) ;
#6318 = ORIENTED_EDGE ( 'NONE', *, *, #2655, .T. ) ;
#6319 = FACE_OUTER_BOUND ( 'NONE', #2928, .T. ) ;
#6320 = DIRECTION ( 'NONE',  ( 0.000000000000000000, -1.000000000000000000, 0.000000000000000000 ) ) ;
#6321 = VERTEX_POINT ( 'NONE', #5389 ) ;
#6322 = VERTEX_POINT ( 'NONE', #8171 ) ;
#6323 = VECTOR ( 'NONE', #4266, 1000.000000000000000 ) ;
#6324 = CARTESIAN_POINT ( 'NONE',  ( -0.4999999999999785172, 0.000000000000000000, -0.7999999999999994893 ) ) ;
#6325 = AXIS2_PLACEMENT_3D ( 'NONE', #4318, #5841, #8659 ) ;
#6326 = DIRECTION ( 'NONE',  ( 1.000000000000000000, 0.000000000000000000, 0.000000000000000000 ) ) ;
#6327 = AXIS2_PLACEMENT_3D ( 'NONE', #4860, #9194, #1850 ) ;
#6328 = PLANE ( 'NONE',  #8241 ) ;
#6329 = VERTEX_POINT ( 'NONE', #5983 ) ;
#6330 = CARTESIAN_POINT ( 'NONE',  ( -0.4999999999999785172, 0.05000000000000000278, -0.7999999999999994893 ) ) ;
#6331 = PLANE ( 'NONE',  #3743 ) ;
#6332 = ORIENTED_EDGE ( 'NONE', *, *, #1770, .F. ) ;
#6333 = AXIS2_PLACEMENT_3D ( 'NONE', #2275, #1596, #43 ) ;
#6334 = VECTOR ( 'NONE', #2300, 1000.000000000000000 ) ;
#6335 = DIRECTION ( 'NONE',  ( 0.000000000000000000, -1.000000000000000000, 0.000000000000000000 ) ) ;
#6336 = CARTESIAN_POINT ( 'NONE',  ( -1.999999999999978684, 0.05000000000000000278, -0.7999999999999994893 ) ) ;
#6337 = DIRECTION ( 'NONE',  ( 0.000000000000000000, 1.000000000000000000, 0.000000000000000000 ) ) ;
#6338 = CARTESIAN_POINT ( 'NONE',  ( 0.4999999999999995559, 0.05000000000000000278, 1.414999999999999813 ) ) ;
#6339 = VERTEX_POINT ( 'NONE', #2377 ) ;
#6340 = CIRCLE ( 'NONE', #7735, 0.03500000000000009354 ) ;
#6341 = CARTESIAN_POINT ( 'NONE',  ( 3.100000000000000533, 0.05000000000000000278, -1.414999999999999813 ) ) ;
#6342 = LINE ( 'NONE', #9294, #7802 ) ;
#6343 = DIRECTION ( 'NONE',  ( 0.000000000000000000, 0.000000000000000000, 1.000000000000000000 ) ) ;
#6344 = ORIENTED_EDGE ( 'NONE', *, *, #2420, .T. ) ;
#6345 = CARTESIAN_POINT ( 'NONE',  ( -1.704999999999999849, 1.324999999999999956, 0.1000000000000001582 ) ) ;
#6346 = ORIENTED_EDGE ( 'NONE', *, *, #5392, .F. ) ;
#6347 = ADVANCED_FACE ( 'NONE', ( #5245 ), #3682, .F. ) ;
#6348 = ORIENTED_EDGE ( 'NONE', *, *, #61, .T. ) ;
#6349 = CARTESIAN_POINT ( 'NONE',  ( -2.299999999999999822, 1.464999999999999858, -0.6149999999999992140 ) ) ;
#6350 = PRESENTATION_LAYER_ASSIGNMENT (  '', '', ( #7600 ) ) ;
#6351 = EDGE_CURVE ( 'NONE', #2119, #2407, #2998, .T. ) ;
#6352 = CARTESIAN_POINT ( 'NONE',  ( 3.100000000000000533, 0.05000000000000000278, -1.414999999999999813 ) ) ;
#6353 = PLANE ( 'NONE',  #8127 ) ;
#6354 = AXIS2_PLACEMENT_3D ( 'NONE', #2266, #2367, #4492 ) ;
#6355 = CARTESIAN_POINT ( 'NONE',  ( -0.6999999999999998446, 1.464999999999999858, -0.5600000000000003864 ) ) ;
#6356 = EDGE_LOOP ( 'NONE', ( #1513, #6504, #2312, #9603 ) ) ;
#6357 = ORIENTED_EDGE ( 'NONE', *, *, #5465, .T. ) ;
#6358 = ADVANCED_FACE ( 'NONE', ( #5340 ), #133, .F. ) ;
#6359 = EDGE_CURVE ( 'NONE', #9543, #1613, #4754, .T. ) ;
#6360 = CARTESIAN_POINT ( 'NONE',  ( 2.499999999999999556, 0.000000000000000000, 0.8000000000000003775 ) ) ;
#6361 = ORIENTED_EDGE ( 'NONE', *, *, #165, .T. ) ;
#6362 = ORIENTED_EDGE ( 'NONE', *, *, #7953, .T. ) ;
#6363 = AXIS2_PLACEMENT_3D ( 'NONE', #8069, #4345, #7341 ) ;
#6364 = EDGE_CURVE ( 'NONE', #1880, #6683, #6073, .T. ) ;
#6365 = LINE ( 'NONE', #2653, #102 ) ;
#6366 = ADVANCED_FACE ( 'NONE', ( #6130 ), #8310, .F. ) ;
#6367 = DIRECTION ( 'NONE',  ( -0.3420201433256694901, 0.9396926207859082059, -0.000000000000000000 ) ) ;
#6368 = DIRECTION ( 'NONE',  ( -1.000000000000000000, 0.000000000000000000, 0.000000000000000000 ) ) ;
#6369 = ORIENTED_EDGE ( 'NONE', *, *, #5948, .T. ) ;
#6370 = FACE_OUTER_BOUND ( 'NONE', #3760, .T. ) ;
#6371 = VERTEX_POINT ( 'NONE', #5289 ) ;
#6372 = LINE ( 'NONE', #3573, #7249 ) ;
#6373 = DIRECTION ( 'NONE',  ( 0.1993679344171940815, -0.9799247046208302558, 0.000000000000000000 ) ) ;
#6374 = ORIENTED_EDGE ( 'NONE', *, *, #1889, .T. ) ;
#6375 = VECTOR ( 'NONE', #2674, 1000.000000000000000 ) ;
#6376 = EDGE_CURVE ( 'NONE', #1978, #2634, #8263, .T. ) ;
#6377 = DIRECTION ( 'NONE',  ( -0.000000000000000000, 0.9396926207859082059, 0.3420201433256694901 ) ) ;
#6378 = CARTESIAN_POINT ( 'NONE',  ( -1.999999999999978684, 0.000000000000000000, -0.7999999999999994893 ) ) ;
#6379 = CARTESIAN_POINT ( 'NONE',  ( 2.900000000000001243, 0.05000000000000000278, 0.2500000000000019429 ) ) ;
#6380 = DIRECTION ( 'NONE',  ( -0.000000000000000000, -1.000000000000000000, 0.000000000000000000 ) ) ;
#6381 = ORIENTED_EDGE ( 'NONE', *, *, #3135, .F. ) ;
#6382 = AXIS2_PLACEMENT_3D ( 'NONE', #4767, #1275, #7755 ) ;
#6383 = CARTESIAN_POINT ( 'NONE',  ( 1.249999999999999334, 0.05000000000000000278, 1.300000000000000266 ) ) ;
#6384 = FACE_OUTER_BOUND ( 'NONE', #9072, .T. ) ;
#6385 = CLOSED_SHELL ( 'NONE', ( #7072, #346, #8149, #4618 ) ) ;
#6386 = DIRECTION ( 'NONE',  ( 7.228014483236698528E-16, -1.000000000000000000, 0.000000000000000000 ) ) ;
#6387 = PRESENTATION_LAYER_ASSIGNMENT (  '', '', ( #4972 ) ) ;
#6388 = DIRECTION ( 'NONE',  ( 1.000000000000000000, 0.000000000000000000, 0.000000000000000000 ) ) ;
#6389 = DIRECTION ( 'NONE',  ( -0.000000000000000000, 1.000000000000000000, -0.000000000000000000 ) ) ;
#6390 = EDGE_LOOP ( 'NONE', ( #3473, #1481, #3133, #7876 ) ) ;
#6391 = DIRECTION ( 'NONE',  ( -1.000000000000000000, -0.000000000000000000, -4.336808689942017736E-16 ) ) ;
#6392 = ORIENTED_EDGE ( 'NONE', *, *, #9618, .T. ) ;
#6393 = VECTOR ( 'NONE', #1749, 1000.000000000000000 ) ;
#6394 = ORIENTED_EDGE ( 'NONE', *, *, #7827, .F. ) ;
#6395 = CARTESIAN_POINT ( 'NONE',  ( 2.000000000000021760, 0.000000000000000000, -0.7999999999999997113 ) ) ;
#6396 = VECTOR ( 'NONE', #8383, 1000.000000000000000 ) ;
#6397 = DIRECTION ( 'NONE',  ( -0.000000000000000000, 1.000000000000000000, -0.000000000000000000 ) ) ;
#6398 = LINE ( 'NONE', #6949, #2575 ) ;
#6399 = EDGE_CURVE ( 'NONE', #3012, #558, #4500, .T. ) ;
#6400 = VECTOR ( 'NONE', #9304, 1000.000000000000000 ) ;
#6402 = STYLED_ITEM ( 'NONE', ( #7552 ), #640 ) ;
#6401 = FACE_OUTER_BOUND ( 'NONE', #7459, .T. ) ;
#6403 = CARTESIAN_POINT ( 'NONE',  ( 1.249999999999999334, 0.05000000000000000278, 0.8000000000000003775 ) ) ;
#6404 = LINE ( 'NONE', #4884, #1668 ) ;
#6405 = VERTEX_POINT ( 'NONE', #9040 ) ;
#6406 = CARTESIAN_POINT ( 'NONE',  ( -0.2500000000000002220, 0.000000000000000000, -1.414999999999999369 ) ) ;
#6407 = ORIENTED_EDGE ( 'NONE', *, *, #6178, .T. ) ;
#6408 = EDGE_CURVE ( 'NONE', #6553, #8393, #856, .T. ) ;
#6409 = CARTESIAN_POINT ( 'NONE',  ( 1.885000000000000009, 0.2000000000000000944, -1.514999999999999902 ) ) ;
#6410 = VECTOR ( 'NONE', #408, 1000.000000000000000 ) ;
#6411 = ORIENTED_EDGE ( 'NONE', *, *, #4147, .F. ) ;
#6412 = ORIENTED_EDGE ( 'NONE', *, *, #7500, .T. ) ;
#6413 = STYLED_ITEM ( 'NONE', ( #1005 ), #895 ) ;
#6414 = EDGE_CURVE ( 'NONE', #158, #1511, #813, .T. ) ;
#6415 = CARTESIAN_POINT ( 'NONE',  ( -3.102500000000000036, 1.439999999999999947, -1.434999999999999165 ) ) ;
#6416 = ORIENTED_EDGE ( 'NONE', *, *, #6837, .F. ) ;
#6417 = EDGE_LOOP ( 'NONE', ( #46, #4160, #690, #9578 ) ) ;
#6418 = DIRECTION ( 'NONE',  ( -0.000000000000000000, 0.000000000000000000, 1.000000000000000000 ) ) ;
#6419 = EDGE_CURVE ( 'NONE', #4241, #4705, #6860, .T. ) ;
#6420 = EDGE_LOOP ( 'NONE', ( #2501, #79, #6344, #3359 ) ) ;
#6421 = EDGE_CURVE ( 'NONE', #9357, #6658, #5193, .T. ) ;
#6422 = PLANE ( 'NONE',  #552 ) ;
#6423 = DIRECTION ( 'NONE',  ( -0.000000000000000000, -0.000000000000000000, 1.000000000000000000 ) ) ;
#6424 = ORIENTED_EDGE ( 'NONE', *, *, #7260, .F. ) ;
#6425 = ADVANCED_FACE ( 'NONE', ( #3146 ), #6717, .T. ) ;
#6426 = ADVANCED_FACE ( 'NONE', ( #1548 ), #3768, .F. ) ;
#6427 = UNCERTAINTY_MEASURE_WITH_UNIT (LENGTH_MEASURE( 1.000000000000000082E-05 ), #4521, 'distance_accuracy_value', 'NONE');
#6428 = CARTESIAN_POINT ( 'NONE',  ( -0.6999999999999998446, 1.500000000000000000, -0.5600000000000003864 ) ) ;
#6429 = CARTESIAN_POINT ( 'NONE',  ( 2.020000000000000462, 1.350000000000000089, -0.3000000000000002665 ) ) ;
#6430 = DIRECTION ( 'NONE',  ( -1.000000000000000000, -0.000000000000000000, -4.336808689942017736E-16 ) ) ;
#6431 =( LENGTH_UNIT ( ) NAMED_UNIT ( * ) SI_UNIT ( .MILLI., .METRE. ) );
#6432 = ORIENTED_EDGE ( 'NONE', *, *, #5838, .F. ) ;
#6433 = ADVANCED_FACE ( 'NONE', ( #6815 ), #4698, .F. ) ;
#6434 = CARTESIAN_POINT ( 'NONE',  ( 2.500000000000021760, 0.000000000000000000, -0.7999999999999994893 ) ) ;
#6435 = DIRECTION ( 'NONE',  ( 1.000000000000000000, 0.000000000000000000, 4.336808689942017736E-16 ) ) ;
#6436 = CARTESIAN_POINT ( 'NONE',  ( -0.2500000000000002220, 0.05000000000000000278, 1.300000000000000266 ) ) ;
#6437 = CARTESIAN_POINT ( 'NONE',  ( 1.885000000000000009, 1.464999999999999858, 1.450000000000000622 ) ) ;
#6438 = PLANE ( 'NONE',  #4083 ) ;
#6439 = ORIENTED_EDGE ( 'NONE', *, *, #6541, .F. ) ;
#6440 = CARTESIAN_POINT ( 'NONE',  ( 1.000000000000021316, 0.05000000000000000278, -0.7999999999999994893 ) ) ;
#6441 = VERTEX_POINT ( 'NONE', #4645 ) ;
#6442 = ORIENTED_EDGE ( 'NONE', *, *, #4387, .F. ) ;
#6443 = DIRECTION ( 'NONE',  ( -4.336808689942017736E-16, 0.000000000000000000, 1.000000000000000000 ) ) ;
#6444 = FACE_OUTER_BOUND ( 'NONE', #5085, .T. ) ;
#6445 = DIRECTION ( 'NONE',  ( 0.3420201433256694901, 0.9396926207859082059, 0.000000000000000000 ) ) ;
#6446 = CARTESIAN_POINT ( 'NONE',  ( 0.9999999999999991118, 0.05000000000000000278, 0.8000000000000003775 ) ) ;
#6447 = FACE_OUTER_BOUND ( 'NONE', #8506, .T. ) ;
#6448 = AXIS2_PLACEMENT_3D ( 'NONE', #645, #5760, #6638 ) ;
#6449 = LINE ( 'NONE', #4979, #2102 ) ;
#6450 = VERTEX_POINT ( 'NONE', #8554 ) ;
#6451 = LINE ( 'NONE', #8688, #742 ) ;
#6452 = VERTEX_POINT ( 'NONE', #5627 ) ;
#6453 = CARTESIAN_POINT ( 'NONE',  ( -3.100000000000000533, 0.05000000000000000278, 1.414999999999999813 ) ) ;
#6454 = ORIENTED_EDGE ( 'NONE', *, *, #4607, .T. ) ;
#6455 = AXIS2_PLACEMENT_3D ( 'NONE', #7691, #6071, #2468 ) ;
#6456 = ORIENTED_EDGE ( 'NONE', *, *, #7325, .F. ) ;
#6457 = LINE ( 'NONE', #2014, #6680 ) ;
#6458 = LINE ( 'NONE', #4944, #6633 ) ;
#6459 = FACE_OUTER_BOUND ( 'NONE', #901, .T. ) ;
#6460 = VERTEX_POINT ( 'NONE', #7053 ) ;
#6461 = ORIENTED_EDGE ( 'NONE', *, *, #1480, .F. ) ;
#6462 = DIRECTION ( 'NONE',  ( 0.000000000000000000, 1.000000000000000000, 0.000000000000000000 ) ) ;
#6463 = ORIENTED_EDGE ( 'NONE', *, *, #3539, .T. ) ;
#6464 = VECTOR ( 'NONE', #1931, 1000.000000000000000 ) ;
#6465 = ADVANCED_FACE ( 'NONE', ( #1109 ), #4846, .T. ) ;
#6466 = CARTESIAN_POINT ( 'NONE',  ( -2.900000000000000355, 0.05000000000000000278, 0.2500000000000002220 ) ) ;
#6467 = DIRECTION ( 'NONE',  ( 0.000000000000000000, 0.000000000000000000, 1.000000000000000000 ) ) ;
#6468 = ORIENTED_EDGE ( 'NONE', *, *, #2167, .T. ) ;
#6469 = CARTESIAN_POINT ( 'NONE',  ( 0.000000000000000000, 0.1600000000000000033, 0.000000000000000000 ) ) ;
#6470 = FACE_OUTER_BOUND ( 'NONE', #7743, .T. ) ;
#6471 = EDGE_CURVE ( 'NONE', #6834, #6771, #1876, .T. ) ;
#6472 = VECTOR ( 'NONE', #5967, 1000.000000000000000 ) ;
#6473 = DIRECTION ( 'NONE',  ( -1.000000000000000000, 0.000000000000000000, -0.000000000000000000 ) ) ;
#6474 = DIRECTION ( 'NONE',  ( -0.000000000000000000, 0.000000000000000000, 1.000000000000000000 ) ) ;
#6475 = CARTESIAN_POINT ( 'NONE',  ( -1.157999999999999696, 0.05000000000000000278, -0.5999999999999998668 ) ) ;
#6476 = CARTESIAN_POINT ( 'NONE',  ( -2.500000000000000444, 0.05000000000000000278, 1.300000000000000266 ) ) ;
#6477 = SURFACE_STYLE_FILL_AREA ( #9334 ) ;
#6478 = ORIENTED_EDGE ( 'NONE', *, *, #7502, .F. ) ;
#6479 = EDGE_CURVE ( 'NONE', #7324, #5870, #4798, .T. ) ;
#6480 = DIRECTION ( 'NONE',  ( 1.000000000000000000, 0.000000000000000000, 0.000000000000000000 ) ) ;
#6481 = EDGE_CURVE ( 'NONE', #9112, #2851, #424, .T. ) ;
#6482 = AXIS2_PLACEMENT_3D ( 'NONE', #7583, #5275, #76 ) ;
#6483 = VECTOR ( 'NONE', #2319, 1000.000000000000000 ) ;
#6484 = CARTESIAN_POINT ( 'NONE',  ( -1.885000000000000231, 1.464999999999999858, 1.450000000000000622 ) ) ;
#6485 = EDGE_CURVE ( 'NONE', #7457, #6665, #372, .T. ) ;
#6486 = PRODUCT_CONTEXT ( 'NONE', #3777, 'mechanical' ) ;
#6487 = EDGE_CURVE ( 'NONE', #1075, #7196, #8694, .T. ) ;
#6488 = LINE ( 'NONE', #2587, #3437 ) ;
#6489 = VECTOR ( 'NONE', #3328, 1000.000000000000000 ) ;
#6490 = VECTOR ( 'NONE', #3973, 1000.000000000000000 ) ;
#6491 = DIRECTION ( 'NONE',  ( 0.000000000000000000, -1.000000000000000000, 0.000000000000000000 ) ) ;
#6492 = ORIENTED_EDGE ( 'NONE', *, *, #5766, .T. ) ;
#6493 = DIRECTION ( 'NONE',  ( 0.000000000000000000, 0.000000000000000000, 1.000000000000000000 ) ) ;
#6494 = VERTEX_POINT ( 'NONE', #2888 ) ;
#6495 = VERTEX_POINT ( 'NONE', #2701 ) ;
#6496 = DIRECTION ( 'NONE',  ( 7.228014483236697541E-16, -1.000000000000000000, 0.000000000000000000 ) ) ;
#6497 = CARTESIAN_POINT ( 'NONE',  ( -1.157999999999999696, 0.000000000000000000, -0.5999999999999998668 ) ) ;
#6498 = FACE_OUTER_BOUND ( 'NONE', #3563, .T. ) ;
#6499 = FACE_OUTER_BOUND ( 'NONE', #6895, .T. ) ;
#6500 = DIRECTION ( 'NONE',  ( 0.000000000000000000, 1.000000000000000000, 0.000000000000000000 ) ) ;
#6501 = ORIENTED_EDGE ( 'NONE', *, *, #4561, .T. ) ;
#6502 = VECTOR ( 'NONE', #8537, 1000.000000000000000 ) ;
#6503 = DIRECTION ( 'NONE',  ( 0.000000000000000000, 0.000000000000000000, -1.000000000000000000 ) ) ;
#6504 = ORIENTED_EDGE ( 'NONE', *, *, #7191, .F. ) ;
#6505 = DIRECTION ( 'NONE',  ( 0.000000000000000000, 1.000000000000000000, -0.000000000000000000 ) ) ;
#6506 = ORIENTED_EDGE ( 'NONE', *, *, #4725, .T. ) ;
#6507 = EDGE_LOOP ( 'NONE', ( #3048, #3027, #7858, #8344 ) ) ;
#6508 = AXIS2_PLACEMENT_3D ( 'NONE', #1150, #5433, #9175 ) ;
#6509 = CARTESIAN_POINT ( 'NONE',  ( 0.000000000000000000, 0.000000000000000000, 0.000000000000000000 ) ) ;
#6510 = LINE ( 'NONE', #9453, #9271 ) ;
#6511 = ORIENTED_EDGE ( 'NONE', *, *, #6728, .F. ) ;
#6512 = ORIENTED_EDGE ( 'NONE', *, *, #3721, .F. ) ;
#6513 = PLANE ( 'NONE',  #5292 ) ;
#6514 = ORIENTED_EDGE ( 'NONE', *, *, #8682, .T. ) ;
#6515 = AXIS2_PLACEMENT_3D ( 'NONE', #6509, #1155, #3379 ) ;
#6516 = CARTESIAN_POINT ( 'NONE',  ( -3.137500000000000178, 1.464999999999999858, -0.6949999999999993960 ) ) ;
#6517 = LINE ( 'NONE', #8700, #8720 ) ;
#6518 = ORIENTED_EDGE ( 'NONE', *, *, #1069, .T. ) ;
#6519 = AXIS2_PLACEMENT_3D ( 'NONE', #550, #8543, #2738 ) ;
#6520 = EDGE_CURVE ( 'NONE', #7274, #1126, #6458, .T. ) ;
#6521 = DIRECTION ( 'NONE',  ( -1.000000000000000000, 0.000000000000000000, -7.228014483236187740E-16 ) ) ;
#6522 = CARTESIAN_POINT ( 'NONE',  ( 2.000000000000021760, 0.05000000000000000278, -0.7999999999999997113 ) ) ;
#6523 = DIRECTION ( 'NONE',  ( 0.000000000000000000, 0.000000000000000000, -1.000000000000000000 ) ) ;
#6524 = DIRECTION ( 'NONE',  ( 0.000000000000000000, -1.000000000000000000, 0.000000000000000000 ) ) ;
#6525 = CARTESIAN_POINT ( 'NONE',  ( -3.125000000000000000, 0.2000000000000000944, 1.439999999999999947 ) ) ;
#6526 = ORIENTED_EDGE ( 'NONE', *, *, #5948, .F. ) ;
#6527 = DIRECTION ( 'NONE',  ( -0.000000000000000000, -0.000000000000000000, 1.000000000000000000 ) ) ;
#6528 = EDGE_CURVE ( 'NONE', #3182, #9206, #5679, .T. ) ;
#6529 = PRESENTATION_LAYER_ASSIGNMENT (  '', '', ( #7775 ) ) ;
#6530 = CARTESIAN_POINT ( 'NONE',  ( 0.000000000000000000, 0.05000000000000000278, 0.000000000000000000 ) ) ;
#6531 = EDGE_CURVE ( 'NONE', #6695, #3460, #561, .T. ) ;
#6532 = EDGE_CURVE ( 'NONE', #8497, #6827, #2795, .T. ) ;
#6533 = COLOUR_RGB ( '',1.000000000000000000, 0.8117647058823529438, 0.5019607843137254832 ) ;
#6534 = ORIENTED_EDGE ( 'NONE', *, *, #7008, .T. ) ;
#6535 = CARTESIAN_POINT ( 'NONE',  ( 2.020000000000000462, 1.350000000000000089, 0.4999999999999997780 ) ) ;
#6536 = VERTEX_POINT ( 'NONE', #5828 ) ;
#6537 = CARTESIAN_POINT ( 'NONE',  ( -2.400000000000000355, 0.05000000000000000278, 0.2500000000000002220 ) ) ;
#6538 = ORIENTED_EDGE ( 'NONE', *, *, #5589, .F. ) ;
#6539 = VERTEX_POINT ( 'NONE', #1203 ) ;
#6540 = DIRECTION ( 'NONE',  ( 0.000000000000000000, 0.000000000000000000, 1.000000000000000000 ) ) ;
#6541 = EDGE_CURVE ( 'NONE', #7772, #8546, #2884, .T. ) ;
#6542 = EDGE_CURVE ( 'NONE', #8023, #9113, #2110, .T. ) ;
#6543 = CARTESIAN_POINT ( 'NONE',  ( 0.9999999999999995559, 0.000000000000000000, -1.414999999999999369 ) ) ;
#6544 = CARTESIAN_POINT ( 'NONE',  ( 2.900000000000001243, 0.05000000000000000278, 0.2500000000000019429 ) ) ;
#6545 = EDGE_CURVE ( 'NONE', #3625, #739, #3567, .T. ) ;
#6546 = EDGE_CURVE ( 'NONE', #6226, #8997, #6010, .T. ) ;
#6547 = LINE ( 'NONE', #3103, #9451 ) ;
#6548 = LINE ( 'NONE', #9489, #4681 ) ;
#6549 = DIRECTION ( 'NONE',  ( 0.000000000000000000, 1.000000000000000000, -0.000000000000000000 ) ) ;
#6550 = LINE ( 'NONE', #8060, #9261 ) ;
#6551 = CIRCLE ( 'NONE', #1282, 0.2499999999999999445 ) ;
#6552 = VECTOR ( 'NONE', #3219, 1000.000000000000000 ) ;
#6553 = VERTEX_POINT ( 'NONE', #7291 ) ;
#6554 = DIRECTION ( 'NONE',  ( -1.000000000000000000, -0.000000000000000000, -4.336808689942017736E-16 ) ) ;
#6555 = ORIENTED_EDGE ( 'NONE', *, *, #9014, .T. ) ;
#6556 = PLANE ( 'NONE',  #6672 ) ;
#6557 = ADVANCED_FACE ( 'NONE', ( #4347 ), #1925, .F. ) ;
#6558 = LINE ( 'NONE', #2103, #2425 ) ;
#6559 = ORIENTED_EDGE ( 'NONE', *, *, #1414, .F. ) ;
#6560 = VERTEX_POINT ( 'NONE', #6415 ) ;
#6561 = AXIS2_PLACEMENT_3D ( 'NONE', #3273, #4721, #9108 ) ;
#6562 = AXIS2_PLACEMENT_3D ( 'NONE', #9583, #5958, #9529 ) ;
#6563 = AXIS2_PLACEMENT_3D ( 'NONE', #1412, #6036, #3731 ) ;
#6564 = DIRECTION ( 'NONE',  ( 0.000000000000000000, 0.000000000000000000, -1.000000000000000000 ) ) ;
#6565 = DIRECTION ( 'NONE',  ( -1.000000000000000000, -0.000000000000000000, -4.336808689942017736E-16 ) ) ;
#6566 = ORIENTED_EDGE ( 'NONE', *, *, #6192, .T. ) ;
#6567 = EDGE_LOOP ( 'NONE', ( #1868, #9131, #1919, #5563 ) ) ;
#6568 = DIRECTION ( 'NONE',  ( 1.000000000000000000, 0.000000000000000000, -8.673617379884035472E-16 ) ) ;
#6569 = VECTOR ( 'NONE', #2739, 1000.000000000000000 ) ;
#6570 = DIRECTION ( 'NONE',  ( -1.000000000000000000, 0.000000000000000000, -0.000000000000000000 ) ) ;
#6571 = ORIENTED_EDGE ( 'NONE', *, *, #2603, .T. ) ;
#6572 = CARTESIAN_POINT ( 'NONE',  ( -1.814999999999999947, 1.500000000000000000, -1.449999999999999734 ) ) ;
#6573 =( LENGTH_UNIT ( ) NAMED_UNIT ( * ) SI_UNIT ( .MILLI., .METRE. ) );
#6574 = VERTEX_POINT ( 'NONE', #7240 ) ;
#6575 = CARTESIAN_POINT ( 'NONE',  ( -0.7500000000000002220, 1.500000000000000000, 0.7099999999999992983 ) ) ;
#6576 = AXIS2_PLACEMENT_3D ( 'NONE', #5007, #5795, #7306 ) ;
#6577 = AXIS2_PLACEMENT_3D ( 'NONE', #6049, #3939, #5462 ) ;
#6578 = AXIS2_PLACEMENT_3D ( 'NONE', #8608, #4899, #5584 ) ;
#6579 = DIRECTION ( 'NONE',  ( -0.000000000000000000, 1.000000000000000000, -0.000000000000000000 ) ) ;
#6580 = PLANE ( 'NONE',  #8634 ) ;
#6581 = DIRECTION ( 'NONE',  ( -1.000000000000000000, 0.000000000000000000, -0.000000000000000000 ) ) ;
#6582 = DIRECTION ( 'NONE',  ( 1.000000000000000000, 0.000000000000000000, 4.336808689942017736E-16 ) ) ;
#6583 = EDGE_LOOP ( 'NONE', ( #8027, #7585, #1337, #9322 ) ) ;
#6584 = CARTESIAN_POINT ( 'NONE',  ( -1.885000000000000231, 0.2000000000000000944, 1.514999999999999902 ) ) ;
#6585 = ORIENTED_EDGE ( 'NONE', *, *, #7621, .T. ) ;
#6586 = DIRECTION ( 'NONE',  ( -0.000000000000000000, -1.000000000000000000, 0.000000000000000000 ) ) ;
#6587 = DIRECTION ( 'NONE',  ( 0.000000000000000000, 0.000000000000000000, -1.000000000000000000 ) ) ;
#6588 = LINE ( 'NONE', #2866, #3417 ) ;
#6589 = EDGE_CURVE ( 'NONE', #1887, #7472, #9362, .T. ) ;
#6590 = VERTEX_POINT ( 'NONE', #5728 ) ;
#6591 = DIRECTION ( 'NONE',  ( 1.000000000000000000, 0.000000000000000000, 0.000000000000000000 ) ) ;
#6592 = EDGE_LOOP ( 'NONE', ( #8433, #960, #1967, #3572 ) ) ;
#6593 = VERTEX_POINT ( 'NONE', #3517 ) ;
#6594 = DIRECTION ( 'NONE',  ( -0.000000000000000000, 0.9396926207859082059, -0.3420201433256694901 ) ) ;
#6595 = PLANE ( 'NONE',  #8810 ) ;
#6596 = EDGE_CURVE ( 'NONE', #3453, #9111, #6510, .T. ) ;
#6597 =( NAMED_UNIT ( * ) PLANE_ANGLE_UNIT ( ) SI_UNIT ( $, .RADIAN. ) );
#6598 = DIRECTION ( 'NONE',  ( -1.000000000000000000, 0.000000000000000000, 0.000000000000000000 ) ) ;
#6599 = EDGE_CURVE ( 'NONE', #5845, #7080, #2063, .T. ) ;
#6600 = DIRECTION ( 'NONE',  ( -0.000000000000000000, -0.000000000000000000, 1.000000000000000000 ) ) ;
#6601 = VECTOR ( 'NONE', #5453, 1000.000000000000000 ) ;
#6602 = ORIENTED_EDGE ( 'NONE', *, *, #7736, .T. ) ;
#6603 = ORIENTED_EDGE ( 'NONE', *, *, #2726, .T. ) ;
#6604 = CARTESIAN_POINT ( 'NONE',  ( 1.885000000000000009, 1.464999999999999858, 1.479999999999999760 ) ) ;
#6605 = ADVANCED_FACE ( 'NONE', ( #899 ), #8246, .F. ) ;
#6606 = DIRECTION ( 'NONE',  ( 0.000000000000000000, 0.000000000000000000, 1.000000000000000000 ) ) ;
#6607 = ORIENTED_EDGE ( 'NONE', *, *, #4845, .F. ) ;
#6608 = EDGE_CURVE ( 'NONE', #7337, #6677, #9023, .T. ) ;
#6609 = ADVANCED_FACE ( 'NONE', ( #3802 ), #1628, .F. ) ;
#6610 = DIRECTION ( 'NONE',  ( -0.000000000000000000, -1.000000000000000000, 0.000000000000000000 ) ) ;
#6611 = DIRECTION ( 'NONE',  ( 0.000000000000000000, 0.000000000000000000, 1.000000000000000000 ) ) ;
#6612 = EDGE_CURVE ( 'NONE', #8, #2471, #2358, .T. ) ;
#6613 = DIRECTION ( 'NONE',  ( -1.000000000000000000, -0.000000000000000000, -4.336808689942017736E-16 ) ) ;
#6614 = ORIENTED_EDGE ( 'NONE', *, *, #397, .F. ) ;
#6615 = VERTEX_POINT ( 'NONE', #802 ) ;
#6616 = EDGE_LOOP ( 'NONE', ( #566, #556, #773, #8806 ) ) ;
#6617 = VECTOR ( 'NONE', #8235, 1000.000000000000000 ) ;
#6618 = DIRECTION ( 'NONE',  ( 1.000000000000000000, 0.000000000000000000, -0.000000000000000000 ) ) ;
#6619 = VERTEX_POINT ( 'NONE', #3757 ) ;
#6620 = CARTESIAN_POINT ( 'NONE',  ( -2.362499999999999378, 1.439999999999999947, -1.399999999999999245 ) ) ;
#6621 = UNCERTAINTY_MEASURE_WITH_UNIT (LENGTH_MEASURE( 1.000000000000000082E-05 ), #6573, 'distance_accuracy_value', 'NONE');
#6622 = CARTESIAN_POINT ( 'NONE',  ( -2.000000000000000888, 0.05000000000000000278, 0.8000000000000003775 ) ) ;
#6623 = CARTESIAN_POINT ( 'NONE',  ( -2.500000000000000444, 0.000000000000000000, 1.414999999999999813 ) ) ;
#6624 = DIRECTION ( 'NONE',  ( 1.000000000000000000, 0.000000000000000000, 0.000000000000000000 ) ) ;
#6625 = ORIENTED_EDGE ( 'NONE', *, *, #116, .T. ) ;
#6626 = CARTESIAN_POINT ( 'NONE',  ( 1.814999999999999725, 1.500000000000000000, 1.450000000000000622 ) ) ;
#6627 = ORIENTED_EDGE ( 'NONE', *, *, #3539, .F. ) ;
#6628 = VECTOR ( 'NONE', #1750, 1000.000000000000000 ) ;
#6629 = LINE ( 'NONE', #3691, #9032 ) ;
#6630 = ORIENTED_EDGE ( 'NONE', *, *, #9493, .F. ) ;
#6631 = CARTESIAN_POINT ( 'NONE',  ( -1.157999999999999696, 0.000000000000000000, 0.6000000000000000888 ) ) ;
#6632 = VERTEX_POINT ( 'NONE', #6806 ) ;
#6633 = VECTOR ( 'NONE', #8788, 1000.000000000000000 ) ;
#6634 = CARTESIAN_POINT ( 'NONE',  ( -3.102500000000000036, 1.464999999999999858, -0.6599999999999995870 ) ) ;
#6635 = ORIENTED_EDGE ( 'NONE', *, *, #7976, .F. ) ;
#6636 = LINE ( 'NONE', #7426, #1416 ) ;
#6637 =( LENGTH_UNIT ( ) NAMED_UNIT ( * ) SI_UNIT ( .MILLI., .METRE. ) );
#6638 = DIRECTION ( 'NONE',  ( 0.000000000000000000, 0.000000000000000000, 1.000000000000000000 ) ) ;
#6639 = VECTOR ( 'NONE', #3909, 1000.000000000000000 ) ;
#6640 = DIRECTION ( 'NONE',  ( 0.000000000000000000, 0.000000000000000000, 1.000000000000000000 ) ) ;
#6641 = AXIS2_PLACEMENT_3D ( 'NONE', #3919, #5436, #5384 ) ;
#6642 = CARTESIAN_POINT ( 'NONE',  ( 1.250000000000021094, 0.05000000000000000278, -0.7999999999999997113 ) ) ;
#6643 = DIRECTION ( 'NONE',  ( -0.000000000000000000, -1.000000000000000000, -0.000000000000000000 ) ) ;
#6644 = EDGE_CURVE ( 'NONE', #4525, #5578, #8834, .T. ) ;
#6645 = DIRECTION ( 'NONE',  ( 1.000000000000000000, 0.000000000000000000, 0.000000000000000000 ) ) ;
#6646 = ORIENTED_EDGE ( 'NONE', *, *, #7564, .T. ) ;
#6647 = STYLED_ITEM ( 'NONE', ( #3286 ), #7247 ) ;
#6648 = DIRECTION ( 'NONE',  ( 1.000000000000000000, 0.000000000000000000, 0.000000000000000000 ) ) ;
#6649 = ORIENTED_EDGE ( 'NONE', *, *, #7783, .T. ) ;
#6650 = ADVANCED_FACE ( 'NONE', ( #2207 ), #6755, .F. ) ;
#6651 = LINE ( 'NONE', #9594, #8685 ) ;
#6652 = DIRECTION ( 'NONE',  ( 1.000000000000000000, 0.000000000000000000, 0.000000000000000000 ) ) ;
#6653 = VECTOR ( 'NONE', #8633, 1000.000000000000000 ) ;
#6654 = EDGE_CURVE ( 'NONE', #4103, #3182, #1582, .T. ) ;
#6655 = DIRECTION ( 'NONE',  ( -0.000000000000000000, 1.000000000000000000, -0.000000000000000000 ) ) ;
#6656 = EDGE_CURVE ( 'NONE', #4311, #5041, #3034, .T. ) ;
#6657 = PLANE ( 'NONE',  #358 ) ;
#6658 = VERTEX_POINT ( 'NONE', #5128 ) ;
#6659 = ORIENTED_EDGE ( 'NONE', *, *, #3908, .F. ) ;
#6660 = PLANE ( 'NONE',  #7507 ) ;
#6661 = EDGE_LOOP ( 'NONE', ( #9390, #6885, #4675, #2847 ) ) ;
#6662 = CARTESIAN_POINT ( 'NONE',  ( -0.2500000000000002220, 0.000000000000000000, 0.8000000000000003775 ) ) ;
#6663 = CARTESIAN_POINT ( 'NONE',  ( 0.000000000000000000, 0.2000000000000000944, 0.000000000000000000 ) ) ;
#6664 = ADVANCED_FACE ( 'NONE', ( #6014 ), #8978, .F. ) ;
#6665 = VERTEX_POINT ( 'NONE', #3667 ) ;
#6666 = VECTOR ( 'NONE', #703, 1000.000000000000000 ) ;
#6667 = ADVANCED_FACE ( 'NONE', ( #5972 ), #122, .F. ) ;
#6668 = CARTESIAN_POINT ( 'NONE',  ( 2.000000000000000000, 0.05000000000000000278, 1.300000000000000266 ) ) ;
#6669 = CARTESIAN_POINT ( 'NONE',  ( -2.499999999999978684, 0.05000000000000000278, -1.299999999999999600 ) ) ;
#6670 = CARTESIAN_POINT ( 'NONE',  ( 2.400000000000001243, 0.05000000000000000278, -0.2499999999999982792 ) ) ;
#6671 = DIRECTION ( 'NONE',  ( 0.000000000000000000, -0.000000000000000000, -1.000000000000000000 ) ) ;
#6672 = AXIS2_PLACEMENT_3D ( 'NONE', #6604, #3659, #8016 ) ;
#6673 = VERTEX_POINT ( 'NONE', #4402 ) ;
#6674 = CARTESIAN_POINT ( 'NONE',  ( 0.09499999999999975131, 1.164999999999999813, -0.4500000000000003997 ) ) ;
#6675 = ORIENTED_EDGE ( 'NONE', *, *, #288, .T. ) ;
#6676 = FACE_OUTER_BOUND ( 'NONE', #4585, .T. ) ;
#6677 = VERTEX_POINT ( 'NONE', #5325 ) ;
#6678 = EDGE_CURVE ( 'NONE', #573, #7337, #3365, .T. ) ;
#6679 = PLANE ( 'NONE',  #466 ) ;
#6680 = VECTOR ( 'NONE', #7978, 1000.000000000000000 ) ;
#6681 = CARTESIAN_POINT ( 'NONE',  ( -1.157999999999999696, 0.000000000000000000, -0.5999999999999998668 ) ) ;
#6682 = DIRECTION ( 'NONE',  ( 0.000000000000000000, 1.000000000000000000, 0.000000000000000000 ) ) ;
#6683 = VERTEX_POINT ( 'NONE', #5230 ) ;
#6684 = DIRECTION ( 'NONE',  ( 1.000000000000000000, 0.000000000000000000, 0.000000000000000000 ) ) ;
#6685 = ORIENTED_EDGE ( 'NONE', *, *, #777, .F. ) ;
#6686 = CARTESIAN_POINT ( 'NONE',  ( 0.000000000000000000, 0.2000000000000000944, 0.000000000000000000 ) ) ;
#6687 = ORIENTED_EDGE ( 'NONE', *, *, #2898, .T. ) ;
#6688 = CARTESIAN_POINT ( 'NONE',  ( -1.885000000000000231, 0.2000000000000000944, 1.479999999999999760 ) ) ;
#6689 = DIRECTION ( 'NONE',  ( 1.000000000000000000, -0.000000000000000000, 4.336808689942017736E-16 ) ) ;
#6690 = AXIS2_PLACEMENT_3D ( 'NONE', #1561, #6833, #6151 ) ;
#6691 = CARTESIAN_POINT ( 'NONE',  ( 0.5000000000000213163, 0.05000000000000000278, -1.299999999999999600 ) ) ;
#6692 = DIRECTION ( 'NONE',  ( -0.000000000000000000, 0.000000000000000000, 1.000000000000000000 ) ) ;
#6693 = EDGE_LOOP ( 'NONE', ( #6725, #8032, #6795, #3676 ) ) ;
#6694 = DIRECTION ( 'NONE',  ( 0.000000000000000000, 0.000000000000000000, -1.000000000000000000 ) ) ;
#6695 = VERTEX_POINT ( 'NONE', #8881 ) ;
#6696 = ORIENTED_EDGE ( 'NONE', *, *, #5345, .T. ) ;
#6697 = VECTOR ( 'NONE', #8348, 1000.000000000000000 ) ;
#6699 = VECTOR ( 'NONE', #6785, 1000.000000000000000 ) ;
#6698 = DIRECTION ( 'NONE',  ( -0.000000000000000000, -1.000000000000000000, 0.000000000000000000 ) ) ;
#6700 = LINE ( 'NONE', #9022, #4058 ) ;
#6701 = CARTESIAN_POINT ( 'NONE',  ( 0.9999999999999991118, 0.000000000000000000, 0.8000000000000003775 ) ) ;
#6702 = LINE ( 'NONE', #5016, #2837 ) ;
#6703 = EDGE_CURVE ( 'NONE', #279, #4350, #9572, .T. ) ;
#6704 = ORIENTED_EDGE ( 'NONE', *, *, #269, .T. ) ;
#6705 = DIRECTION ( 'NONE',  ( -1.000000000000000000, -0.000000000000000000, -4.336808689942017736E-16 ) ) ;
#6706 = ORIENTED_EDGE ( 'NONE', *, *, #7491, .T. ) ;
#6707 = CARTESIAN_POINT ( 'NONE',  ( 3.125000000000000000, 1.464999999999999858, 1.514999999999999902 ) ) ;
#6708 = CARTESIAN_POINT ( 'NONE',  ( 0.2500000000000214828, 0.05000000000000000278, -0.7999999999999994893 ) ) ;
#6709 = CARTESIAN_POINT ( 'NONE',  ( -1.157999999999999696, 0.05000000000000000278, -0.5999999999999998668 ) ) ;
#6710 = CIRCLE ( 'NONE', #2345, 0.03500000000000030864 ) ;
#6711 = VERTEX_POINT ( 'NONE', #6701 ) ;
#6712 = VECTOR ( 'NONE', #7006, 1000.000000000000000 ) ;
#6713 = ADVANCED_FACE ( 'NONE', ( #29 ), #2985, .F. ) ;
#6714 = LINE ( 'NONE', #2121, #4567 ) ;
#6715 = DIRECTION ( 'NONE',  ( -1.000000000000000000, -0.000000000000000000, -4.336808689942017736E-16 ) ) ;
#6716 = UNCERTAINTY_MEASURE_WITH_UNIT (LENGTH_MEASURE( 1.000000000000000082E-05 ), #2517, 'distance_accuracy_value', 'NONE');
#6717 = PLANE ( 'NONE',  #6333 ) ;
#6718 = AXIS2_PLACEMENT_3D ( 'NONE', #801, #661, #2160 ) ;
#6719 = PLANE ( 'NONE',  #9051 ) ;
#6720 = EDGE_CURVE ( 'NONE', #8987, #2909, #2412, .T. ) ;
#6721 = PRESENTATION_LAYER_ASSIGNMENT (  '', '', ( #6413 ) ) ;
#6722 = ADVANCED_FACE ( 'NONE', ( #7087 ), #7818, .T. ) ;
#6723 = ORIENTED_EDGE ( 'NONE', *, *, #3066, .T. ) ;
#6724 = CARTESIAN_POINT ( 'NONE',  ( 1.949999999999999956, -6.815342984766064482, -1.414999999999999813 ) ) ;
#6725 = ORIENTED_EDGE ( 'NONE', *, *, #53, .T. ) ;
#6726 = CARTESIAN_POINT ( 'NONE',  ( -3.102500000000000036, 1.439999999999999947, -0.6949999999999993960 ) ) ;
#6727 = ORIENTED_EDGE ( 'NONE', *, *, #5871, .T. ) ;
#6728 = EDGE_CURVE ( 'NONE', #428, #4471, #1099, .T. ) ;
#6729 = CIRCLE ( 'NONE', #964, 0.07499999999999998335 ) ;
#6730 = EDGE_CURVE ( 'NONE', #1442, #6553, #9076, .T. ) ;
#6731 = DIRECTION ( 'NONE',  ( 0.000000000000000000, 0.000000000000000000, 1.000000000000000000 ) ) ;
#6732 = PLANE ( 'NONE',  #8868 ) ;
#6733 = EDGE_CURVE ( 'NONE', #9580, #7092, #3054, .T. ) ;
#6734 = ADVANCED_FACE ( 'NONE', ( #5570 ), #7633, .F. ) ;
#6735 = ORIENTED_EDGE ( 'NONE', *, *, #7541, .F. ) ;
#6736 = CARTESIAN_POINT ( 'NONE',  ( 0.2499999999999997780, 0.000000000000000000, 1.300000000000000266 ) ) ;
#6737 = EDGE_LOOP ( 'NONE', ( #2914, #8134, #881, #7187 ) ) ;
#6738 = DIRECTION ( 'NONE',  ( -1.000000000000000000, 0.000000000000000000, -4.336808689942017736E-16 ) ) ;
#6739 = ORIENTED_EDGE ( 'NONE', *, *, #52, .T. ) ;
#6740 = DIRECTION ( 'NONE',  ( 0.000000000000000000, 0.000000000000000000, 1.000000000000000000 ) ) ;
#6741 = ORIENTED_EDGE ( 'NONE', *, *, #2934, .T. ) ;
#6742 = AXIS2_PLACEMENT_3D ( 'NONE', #1487, #5876, #5920 ) ;
#6743 = DIRECTION ( 'NONE',  ( 1.000000000000000000, 0.000000000000000000, 0.000000000000000000 ) ) ;
#6744 = CARTESIAN_POINT ( 'NONE',  ( -3.137500000000000178, 1.464999999999999858, -1.399999999999999245 ) ) ;
#6745 = EDGE_LOOP ( 'NONE', ( #2297, #1920, #8980, #5205 ) ) ;
#6746 = CARTESIAN_POINT ( 'NONE',  ( -3.125000000000000000, 1.464999999999999858, 1.514999999999999902 ) ) ;
#6747 = ORIENTED_EDGE ( 'NONE', *, *, #8898, .T. ) ;
#6748 = DIRECTION ( 'NONE',  ( -0.000000000000000000, -1.000000000000000000, -0.000000000000000000 ) ) ;
#6749 = DIRECTION ( 'NONE',  ( -0.000000000000000000, -1.000000000000000000, -0.000000000000000000 ) ) ;
#6750 = ORIENTED_EDGE ( 'NONE', *, *, #4379, .F. ) ;
#6751 = AXIS2_PLACEMENT_3D ( 'NONE', #5356, #6874, #197 ) ;
#6752 = VECTOR ( 'NONE', #391, 1000.000000000000000 ) ;
#6753 = LINE ( 'NONE', #8785, #5734 ) ;
#6754 = FACE_OUTER_BOUND ( 'NONE', #1340, .T. ) ;
#6755 = PLANE ( 'NONE',  #6482 ) ;
#6756 = LINE ( 'NONE', #900, #5326 ) ;
#6757 = ORIENTED_EDGE ( 'NONE', *, *, #2876, .T. ) ;
#6758 = ORIENTED_EDGE ( 'NONE', *, *, #1959, .F. ) ;
#6759 = DIRECTION ( 'NONE',  ( -8.673617379884035472E-16, 0.000000000000000000, -1.000000000000000000 ) ) ;
#6760 = CARTESIAN_POINT ( 'NONE',  ( 1.229999999999999982, 1.464999999999999858, -0.4500000000000003997 ) ) ;
#6761 = SURFACE_STYLE_USAGE ( .BOTH. , #1059 ) ;
#6762 = VERTEX_POINT ( 'NONE', #5374 ) ;
#6763 = DIRECTION ( 'NONE',  ( -0.000000000000000000, -1.000000000000000000, -0.000000000000000000 ) ) ;
#6764 = CARTESIAN_POINT ( 'NONE',  ( -2.900000000000000355, 0.05000000000000000278, 0.2500000000000002220 ) ) ;
#6765 = DIRECTION ( 'NONE',  ( 0.000000000000000000, 0.000000000000000000, -1.000000000000000000 ) ) ;
#6766 = AXIS2_PLACEMENT_3D ( 'NONE', #7653, #3930, #6915 ) ;
#6767 = VECTOR ( 'NONE', #1802, 1000.000000000000000 ) ;
#6768 = ORIENTED_EDGE ( 'NONE', *, *, #9260, .F. ) ;
#6769 = EDGE_CURVE ( 'NONE', #2634, #7155, #2459, .T. ) ;
#6770 = DIRECTION ( 'NONE',  ( -1.000000000000000000, -0.000000000000000000, -4.336808689942017736E-16 ) ) ;
#6771 = VERTEX_POINT ( 'NONE', #9221 ) ;
#6772 = CARTESIAN_POINT ( 'NONE',  ( -1.885000000000000231, 1.464999999999999858, 1.479999999999999760 ) ) ;
#6773 = FACE_OUTER_BOUND ( 'NONE', #7359, .T. ) ;
#6774 = VERTEX_POINT ( 'NONE', #6939 ) ;
#6775 =( NAMED_UNIT ( * ) PLANE_ANGLE_UNIT ( ) SI_UNIT ( $, .RADIAN. ) );
#6776 = EDGE_CURVE ( 'NONE', #8214, #3745, #4053, .T. ) ;
#6777 = DIRECTION ( 'NONE',  ( 0.000000000000000000, 0.000000000000000000, 1.000000000000000000 ) ) ;
#6778 = DIRECTION ( 'NONE',  ( -0.000000000000000000, 1.000000000000000000, -0.000000000000000000 ) ) ;
#6779 = ORIENTED_EDGE ( 'NONE', *, *, #4744, .F. ) ;
#6780 = EDGE_CURVE ( 'NONE', #1127, #7988, #2746, .T. ) ;
#6781 = DIRECTION ( 'NONE',  ( -0.000000000000000000, 0.000000000000000000, 1.000000000000000000 ) ) ;
#6782 = EDGE_CURVE ( 'NONE', #6123, #4473, #1682, .T. ) ;
#6783 = FACE_OUTER_BOUND ( 'NONE', #6583, .T. ) ;
#6784 = VERTEX_POINT ( 'NONE', #5428 ) ;
#6785 = DIRECTION ( 'NONE',  ( -1.000000000000000000, -0.000000000000000000, -4.336808689942017736E-16 ) ) ;
#6786 = AXIS2_PLACEMENT_3D ( 'NONE', #6709, #9031, #808 ) ;
#6787 = FACE_OUTER_BOUND ( 'NONE', #5597, .T. ) ;
#6788 = ORIENTED_EDGE ( 'NONE', *, *, #1772, .F. ) ;
#6789 = EDGE_CURVE ( 'NONE', #6834, #5251, #5527, .T. ) ;
#6790 = EDGE_CURVE ( 'NONE', #8023, #7243, #6266, .T. ) ;
#6791 = LINE ( 'NONE', #985, #639 ) ;
#6792 = AXIS2_PLACEMENT_3D ( 'NONE', #610, #518, #2889 ) ;
#6793 = CARTESIAN_POINT ( 'NONE',  ( -1.000000000000000888, 0.05000000000000000278, 1.414999999999999813 ) ) ;
#6794 = VECTOR ( 'NONE', #2687, 1000.000000000000000 ) ;
#6795 = ORIENTED_EDGE ( 'NONE', *, *, #8721, .F. ) ;
#6796 = CARTESIAN_POINT ( 'NONE',  ( -1.462500000000000577, 1.500000000000000000, 0.4175000000000001488 ) ) ;
#6797 = VERTEX_POINT ( 'NONE', #9267 ) ;
#6798 = CARTESIAN_POINT ( 'NONE',  ( 2.000000000000000000, 0.05000000000000000278, 1.300000000000000266 ) ) ;
#6799 = LINE ( 'NONE', #8345, #9104 ) ;
#6800 = ORIENTED_EDGE ( 'NONE', *, *, #1651, .F. ) ;
#6801 = VECTOR ( 'NONE', #4274, 1000.000000000000000 ) ;
#6802 = EDGE_CURVE ( 'NONE', #9017, #6009, #8544, .T. ) ;
#6803 = VECTOR ( 'NONE', #3242, 1000.000000000000000 ) ;
#6804 = CARTESIAN_POINT ( 'NONE',  ( -3.100000000000000533, 0.1600000000000004197, 1.414999999999999813 ) ) ;
#6805 = FACE_OUTER_BOUND ( 'NONE', #2703, .T. ) ;
#6806 = CARTESIAN_POINT ( 'NONE',  ( -1.885000000000000231, 1.464999999999999858, 1.514999999999999902 ) ) ;
#6807 = CARTESIAN_POINT ( 'NONE',  ( -1.000000000000000888, 0.05000000000000000278, -1.414999999999999813 ) ) ;
#6808 = ORIENTED_EDGE ( 'NONE', *, *, #7557, .F. ) ;
#6809 = PRESENTATION_LAYER_ASSIGNMENT (  '', '', ( #4300 ) ) ;
#6810 = DIRECTION ( 'NONE',  ( -0.000000000000000000, -1.000000000000000000, -0.000000000000000000 ) ) ;
#6811 = CARTESIAN_POINT ( 'NONE',  ( -1.885000000000000231, 0.2000000000000000944, 1.479999999999999760 ) ) ;
#6812 = ORIENTED_EDGE ( 'NONE', *, *, #1303, .F. ) ;
#6813 = PLANE ( 'NONE',  #1969 ) ;
#6814 = LINE ( 'NONE', #2374, #2859 ) ;
#6815 = FACE_OUTER_BOUND ( 'NONE', #2685, .T. ) ;
#6816 = CARTESIAN_POINT ( 'NONE',  ( -2.000000000000000000, 0.05000000000000000278, 1.414999999999999813 ) ) ;
#6817 = ORIENTED_EDGE ( 'NONE', *, *, #7916, .F. ) ;
#6818 = LINE ( 'NONE', #9184, #9053 ) ;
#6819 = EDGE_LOOP ( 'NONE', ( #8701, #5212, #5951, #2754 ) ) ;
#6820 = VECTOR ( 'NONE', #1327, 1000.000000000000000 ) ;
#6821 = CARTESIAN_POINT ( 'NONE',  ( 0.4999999999999995559, 0.05000000000000000278, 1.300000000000000266 ) ) ;
#6822 = ORIENTED_EDGE ( 'NONE', *, *, #6364, .F. ) ;
#6823 = VECTOR ( 'NONE', #878, 1000.000000000000000 ) ;
#6824 = PLANE ( 'NONE',  #7176 ) ;
#6825 = CARTESIAN_POINT ( 'NONE',  ( -2.000000000000000444, 0.05000000000000000278, 1.300000000000000266 ) ) ;
#6826 = DIRECTION ( 'NONE',  ( 0.000000000000000000, 0.000000000000000000, -1.000000000000000000 ) ) ;
#6827 = VERTEX_POINT ( 'NONE', #4785 ) ;
#6828 = DIRECTION ( 'NONE',  ( 1.000000000000000000, 7.026196345254701424E-15, 0.000000000000000000 ) ) ;
#6829 = ORIENTED_EDGE ( 'NONE', *, *, #4486, .F. ) ;
#6830 = ORIENTED_EDGE ( 'NONE', *, *, #4188, .T. ) ;
#6831 = CARTESIAN_POINT ( 'NONE',  ( 2.620000000000000107, 1.324999999999999956, 0.4999999999999997780 ) ) ;
#6832 = VECTOR ( 'NONE', #8741, 1000.000000000000000 ) ;
#6833 = DIRECTION ( 'NONE',  ( -0.000000000000000000, 1.000000000000000000, -0.000000000000000000 ) ) ;
#6834 = VERTEX_POINT ( 'NONE', #8401 ) ;
#6835 = DIRECTION ( 'NONE',  ( 0.000000000000000000, -1.000000000000000000, 0.000000000000000000 ) ) ;
#6836 = EDGE_CURVE ( 'NONE', #4614, #4240, #7042, .T. ) ;
#6837 = EDGE_CURVE ( 'NONE', #9474, #3014, #2120, .T. ) ;
#6838 = DIRECTION ( 'NONE',  ( -0.000000000000000000, -1.000000000000000000, 0.000000000000000000 ) ) ;
#6839 = ADVANCED_FACE ( 'NONE', ( #2599 ), #998, .F. ) ;
#6840 = EDGE_CURVE ( 'NONE', #6452, #4614, #263, .T. ) ;
#6841 = CARTESIAN_POINT ( 'NONE',  ( 2.620000000000000107, 1.324999999999999956, -0.3000000000000002665 ) ) ;
#6842 = ORIENTED_EDGE ( 'NONE', *, *, #4440, .T. ) ;
#6843 = VERTEX_POINT ( 'NONE', #8686 ) ;
#6844 = LINE ( 'NONE', #8395, #7265 ) ;
#6845 = ORIENTED_EDGE ( 'NONE', *, *, #5094, .T. ) ;
#6846 = EDGE_CURVE ( 'NONE', #9403, #509, #2690, .T. ) ;
#6847 = CARTESIAN_POINT ( 'NONE',  ( -1.885000000000000453, 1.464999999999999858, -1.514999999999999902 ) ) ;
#6848 = DIRECTION ( 'NONE',  ( 1.000000000000000000, -0.000000000000000000, 0.000000000000000000 ) ) ;
#6849 = DIRECTION ( 'NONE',  ( 0.000000000000000000, 0.000000000000000000, -1.000000000000000000 ) ) ;
#6850 = CARTESIAN_POINT ( 'NONE',  ( 3.130000000000000338, 1.464999999999999858, 1.479999999999999760 ) ) ;
#6851 = ORIENTED_EDGE ( 'NONE', *, *, #8138, .F. ) ;
#6852 = VECTOR ( 'NONE', #7844, 1000.000000000000000 ) ;
#6853 = ORIENTED_EDGE ( 'NONE', *, *, #9379, .T. ) ;
#6854 = DIRECTION ( 'NONE',  ( -0.000000000000000000, -1.000000000000000000, -0.000000000000000000 ) ) ;
#6855 = PLANE ( 'NONE',  #9420 ) ;
#6856 = LINE ( 'NONE', #8406, #4222 ) ;
#6857 = ORIENTED_EDGE ( 'NONE', *, *, #706, .F. ) ;
#6858 = CLOSED_SHELL ( 'NONE', ( #6001, #9217, #5629, #2618, #1715, #9610 ) ) ;
#6859 = CYLINDRICAL_SURFACE ( 'NONE', #6455, 0.07499999999999998335 ) ;
#6860 = LINE ( 'NONE', #6670, #3045 ) ;
#6861 = PLANE ( 'NONE',  #7046 ) ;
#6862 = DIRECTION ( 'NONE',  ( -4.336808689942017736E-16, 0.000000000000000000, 1.000000000000000000 ) ) ;
#6863 = AXIS2_PLACEMENT_3D ( 'NONE', #6674, #2954, #5197 ) ;
#6864 = STYLED_ITEM ( 'NONE', ( #4245 ), #4132 ) ;
#6865 = CLOSED_SHELL ( 'NONE', ( #9440, #1048, #4338, #2309, #4548, #1595 ) ) ;
#6866 = ORIENTED_EDGE ( 'NONE', *, *, #3244, .F. ) ;
#6867 = CARTESIAN_POINT ( 'NONE',  ( 2.020000000000000018, 1.350000000000000089, 0.4249999999999998224 ) ) ;
#6868 = CARTESIAN_POINT ( 'NONE',  ( 3.100000000000000533, 0.1600000000000004197, -1.414999999999999813 ) ) ;
#6869 = ORIENTED_EDGE ( 'NONE', *, *, #1770, .T. ) ;
#6870 =( GEOMETRIC_REPRESENTATION_CONTEXT ( 3 ) GLOBAL_UNCERTAINTY_ASSIGNED_CONTEXT ( ( #6427 ) ) GLOBAL_UNIT_ASSIGNED_CONTEXT ( ( #4521, #8960, #5261 ) ) REPRESENTATION_CONTEXT ( 'NONE', 'WORKASPACE' ) );
#6871 = VECTOR ( 'NONE', #7162, 1000.000000000000000 ) ;
#6872 = DIRECTION ( 'NONE',  ( 0.000000000000000000, -1.000000000000000000, 0.000000000000000000 ) ) ;
#6873 = ORIENTED_EDGE ( 'NONE', *, *, #9379, .F. ) ;
#6874 = DIRECTION ( 'NONE',  ( -1.000000000000000000, 0.000000000000000000, -0.000000000000000000 ) ) ;
#6875 = EDGE_LOOP ( 'NONE', ( #667, #3678, #5817, #2958 ) ) ;
#6876 = VERTEX_POINT ( 'NONE', #3560 ) ;
#6877 = VECTOR ( 'NONE', #7835, 1000.000000000000000 ) ;
#6878 = PLANE ( 'NONE',  #9333 ) ;
#6879 = DIRECTION ( 'NONE',  ( -4.336808689942017736E-16, 0.000000000000000000, 1.000000000000000000 ) ) ;
#6880 = ORIENTED_EDGE ( 'NONE', *, *, #7557, .T. ) ;
#6881 = CARTESIAN_POINT ( 'NONE',  ( 0.000000000000000000, 0.05000000000000000278, 0.000000000000000000 ) ) ;
#6882 = CARTESIAN_POINT ( 'NONE',  ( -3.137500000000000178, 1.439999999999999947, -0.6949999999999993960 ) ) ;
#6883 = DIRECTION ( 'NONE',  ( -1.000000000000000000, -0.000000000000000000, -4.336808689942017736E-16 ) ) ;
#6884 = VECTOR ( 'NONE', #9567, 1000.000000000000000 ) ;
#6885 = ORIENTED_EDGE ( 'NONE', *, *, #6608, .T. ) ;
#6886 = ADVANCED_FACE ( 'NONE', ( #6447 ), #5387, .F. ) ;
#6887 = VERTEX_POINT ( 'NONE', #5718 ) ;
#6888 = LINE ( 'NONE', #943, #567 ) ;
#6889 = CARTESIAN_POINT ( 'NONE',  ( 2.500000000000000000, 0.05000000000000000278, 1.300000000000000266 ) ) ;
#6890 = VERTEX_POINT ( 'NONE', #7864 ) ;
#6891 = ADVANCED_FACE ( 'NONE', ( #3409 ), #4934, .T. ) ;
#6892 = LINE ( 'NONE', #7722, #753 ) ;
#6893 = PLANE ( 'NONE',  #1891 ) ;
#6894 = CARTESIAN_POINT ( 'NONE',  ( 1.250000000000021094, 0.000000000000000000, -1.299999999999999600 ) ) ;
#6895 = EDGE_LOOP ( 'NONE', ( #3175, #106, #7203, #5482 ) ) ;
#6896 = ORIENTED_EDGE ( 'NONE', *, *, #3847, .T. ) ;
#6897 = ADVANCED_FACE ( 'NONE', ( #2097 ), #4145, .T. ) ;
#6898 = CARTESIAN_POINT ( 'NONE',  ( 1.849999999999999867, 1.464999999999999858, 1.415000000000000480 ) ) ;
#6899 = EDGE_CURVE ( 'NONE', #5619, #4418, #6340, .T. ) ;
#6900 = CARTESIAN_POINT ( 'NONE',  ( -1.000000000000000444, 0.05000000000000000278, 0.8000000000000003775 ) ) ;
#6901 = DIRECTION ( 'NONE',  ( 0.000000000000000000, 1.000000000000000000, 0.000000000000000000 ) ) ;
#6902 = FACE_OUTER_BOUND ( 'NONE', #4630, .T. ) ;
#6903 = ORIENTED_EDGE ( 'NONE', *, *, #5262, .F. ) ;
#6904 = CIRCLE ( 'NONE', #7999, 0.02040446486006950930 ) ;
#6905 = EDGE_CURVE ( 'NONE', #5011, #4578, #6404, .T. ) ;
#6906 = LINE ( 'NONE', #4592, #6483 ) ;
#6907 = EDGE_CURVE ( 'NONE', #718, #3845, #7138, .T. ) ;
#6908 = DIRECTION ( 'NONE',  ( 0.000000000000000000, 0.000000000000000000, 1.000000000000000000 ) ) ;
#6909 = DIRECTION ( 'NONE',  ( -3.497426362856465737E-17, 0.000000000000000000, -1.000000000000000000 ) ) ;
#6910 = CARTESIAN_POINT ( 'NONE',  ( 0.2499999999999997780, 0.000000000000000000, 1.414999999999999813 ) ) ;
#6911 = VECTOR ( 'NONE', #7561, 1000.000000000000000 ) ;
#6912 = ORIENTED_EDGE ( 'NONE', *, *, #768, .T. ) ;
#6913 = FILL_AREA_STYLE ('',( #2528 ) ) ;
#6914 = ORIENTED_EDGE ( 'NONE', *, *, #8256, .F. ) ;
#6915 = DIRECTION ( 'NONE',  ( 0.000000000000000000, 0.000000000000000000, 1.000000000000000000 ) ) ;
#6916 = CARTESIAN_POINT ( 'NONE',  ( 1.945000000000000062, 1.350000000000000089, 0.000000000000000000 ) ) ;
#6917 = VECTOR ( 'NONE', #132, 1000.000000000000000 ) ;
#6918 = ORIENTED_EDGE ( 'NONE', *, *, #5033, .T. ) ;
#6919 = CARTESIAN_POINT ( 'NONE',  ( -2.299999999999999822, 1.464999999999999858, -1.479999999999999760 ) ) ;
#6920 = ORIENTED_EDGE ( 'NONE', *, *, #7026, .F. ) ;
#6921 = LINE ( 'NONE', #7706, #8068 ) ;
#6922 = EDGE_LOOP ( 'NONE', ( #5913, #7684, #6157, #8251 ) ) ;
#6923 = DIRECTION ( 'NONE',  ( 0.000000000000000000, 0.000000000000000000, -1.000000000000000000 ) ) ;
#6924 = VECTOR ( 'NONE', #6763, 1000.000000000000000 ) ;
#6925 = CIRCLE ( 'NONE', #4892, 0.07499999999999998335 ) ;
#6926 = VERTEX_POINT ( 'NONE', #9352 ) ;
#6927 = LINE ( 'NONE', #4522, #2961 ) ;
#6928 = ORIENTED_EDGE ( 'NONE', *, *, #5148, .F. ) ;
#6929 = VECTOR ( 'NONE', #127, 1000.000000000000000 ) ;
#6930 = DIRECTION ( 'NONE',  ( -0.000000000000000000, -1.000000000000000000, -0.000000000000000000 ) ) ;
#6931 = EDGE_LOOP ( 'NONE', ( #3087, #9449, #6857, #59 ) ) ;
#6932 = ORIENTED_EDGE ( 'NONE', *, *, #6528, .F. ) ;
#6933 = CARTESIAN_POINT ( 'NONE',  ( -1.850000000000000089, 1.464999999999999858, 1.479999999999999760 ) ) ;
#6934 = DIRECTION ( 'NONE',  ( 8.673617379884035472E-16, -0.000000000000000000, 1.000000000000000000 ) ) ;
#6935 = FACE_OUTER_BOUND ( 'NONE', #9367, .T. ) ;
#6936 = AXIS2_PLACEMENT_3D ( 'NONE', #2881, #5223, #4478 ) ;
#6937 = LINE ( 'NONE', #6062, #6206 ) ;
#6938 = CARTESIAN_POINT ( 'NONE',  ( -1.885000000000000231, 1.464999999999999858, -1.449999999999999734 ) ) ;
#6939 = CARTESIAN_POINT ( 'NONE',  ( -1.947499999999999787, 1.350000000000000089, 0.3629044648600697198 ) ) ;
#6940 = ORIENTED_EDGE ( 'NONE', *, *, #1064, .T. ) ;
#6941 = VERTEX_POINT ( 'NONE', #4192 ) ;
#6942 = EDGE_CURVE ( 'NONE', #8912, #2100, #508, .T. ) ;
#6943 = VECTOR ( 'NONE', #2015, 1000.000000000000000 ) ;
#6944 = VECTOR ( 'NONE', #8719, 1000.000000000000000 ) ;
#6945 = DIRECTION ( 'NONE',  ( -1.000000000000000000, 0.000000000000000000, -4.336808689942017736E-16 ) ) ;
#6946 = PRESENTATION_STYLE_ASSIGNMENT (( #2317 ) ) ;
#6947 = EDGE_LOOP ( 'NONE', ( #2707, #39, #3600, #7777 ) ) ;
#6948 = FACE_OUTER_BOUND ( 'NONE', #3313, .T. ) ;
#6949 = CARTESIAN_POINT ( 'NONE',  ( -0.2500000000000002220, 0.000000000000000000, 1.300000000000000266 ) ) ;
#6950 = ADVANCED_FACE ( 'NONE', ( #8641 ), #5670, .T. ) ;
#6951 = EDGE_CURVE ( 'NONE', #5994, #3361, #4340, .T. ) ;
#6952 = VECTOR ( 'NONE', #4534, 1000.000000000000000 ) ;
#6953 = AXIS2_PLACEMENT_3D ( 'NONE', #8405, #367, #2464 ) ;
#6954 = CARTESIAN_POINT ( 'NONE',  ( 3.100000000000000533, 0.2000000000000000944, 1.414999999999999813 ) ) ;
#6955 = ORIENTED_EDGE ( 'NONE', *, *, #1579, .T. ) ;
#6956 = DIRECTION ( 'NONE',  ( 1.977701239613303879E-15, 0.9396926207859082059, 0.3420201433256694901 ) ) ;
#6957 = EDGE_CURVE ( 'NONE', #376, #7772, #3370, .T. ) ;
#6958 = EDGE_LOOP ( 'NONE', ( #9435, #4647, #6281, #9550 ) ) ;
#6959 = EDGE_CURVE ( 'NONE', #6677, #480, #553, .T. ) ;
#6960 = DIRECTION ( 'NONE',  ( 0.000000000000000000, 0.000000000000000000, -1.000000000000000000 ) ) ;
#6961 =( NAMED_UNIT ( * ) SI_UNIT ( $, .STERADIAN. ) SOLID_ANGLE_UNIT ( ) );
#6962 = VERTEX_POINT ( 'NONE', #9306 ) ;
#6963 = VECTOR ( 'NONE', #1244, 1000.000000000000000 ) ;
#6964 = DIRECTION ( 'NONE',  ( 0.000000000000000000, 0.000000000000000000, -1.000000000000000000 ) ) ;
#6965 = ADVANCED_FACE ( 'NONE', ( #6499 ), #2050, .F. ) ;
#6966 = DIRECTION ( 'NONE',  ( -0.000000000000000000, 0.000000000000000000, -1.000000000000000000 ) ) ;
#6967 = DIRECTION ( 'NONE',  ( 0.000000000000000000, 0.000000000000000000, -1.000000000000000000 ) ) ;
#6968 = DIRECTION ( 'NONE',  ( 1.000000000000000000, -0.000000000000000000, 4.336808689942017736E-16 ) ) ;
#6969 = DIRECTION ( 'NONE',  ( -1.000000000000000000, 0.000000000000000000, -0.000000000000000000 ) ) ;
#6970 = VECTOR ( 'NONE', #7901, 1000.000000000000000 ) ;
#6971 = ORIENTED_EDGE ( 'NONE', *, *, #2220, .T. ) ;
#6972 = CARTESIAN_POINT ( 'NONE',  ( -2.500000000000000444, 0.000000000000000000, 0.8000000000000003775 ) ) ;
#6973 = VERTEX_POINT ( 'NONE', #8729 ) ;
#6974 = CARTESIAN_POINT ( 'NONE',  ( 0.2500000000000214828, 0.05000000000000000278, -0.7999999999999994893 ) ) ;
#6975 = ORIENTED_EDGE ( 'NONE', *, *, #6728, .T. ) ;
#6976 = CARTESIAN_POINT ( 'NONE',  ( 1.949999999999999956, -6.815342984766064482, -1.414999999999999813 ) ) ;
#6977 = SURFACE_STYLE_FILL_AREA ( #2394 ) ;
#6978 = ORIENTED_EDGE ( 'NONE', *, *, #5758, .T. ) ;
#6979 = VECTOR ( 'NONE', #1391, 1000.000000000000000 ) ;
#6980 = CARTESIAN_POINT ( 'NONE',  ( -0.9999999999999785727, 0.05000000000000000278, -0.7999999999999997113 ) ) ;
#6981 = CARTESIAN_POINT ( 'NONE',  ( 2.620000000000000107, 1.500000000000000000, -0.3000000000000002665 ) ) ;
#6982 = DIRECTION ( 'NONE',  ( -0.000000000000000000, 0.000000000000000000, 1.000000000000000000 ) ) ;
#6983 = VECTOR ( 'NONE', #4633, 1000.000000000000000 ) ;
#6984 = ORIENTED_EDGE ( 'NONE', *, *, #514, .T. ) ;
#6985 = VERTEX_POINT ( 'NONE', #5025 ) ;
#6986 = DIRECTION ( 'NONE',  ( -1.000000000000000000, -0.000000000000000000, -0.000000000000000000 ) ) ;
#6987 = CARTESIAN_POINT ( 'NONE',  ( 1.000000000000021316, 0.05000000000000000278, -0.7999999999999994893 ) ) ;
#6988 = FACE_OUTER_BOUND ( 'NONE', #2170, .T. ) ;
#6989 = DIRECTION ( 'NONE',  ( 0.6755902076156586888, 0.7372773368101255276, 0.000000000000000000 ) ) ;
#6990 = CARTESIAN_POINT ( 'NONE',  ( 0.000000000000000000, 0.000000000000000000, 0.000000000000000000 ) ) ;
#6991 = ORIENTED_EDGE ( 'NONE', *, *, #4543, .F. ) ;
#6992 = SURFACE_SIDE_STYLE ('',( #1732 ) ) ;
#6993 = ORIENTED_EDGE ( 'NONE', *, *, #8566, .F. ) ;
#6994 = DIRECTION ( 'NONE',  ( -0.000000000000000000, -1.000000000000000000, -0.000000000000000000 ) ) ;
#6995 = VECTOR ( 'NONE', #8189, 1000.000000000000000 ) ;
#6996 = ORIENTED_EDGE ( 'NONE', *, *, #4974, .T. ) ;
#6997 = ORIENTED_EDGE ( 'NONE', *, *, #7678, .T. ) ;
#6998 = CARTESIAN_POINT ( 'NONE',  ( 1.885000000000000009, 1.500000000000000000, 1.450000000000000622 ) ) ;
#6999 = UNCERTAINTY_MEASURE_WITH_UNIT (LENGTH_MEASURE( 1.000000000000000082E-05 ), #9012, 'distance_accuracy_value', 'NONE');
#7000 = CARTESIAN_POINT ( 'NONE',  ( -4.948858303441897900E-17, 0.2000000000000000944, -1.414999999999999591 ) ) ;
#7001 = ORIENTED_EDGE ( 'NONE', *, *, #6782, .F. ) ;
#7002 = CARTESIAN_POINT ( 'NONE',  ( 0.8720160946642466770, 1.449999999999999734, 0.6499999999999996891 ) ) ;
#7003 = ORIENTED_EDGE ( 'NONE', *, *, #5399, .T. ) ;
#7004 = ADVANCED_FACE ( 'NONE', ( #8012 ), #2640, .F. ) ;
#7005 = LINE ( 'NONE', #6138, #6020 ) ;
#7006 = DIRECTION ( 'NONE',  ( 0.000000000000000000, -1.000000000000000000, 0.000000000000000000 ) ) ;
#7007 = ORIENTED_EDGE ( 'NONE', *, *, #7253, .T. ) ;
#7008 = EDGE_CURVE ( 'NONE', #2098, #5328, #7280, .T. ) ;
#7009 = EDGE_CURVE ( 'NONE', #363, #3343, #8327, .T. ) ;
#7010 = CARTESIAN_POINT ( 'NONE',  ( -1.947499999999999565, 1.350000000000000089, -0.1629044648600694034 ) ) ;
#7011 = LINE ( 'NONE', #4119, #4433 ) ;
#7013 = VECTOR ( 'NONE', #7295, 1000.000000000000000 ) ;
#7012 = DIRECTION ( 'NONE',  ( -0.000000000000000000, -0.000000000000000000, 1.000000000000000000 ) ) ;
#7014 = VECTOR ( 'NONE', #5754, 1000.000000000000000 ) ;
#7015 = PLANE ( 'NONE',  #6283 ) ;
#7016 = ORIENTED_EDGE ( 'NONE', *, *, #9373, .F. ) ;
#7017 = ADVANCED_FACE ( 'NONE', ( #2151 ), #2484, .T. ) ;
#7018 = DIRECTION ( 'NONE',  ( 0.000000000000000000, 1.000000000000000000, 0.000000000000000000 ) ) ;
#7019 = EDGE_CURVE ( 'NONE', #8318, #6080, #7609, .T. ) ;
#7020 = PLANE ( 'NONE',  #4652 ) ;
#7021 = VERTEX_POINT ( 'NONE', #1433 ) ;
#7022 = AXIS2_PLACEMENT_3D ( 'NONE', #394, #8533, #4822 ) ;
#7023 = CONICAL_SURFACE ( 'NONE', #6562, 0.07499999999999998335, 0.3490658503988666728 ) ;
#7024 = EDGE_CURVE ( 'NONE', #8632, #159, #2901, .T. ) ;
#7025 = FACE_OUTER_BOUND ( 'NONE', #7694, .T. ) ;
#7026 = EDGE_CURVE ( 'NONE', #7995, #1647, #9145, .T. ) ;
#7027 = CARTESIAN_POINT ( 'NONE',  ( -1.704999999999999849, 1.324999999999999956, -0.1499999999999998002 ) ) ;
#7028 = DIRECTION ( 'NONE',  ( -0.000000000000000000, 0.000000000000000000, 1.000000000000000000 ) ) ;
#7029 = VECTOR ( 'NONE', #5525, 1000.000000000000000 ) ;
#7030 = COLOUR_RGB ( '',0.000000000000000000, 0.5019607843137254832, 0.000000000000000000 ) ;
#7031 = ORIENTED_EDGE ( 'NONE', *, *, #1342, .F. ) ;
#7032 = CARTESIAN_POINT ( 'NONE',  ( 1.249999999999999334, 0.05000000000000000278, 1.414999999999999813 ) ) ;
#7033 = VERTEX_POINT ( 'NONE', #4655 ) ;
#7034 = VERTEX_POINT ( 'NONE', #4394 ) ;
#7035 = CARTESIAN_POINT ( 'NONE',  ( -1.967904464860069647, 1.350000000000000089, 0.3424999999999996381 ) ) ;
#7036 = CARTESIAN_POINT ( 'NONE',  ( 0.4999999999999995559, 0.05000000000000000278, 0.8000000000000003775 ) ) ;
#7037 = VECTOR ( 'NONE', #3873, 1000.000000000000000 ) ;
#7038 = CIRCLE ( 'NONE', #4850, 0.03500000000000030864 ) ;
#7039 = MANIFOLD_SOLID_BREP ( 'Boss-Extrude4[2]', #7796 ) ;
#7040 = CARTESIAN_POINT ( 'NONE',  ( -1.814999999999999947, 0.2000000000000000944, -1.449999999999999734 ) ) ;
#7041 = DIRECTION ( 'NONE',  ( 0.000000000000000000, 0.000000000000000000, -1.000000000000000000 ) ) ;
#7042 = LINE ( 'NONE', #6894, #5233 ) ;
#7043 = EDGE_LOOP ( 'NONE', ( #6984, #71, #5609, #767 ) ) ;
#7044 = CARTESIAN_POINT ( 'NONE',  ( 3.100000000000000533, -6.815342984766064482, 1.414999999999999813 ) ) ;
#7045 = ORIENTED_EDGE ( 'NONE', *, *, #6951, .F. ) ;
#7046 = AXIS2_PLACEMENT_3D ( 'NONE', #6133, #5246, #7693 ) ;
#7047 = LINE ( 'NONE', #7774, #277 ) ;
#7048 = DIRECTION ( 'NONE',  ( 0.000000000000000000, 1.000000000000000000, 0.000000000000000000 ) ) ;
#7049 = ORIENTED_EDGE ( 'NONE', *, *, #2486, .F. ) ;
#7050 = ORIENTED_EDGE ( 'NONE', *, *, #5657, .T. ) ;
#7051 = PLANE ( 'NONE',  #4921 ) ;
#7052 = AXIS2_PLACEMENT_3D ( 'NONE', #7584, #7028, #3318 ) ;
#7053 = CARTESIAN_POINT ( 'NONE',  ( -2.400000000000000355, 0.05000000000000000278, -0.2499999999999997780 ) ) ;
#7054 = ORIENTED_EDGE ( 'NONE', *, *, #8898, .F. ) ;
#7055 = CYLINDRICAL_SURFACE ( 'NONE', #631, 0.03500000000000009354 ) ;
#7056 = MANIFOLD_SOLID_BREP ( 'Boss-Extrude7[1]', #3874 ) ;
#7057 = EDGE_LOOP ( 'NONE', ( #7001, #5296, #1623, #2821 ) ) ;
#7058 = DIRECTION ( 'NONE',  ( 1.000000000000000000, 0.000000000000000000, 0.000000000000000000 ) ) ;
#7059 = CARTESIAN_POINT ( 'NONE',  ( 1.375000000000000000, 1.464999999999999858, -0.5100000000000000089 ) ) ;
#7060 = VECTOR ( 'NONE', #5702, 1000.000000000000000 ) ;
#7061 = ORIENTED_EDGE ( 'NONE', *, *, #2831, .F. ) ;
#7062 = LINE ( 'NONE', #8469, #8159 ) ;
#7063 = DIRECTION ( 'NONE',  ( 0.000000000000000000, -0.000000000000000000, 1.000000000000000000 ) ) ;
#7064 = EDGE_CURVE ( 'NONE', #2279, #5416, #871, .T. ) ;
#7065 = CIRCLE ( 'NONE', #2395, 0.07499999999999998335 ) ;
#7066 = DIRECTION ( 'NONE',  ( 1.000000000000000000, 0.000000000000000000, 0.000000000000000000 ) ) ;
#7067 = LINE ( 'NONE', #3210, #1166 ) ;
#7068 = CARTESIAN_POINT ( 'NONE',  ( -1.704999999999999849, 1.324999999999999956, 0.1000000000000001582 ) ) ;
#7069 = PRESENTATION_STYLE_ASSIGNMENT (( #2718 ) ) ;
#7070 = ORIENTED_EDGE ( 'NONE', *, *, #6112, .T. ) ;
#7071 = LINE ( 'NONE', #9468, #2346 ) ;
#7072 = ADVANCED_FACE ( 'NONE', ( #4080 ), #3260, .T. ) ;
#7073 = DIRECTION ( 'NONE',  ( -0.000000000000000000, -0.000000000000000000, 1.000000000000000000 ) ) ;
#7074 = CARTESIAN_POINT ( 'NONE',  ( -1.885000000000000231, 1.500000000000000000, -1.449999999999999734 ) ) ;
#7075 = EDGE_CURVE ( 'NONE', #618, #6195, #5595, .T. ) ;
#7076 = ADVANCED_FACE ( 'NONE', ( #3984, #290, #6235 ), #2534, .T. ) ;
#7077 = DIRECTION ( 'NONE',  ( 0.000000000000000000, 1.000000000000000000, 0.000000000000000000 ) ) ;
#7078 = ORIENTED_EDGE ( 'NONE', *, *, #3267, .F. ) ;
#7079 = VECTOR ( 'NONE', #5875, 1000.000000000000000 ) ;
#7080 = VERTEX_POINT ( 'NONE', #4030 ) ;
#7081 = ORIENTED_EDGE ( 'NONE', *, *, #2431, .T. ) ;
#7082 = ADVANCED_FACE ( 'NONE', ( #9513 ), #3486, .F. ) ;
#7083 = ADVANCED_FACE ( 'NONE', ( #7993 ), #2813, .T. ) ;
#7084 = LINE ( 'NONE', #5612, #5691 ) ;
#7085 = MANIFOLD_SOLID_BREP ( 'Boss-Extrude5', #6865 ) ;
#7086 = FACE_BOUND ( 'NONE', #8092, .T. ) ;
#7087 = FACE_OUTER_BOUND ( 'NONE', #1976, .T. ) ;
#7088 = VERTEX_POINT ( 'NONE', #5796 ) ;
#7089 = LINE ( 'NONE', #7044, #3224 ) ;
#7090 = EDGE_LOOP ( 'NONE', ( #8883, #7610, #2224, #3134 ) ) ;
#7091 = DIRECTION ( 'NONE',  ( 0.000000000000000000, 0.000000000000000000, 1.000000000000000000 ) ) ;
#7092 = VERTEX_POINT ( 'NONE', #8086 ) ;
#7093 = ORIENTED_EDGE ( 'NONE', *, *, #7425, .T. ) ;
#7094 = CIRCLE ( 'NONE', #9407, 0.07499999999999998335 ) ;
#7095 = DIRECTION ( 'NONE',  ( 0.000000000000000000, 0.9396926207859082059, -0.3420201433256694901 ) ) ;
#7096 = CARTESIAN_POINT ( 'NONE',  ( 1.249999999999999334, 0.05000000000000000278, 1.300000000000000266 ) ) ;
#7097 = AXIS2_PLACEMENT_3D ( 'NONE', #1982, #7206, #1890 ) ;
#7098 = PLANE ( 'NONE',  #4073 ) ;
#7099 = VECTOR ( 'NONE', #1835, 1000.000000000000000 ) ;
#7100 = CARTESIAN_POINT ( 'NONE',  ( 0.5000000000000213163, 0.05000000000000000278, -0.7999999999999997113 ) ) ;
#7101 = VERTEX_POINT ( 'NONE', #4956 ) ;
#7102 = DIRECTION ( 'NONE',  ( 1.000000000000000000, -0.000000000000000000, -0.000000000000000000 ) ) ;
#7103 = EDGE_LOOP ( 'NONE', ( #2286, #6454, #8236, #3071 ) ) ;
#7104 = DIRECTION ( 'NONE',  ( -1.000000000000000000, 0.000000000000000000, -0.000000000000000000 ) ) ;
#7105 = CARTESIAN_POINT ( 'NONE',  ( -3.125000000000000000, 0.2000000000000000944, -1.514999999999999902 ) ) ;
#7106 = ORIENTED_EDGE ( 'NONE', *, *, #2778, .T. ) ;
#7107 = VECTOR ( 'NONE', #1265, 1000.000000000000000 ) ;
#7108 = CARTESIAN_POINT ( 'NONE',  ( -1.000000000000000444, 0.000000000000000000, 0.8000000000000003775 ) ) ;
#7109 = CARTESIAN_POINT ( 'NONE',  ( 1.249999999999999334, 0.05000000000000000278, 0.8000000000000003775 ) ) ;
#7110 = VECTOR ( 'NONE', #4854, 1000.000000000000000 ) ;
#7111 = LINE ( 'NONE', #433, #184 ) ;
#7112 = LINE ( 'NONE', #4170, #559 ) ;
#7113 = PRESENTATION_STYLE_ASSIGNMENT (( #8660 ) ) ;
#7114 = CARTESIAN_POINT ( 'NONE',  ( -1.885000000000000231, 1.464999999999999858, 1.479999999999999760 ) ) ;
#7115 = ORIENTED_EDGE ( 'NONE', *, *, #4917, .F. ) ;
#7116 = VECTOR ( 'NONE', #9120, 1000.000000000000000 ) ;
#7117 = DIRECTION ( 'NONE',  ( 0.000000000000000000, 0.000000000000000000, -1.000000000000000000 ) ) ;
#7118 = EDGE_CURVE ( 'NONE', #3097, #5366, #2078, .T. ) ;
#7119 = PLANE ( 'NONE',  #935 ) ;
#7120 = MANIFOLD_SOLID_BREP ( 'Boss-Extrude4[16]', #7333 ) ;
#7121 = DIRECTION ( 'NONE',  ( -0.000000000000000000, 0.000000000000000000, 1.000000000000000000 ) ) ;
#7122 = VECTOR ( 'NONE', #5342, 1000.000000000000000 ) ;
#7123 = LINE ( 'NONE', #445, #5489 ) ;
#7124 = ORIENTED_EDGE ( 'NONE', *, *, #2059, .F. ) ;
#7125 = LINE ( 'NONE', #8586, #8977 ) ;
#7126 = EDGE_LOOP ( 'NONE', ( #2860, #173, #4308, #4254 ) ) ;
#7127 = ORIENTED_EDGE ( 'NONE', *, *, #3833, .T. ) ;
#7128 = CARTESIAN_POINT ( 'NONE',  ( 1.750000000000020650, 0.05000000000000000278, -1.299999999999999600 ) ) ;
#7129 =( GEOMETRIC_REPRESENTATION_CONTEXT ( 3 ) GLOBAL_UNCERTAINTY_ASSIGNED_CONTEXT ( ( #1252 ) ) GLOBAL_UNIT_ASSIGNED_CONTEXT ( ( #9163, #4826, #8443 ) ) REPRESENTATION_CONTEXT ( 'NONE', 'WORKASPACE' ) );
#7130 = EDGE_CURVE ( 'NONE', #113, #3184, #4321, .T. ) ;
#7131 = EDGE_CURVE ( 'NONE', #4434, #7921, #8897, .T. ) ;
#7132 = CARTESIAN_POINT ( 'NONE',  ( -0.9999999999999785727, 0.05000000000000000278, -1.299999999999999600 ) ) ;
#7133 = ADVANCED_FACE ( 'NONE', ( #2223 ), #7497, .F. ) ;
#7134 = DIRECTION ( 'NONE',  ( -0.000000000000000000, -0.000000000000000000, 1.000000000000000000 ) ) ;
#7135 = CARTESIAN_POINT ( 'NONE',  ( -1.749999999999978462, 0.000000000000000000, -0.7999999999999997113 ) ) ;
#7136 = VECTOR ( 'NONE', #5030, 1000.000000000000000 ) ;
#7137 = ADVANCED_FACE ( 'NONE', ( #4646 ), #7644, .F. ) ;
#7138 = LINE ( 'NONE', #1241, #8347 ) ;
#7139 = ORIENTED_EDGE ( 'NONE', *, *, #6296, .F. ) ;
#7140 = ORIENTED_EDGE ( 'NONE', *, *, #2720, .F. ) ;
#7141 = CARTESIAN_POINT ( 'NONE',  ( -1.850000000000000089, 0.2000000000000000944, -0.000000000000000000 ) ) ;
#7142 = EDGE_CURVE ( 'NONE', #7512, #2848, #3148, .T. ) ;
#7143 = DIRECTION ( 'NONE',  ( 1.000000000000000000, 0.000000000000000000, -8.673617379884035472E-16 ) ) ;
#7144 = ORIENTED_EDGE ( 'NONE', *, *, #3192, .F. ) ;
#7145 = EDGE_CURVE ( 'NONE', #1126, #3375, #1502, .T. ) ;
#7146 = ORIENTED_EDGE ( 'NONE', *, *, #9312, .F. ) ;
#7147 = CIRCLE ( 'NONE', #2926, 0.07499999999999998335 ) ;
#7148 = LINE ( 'NONE', #5487, #2895 ) ;
#7149 = CARTESIAN_POINT ( 'NONE',  ( -2.299999999999999822, 1.500000000000000000, -0.6149999999999992140 ) ) ;
#7150 = ADVANCED_FACE ( 'NONE', ( #9182 ), #3297, .F. ) ;
#7151 = LINE ( 'NONE', #4896, #8598 ) ;
#7152 = ORIENTED_EDGE ( 'NONE', *, *, #411, .F. ) ;
#7153 = EDGE_LOOP ( 'NONE', ( #8790, #1900, #5855, #4998 ) ) ;
#7154 = CYLINDRICAL_SURFACE ( 'NONE', #193, 0.07499999999999998335 ) ;
#7155 = VERTEX_POINT ( 'NONE', #1110 ) ;
#7156 = DIRECTION ( 'NONE',  ( 0.000000000000000000, 0.000000000000000000, 1.000000000000000000 ) ) ;
#7157 = ORIENTED_EDGE ( 'NONE', *, *, #1700, .T. ) ;
#7158 = AXIS2_PLACEMENT_3D ( 'NONE', #247, #6879, #3268 ) ;
#7159 = PLANE ( 'NONE',  #2516 ) ;
#7160 = CARTESIAN_POINT ( 'NONE',  ( -1.999999999999978684, 0.05000000000000000278, -0.7999999999999994893 ) ) ;
#7161 = EDGE_LOOP ( 'NONE', ( #9524, #1052, #2430, #3118 ) ) ;
#7162 = DIRECTION ( 'NONE',  ( 1.000000000000000000, 0.000000000000000000, 0.000000000000000000 ) ) ;
#7163 = LINE ( 'NONE', #3489, #2637 ) ;
#7164 = FACE_OUTER_BOUND ( 'NONE', #3562, .T. ) ;
#7165 = VECTOR ( 'NONE', #2393, 1000.000000000000000 ) ;
#7166 = APPLICATION_PROTOCOL_DEFINITION ( 'draft international standard', 'automotive_design', 1998, #621 ) ;
#7167 = PLANE ( 'NONE',  #5776 ) ;
#7168 = CARTESIAN_POINT ( 'NONE',  ( -1.157999999999999696, 0.05000000000000000278, -0.5999999999999998668 ) ) ;
#7169 = ORIENTED_EDGE ( 'NONE', *, *, #1465, .F. ) ;
#7170 = DIRECTION ( 'NONE',  ( 0.000000000000000000, 0.000000000000000000, -1.000000000000000000 ) ) ;
#7171 = VECTOR ( 'NONE', #5171, 1000.000000000000000 ) ;
#7172 = ORIENTED_EDGE ( 'NONE', *, *, #7301, .T. ) ;
#7173 = CARTESIAN_POINT ( 'NONE',  ( -0.2500000000000002220, 0.000000000000000000, 0.8000000000000003775 ) ) ;
#7174 = AXIS2_PLACEMENT_3D ( 'NONE', #2541, #2584, #7117 ) ;
#7175 = PLANE ( 'NONE',  #5217 ) ;
#7176 = AXIS2_PLACEMENT_3D ( 'NONE', #144, #4608, #3872 ) ;
#7178 = VECTOR ( 'NONE', #7891, 1000.000000000000000 ) ;
#7177 = CARTESIAN_POINT ( 'NONE',  ( -0.6050000000000002043, 1.164999999999999813, -0.4500000000000003997 ) ) ;
#7179 = LINE ( 'NONE', #6446, #5307 ) ;
#7180 = ADVANCED_FACE ( 'NONE', ( #2610 ), #9319, .T. ) ;
#7181 = DIRECTION ( 'NONE',  ( 0.000000000000000000, 0.000000000000000000, 1.000000000000000000 ) ) ;
#7182 = ORIENTED_EDGE ( 'NONE', *, *, #3881, .T. ) ;
#7183 = ORIENTED_EDGE ( 'NONE', *, *, #2720, .T. ) ;
#7184 = FACE_OUTER_BOUND ( 'NONE', #1445, .T. ) ;
#7185 = DIRECTION ( 'NONE',  ( 1.000000000000000000, 0.000000000000000000, 0.000000000000000000 ) ) ;
#7186 = VECTOR ( 'NONE', #3259, 1000.000000000000000 ) ;
#7187 = ORIENTED_EDGE ( 'NONE', *, *, #5457, .T. ) ;
#7188 = ADVANCED_FACE ( 'NONE', ( #3382 ), #5632, .F. ) ;
#7189 = AXIS2_PLACEMENT_3D ( 'NONE', #6663, #7299, #9558 ) ;
#7190 = UNCERTAINTY_MEASURE_WITH_UNIT (LENGTH_MEASURE( 1.000000000000000082E-05 ), #542, 'distance_accuracy_value', 'NONE');
#7191 = EDGE_CURVE ( 'NONE', #3849, #1195, #902, .T. ) ;
#7192 = CARTESIAN_POINT ( 'NONE',  ( 0.5000000000000213163, 0.05000000000000000278, -0.7999999999999997113 ) ) ;
#7193 = LINE ( 'NONE', #3466, #4108 ) ;
#7194 = EDGE_CURVE ( 'NONE', #7424, #3361, #8982, .T. ) ;
#7195 = DIRECTION ( 'NONE',  ( 0.1993679344171940815, -0.9799247046208302558, 0.000000000000000000 ) ) ;
#7196 = VERTEX_POINT ( 'NONE', #848 ) ;
#7197 = ORIENTED_EDGE ( 'NONE', *, *, #6006, .T. ) ;
#7198 = CARTESIAN_POINT ( 'NONE',  ( -2.299999999999999822, 0.000000000000000000, -0.6999999999999995115 ) ) ;
#7199 = MANIFOLD_SOLID_BREP ( 'Cut-Extrude3[1]', #1712 ) ;
#7200 = EDGE_LOOP ( 'NONE', ( #125, #9479, #3867, #6056 ) ) ;
#7201 = DIRECTION ( 'NONE',  ( 1.000000000000000000, 0.000000000000000000, -8.673617379884035472E-16 ) ) ;
#7202 = ADVANCED_FACE ( 'NONE', ( #8498 ), #7480, .F. ) ;
#7203 = ORIENTED_EDGE ( 'NONE', *, *, #1414, .T. ) ;
#7204 = EDGE_CURVE ( 'NONE', #5783, #8792, #4787, .T. ) ;
#7205 = VECTOR ( 'NONE', #5327, 1000.000000000000000 ) ;
#7206 = DIRECTION ( 'NONE',  ( -0.000000000000000000, -1.000000000000000000, 0.000000000000000000 ) ) ;
#7207 = UNCERTAINTY_MEASURE_WITH_UNIT (LENGTH_MEASURE( 1.000000000000000082E-05 ), #8250, 'distance_accuracy_value', 'NONE');
#7208 = FACE_OUTER_BOUND ( 'NONE', #8003, .T. ) ;
#7209 = DIRECTION ( 'NONE',  ( -1.000000000000000000, 0.000000000000000000, -0.000000000000000000 ) ) ;
#7210 = DIRECTION ( 'NONE',  ( 0.000000000000000000, 0.000000000000000000, -1.000000000000000000 ) ) ;
#7211 = ORIENTED_EDGE ( 'NONE', *, *, #6064, .F. ) ;
#7212 = EDGE_LOOP ( 'NONE', ( #2489, #3269, #9335, #2969 ) ) ;
#7213 = CARTESIAN_POINT ( 'NONE',  ( 1.229999999999999982, 1.164999999999999813, -0.4500000000000003997 ) ) ;
#7214 = DIRECTION ( 'NONE',  ( 0.000000000000000000, 1.000000000000000000, 0.000000000000000000 ) ) ;
#7215 = VECTOR ( 'NONE', #8329, 1000.000000000000000 ) ;
#7216 = VECTOR ( 'NONE', #7847, 1000.000000000000000 ) ;
#7217 = SURFACE_STYLE_USAGE ( .BOTH. , #5850 ) ;
#7218 = CARTESIAN_POINT ( 'NONE',  ( 1.249999999999999334, 0.05000000000000000278, 0.8000000000000003775 ) ) ;
#7219 = DIRECTION ( 'NONE',  ( 8.673617379884035472E-16, -0.000000000000000000, 1.000000000000000000 ) ) ;
#7220 = CARTESIAN_POINT ( 'NONE',  ( -3.100000000000000533, 0.000000000000000000, 1.414999999999999813 ) ) ;
#7221 = ORIENTED_EDGE ( 'NONE', *, *, #4214, .F. ) ;
#7222 = LINE ( 'NONE', #6537, #6820 ) ;
#7223 = ORIENTED_EDGE ( 'NONE', *, *, #8266, .T. ) ;
#7224 = ORIENTED_EDGE ( 'NONE', *, *, #7899, .F. ) ;
#7225 = FACE_OUTER_BOUND ( 'NONE', #4152, .T. ) ;
#7226 = PLANE ( 'NONE',  #7418 ) ;
#7227 = VECTOR ( 'NONE', #3043, 1000.000000000000000 ) ;
#7228 = PLANE ( 'NONE',  #6046 ) ;
#7229 = CARTESIAN_POINT ( 'NONE',  ( 1.158000000000000140, 0.000000000000000000, 0.6000000000000000888 ) ) ;
#7230 = DIRECTION ( 'NONE',  ( -0.000000000000000000, 1.000000000000000000, -0.000000000000000000 ) ) ;
#7231 = ORIENTED_EDGE ( 'NONE', *, *, #8725, .F. ) ;
#7232 = DIRECTION ( 'NONE',  ( 1.000000000000000000, 0.000000000000000000, 0.000000000000000000 ) ) ;
#7233 = ORIENTED_EDGE ( 'NONE', *, *, #4386, .F. ) ;
#7234 = DIRECTION ( 'NONE',  ( 0.000000000000000000, -0.000000000000000000, 1.000000000000000000 ) ) ;
#7235 = ORIENTED_EDGE ( 'NONE', *, *, #8859, .T. ) ;
#7236 = ORIENTED_EDGE ( 'NONE', *, *, #697, .T. ) ;
#7237 = EDGE_CURVE ( 'NONE', #8675, #9112, #7089, .T. ) ;
#7238 = VECTOR ( 'NONE', #7364, 1000.000000000000000 ) ;
#7239 = CARTESIAN_POINT ( 'NONE',  ( -2.362499999999999822, 1.439999999999999947, -0.6949999999999993960 ) ) ;
#7240 = CARTESIAN_POINT ( 'NONE',  ( -3.100000000000000533, 0.1600000000000004197, -1.414999999999999813 ) ) ;
#7241 = DIRECTION ( 'NONE',  ( -1.000000000000000000, 0.000000000000000000, -0.000000000000000000 ) ) ;
#7242 = ADVANCED_FACE ( 'NONE', ( #364 ), #3183, .T. ) ;
#7243 = VERTEX_POINT ( 'NONE', #1780 ) ;
#7244 = AXIS2_PLACEMENT_3D ( 'NONE', #6669, #83, #9608 ) ;
#7245 = ORIENTED_EDGE ( 'NONE', *, *, #5709, .F. ) ;
#7246 = DIRECTION ( 'NONE',  ( 0.000000000000000000, -1.000000000000000000, 0.000000000000000000 ) ) ;
#7247 = MANIFOLD_SOLID_BREP ( 'Boss-Extrude4[12]', #4186 ) ;
#7248 = ORIENTED_EDGE ( 'NONE', *, *, #7616, .T. ) ;
#7249 = VECTOR ( 'NONE', #571, 1000.000000000000000 ) ;
#7250 = CARTESIAN_POINT ( 'NONE',  ( -3.200000000000000178, 0.2000000000000000944, -1.439999999999999947 ) ) ;
#7251 = CARTESIAN_POINT ( 'NONE',  ( 3.125000000000000000, 1.464999999999999858, 1.439999999999999947 ) ) ;
#7252 = EDGE_LOOP ( 'NONE', ( #401, #5306, #1482, #4714 ) ) ;
#7253 = EDGE_CURVE ( 'NONE', #8587, #7669, #9269, .T. ) ;
#7254 = ADVANCED_FACE ( 'NONE', ( #9402 ), #7283, .T. ) ;
#7255 = DIRECTION ( 'NONE',  ( -1.000000000000000000, 0.000000000000000000, 0.000000000000000000 ) ) ;
#7256 = AXIS2_PLACEMENT_3D ( 'NONE', #4780, #2504, #8447 ) ;
#7257 = LINE ( 'NONE', #7160, #7729 ) ;
#7258 = LINE ( 'NONE', #1501, #2365 ) ;
#7259 = EDGE_CURVE ( 'NONE', #6495, #5845, #6451, .T. ) ;
#7260 = EDGE_CURVE ( 'NONE', #1672, #158, #4151, .T. ) ;
#7261 = FACE_OUTER_BOUND ( 'NONE', #2188, .T. ) ;
#7262 = ORIENTED_EDGE ( 'NONE', *, *, #4974, .F. ) ;
#7263 = LINE ( 'NONE', #6383, #20 ) ;
#7264 = AXIS2_PLACEMENT_3D ( 'NONE', #2323, #9611, #6765 ) ;
#7265 = VECTOR ( 'NONE', #1574, 1000.000000000000000 ) ;
#7266 = EDGE_CURVE ( 'NONE', #2744, #400, #2835, .T. ) ;
#7267 = DIRECTION ( 'NONE',  ( -1.000000000000000000, 0.000000000000000000, -0.000000000000000000 ) ) ;
#7268 = VECTOR ( 'NONE', #8594, 1000.000000000000000 ) ;
#7269 = ORIENTED_EDGE ( 'NONE', *, *, #3305, .F. ) ;
#7270 = CARTESIAN_POINT ( 'NONE',  ( -0.2500000000000002220, 0.000000000000000000, 0.8000000000000003775 ) ) ;
#7271 = ORIENTED_EDGE ( 'NONE', *, *, #1174, .T. ) ;
#7272 = DIRECTION ( 'NONE',  ( -8.673617379884035472E-16, 0.000000000000000000, -1.000000000000000000 ) ) ;
#7273 = ORIENTED_EDGE ( 'NONE', *, *, #1721, .F. ) ;
#7274 = VERTEX_POINT ( 'NONE', #5816 ) ;
#7275 = DIRECTION ( 'NONE',  ( -0.000000000000000000, -1.000000000000000000, -0.000000000000000000 ) ) ;
#7276 =( NAMED_UNIT ( * ) PLANE_ANGLE_UNIT ( ) SI_UNIT ( $, .RADIAN. ) );
#7277 = LINE ( 'NONE', #4973, #9083 ) ;
#7278 = MANIFOLD_SOLID_BREP ( 'Boss-Extrude4[1]', #317 ) ;
#7279 = LINE ( 'NONE', #507, #6400 ) ;
#7280 = LINE ( 'NONE', #8776, #1196 ) ;
#7281 = ORIENTED_EDGE ( 'NONE', *, *, #8510, .T. ) ;
#7282 = MECHANICAL_DESIGN_GEOMETRIC_PRESENTATION_REPRESENTATION (  '', ( #7600 ), #4315 ) ;
#7283 = PLANE ( 'NONE',  #2445 ) ;
#7284 = VERTEX_POINT ( 'NONE', #7965 ) ;
#7285 = LINE ( 'NONE', #2055, #7136 ) ;
#7286 = DIRECTION ( 'NONE',  ( 1.000000000000000000, 0.000000000000000000, -8.673617379884035472E-16 ) ) ;
#7287 = EDGE_LOOP ( 'NONE', ( #5649, #3901, #2825, #8595 ) ) ;
#7288 = EDGE_LOOP ( 'NONE', ( #8716, #9001, #652, #5435 ) ) ;
#7289 = AXIS2_PLACEMENT_3D ( 'NONE', #7470, #5178, #8155 ) ;
#7290 = LINE ( 'NONE', #7239, #6832 ) ;
#7291 = CARTESIAN_POINT ( 'NONE',  ( -1.814999999999999947, 1.464999999999999858, 1.415000000000000480 ) ) ;
#7292 = CARTESIAN_POINT ( 'NONE',  ( -2.400000000000000355, 0.000000000000000000, 0.2500000000000002220 ) ) ;
#7293 = ORIENTED_EDGE ( 'NONE', *, *, #6060, .T. ) ;
#7294 = VERTEX_POINT ( 'NONE', #6406 ) ;
#7295 = DIRECTION ( 'NONE',  ( -0.000000000000000000, -1.000000000000000000, -0.000000000000000000 ) ) ;
#7296 = ORIENTED_EDGE ( 'NONE', *, *, #2186, .T. ) ;
#7297 = VECTOR ( 'NONE', #2983, 1000.000000000000000 ) ;
#7298 = FACE_OUTER_BOUND ( 'NONE', #1694, .T. ) ;
#7299 = DIRECTION ( 'NONE',  ( 0.000000000000000000, 1.000000000000000000, -0.000000000000000000 ) ) ;
#7300 = VERTEX_POINT ( 'NONE', #2694 ) ;
#7301 = EDGE_CURVE ( 'NONE', #8382, #3759, #2743, .T. ) ;
#7302 = PLANE ( 'NONE',  #9385 ) ;
#7303 = DIRECTION ( 'NONE',  ( 0.000000000000000000, -1.000000000000000000, 0.000000000000000000 ) ) ;
#7304 = AXIS2_PLACEMENT_3D ( 'NONE', #6642, #2924, #5172 ) ;
#7305 = CARTESIAN_POINT ( 'NONE',  ( 2.695000000000000284, 1.324999999999999956, 0.4249999999999998224 ) ) ;
#7306 = DIRECTION ( 'NONE',  ( 0.000000000000000000, 0.000000000000000000, 1.000000000000000000 ) ) ;
#7307 = FILL_AREA_STYLE_COLOUR ( '', #8198 ) ;
#7308 = EDGE_CURVE ( 'NONE', #8836, #8079, #555, .T. ) ;
#7309 = PLANE ( 'NONE',  #3128 ) ;
#7310 = VERTEX_POINT ( 'NONE', #1572 ) ;
#7311 = CARTESIAN_POINT ( 'NONE',  ( -2.499999999999978684, 0.000000000000000000, -1.299999999999999600 ) ) ;
#7312 = VERTEX_POINT ( 'NONE', #4526 ) ;
#7313 = FILL_AREA_STYLE ('',( #2083 ) ) ;
#7314 = EDGE_CURVE ( 'NONE', #7785, #4902, #3794, .T. ) ;
#7315 = FACE_OUTER_BOUND ( 'NONE', #4774, .T. ) ;
#7316 = CIRCLE ( 'NONE', #1403, 0.07000000000000039524 ) ;
#7317 = EDGE_LOOP ( 'NONE', ( #1305, #8024, #5881, #2979 ) ) ;
#7318 = EDGE_CURVE ( 'NONE', #7092, #6329, #2250, .T. ) ;
#7319 = CARTESIAN_POINT ( 'NONE',  ( -1.750000000000000444, 0.05000000000000000278, 1.300000000000000266 ) ) ;
#7320 = EDGE_CURVE ( 'NONE', #8768, #4753, #3119, .T. ) ;
#7321 = ORIENTED_EDGE ( 'NONE', *, *, #104, .T. ) ;
#7322 = LINE ( 'NONE', #1182, #1211 ) ;
#7323 = ORIENTED_EDGE ( 'NONE', *, *, #3526, .F. ) ;
#7324 = VERTEX_POINT ( 'NONE', #3704 ) ;
#7325 = EDGE_CURVE ( 'NONE', #1127, #8585, #6055, .T. ) ;
#7326 = EDGE_CURVE ( 'NONE', #6405, #8332, #3655, .T. ) ;
#7327 = LINE ( 'NONE', #4388, #6247 ) ;
#7328 = LINE ( 'NONE', #2196, #1112 ) ;
#7329 = FACE_OUTER_BOUND ( 'NONE', #7728, .T. ) ;
#7330 = CARTESIAN_POINT ( 'NONE',  ( -3.102500000000000036, 1.439999999999999947, -0.6599999999999995870 ) ) ;
#7331 = CIRCLE ( 'NONE', #2339, 0.03500000000000030864 ) ;
#7332 = VECTOR ( 'NONE', #3754, 1000.000000000000000 ) ;
#7333 = CLOSED_SHELL ( 'NONE', ( #1945, #2547, #1115, #6124, #9539, #2665 ) ) ;
#7334 = VERTEX_POINT ( 'NONE', #6796 ) ;
#7335 = ORIENTED_EDGE ( 'NONE', *, *, #9552, .T. ) ;
#7336 = PLANE ( 'NONE',  #6936 ) ;
#7337 = VERTEX_POINT ( 'NONE', #6746 ) ;
#7338 = LINE ( 'NONE', #3616, #13 ) ;
#7339 = VECTOR ( 'NONE', #8906, 1000.000000000000000 ) ;
#7340 = VECTOR ( 'NONE', #4855, 1000.000000000000000 ) ;
#7341 = DIRECTION ( 'NONE',  ( -8.673617379884035472E-16, 0.000000000000000000, -1.000000000000000000 ) ) ;
#7342 = CARTESIAN_POINT ( 'NONE',  ( 3.130000000000000338, 1.464999999999999858, 1.444999999999999618 ) ) ;
#7343 = DIRECTION ( 'NONE',  ( 1.000000000000000000, 0.000000000000000000, 0.000000000000000000 ) ) ;
#7344 = ORIENTED_EDGE ( 'NONE', *, *, #2844, .F. ) ;
#7345 = ORIENTED_EDGE ( 'NONE', *, *, #9485, .F. ) ;
#7346 = PLANE ( 'NONE',  #1563 ) ;
#7347 = VECTOR ( 'NONE', #6335, 1000.000000000000000 ) ;
#7348 = VECTOR ( 'NONE', #582, 1000.000000000000000 ) ;
#7349 = EDGE_LOOP ( 'NONE', ( #1995, #6268, #968, #7985 ) ) ;
#7350 = DIRECTION ( 'NONE',  ( 0.6755902076156585778, 0.7372773368101256386, 0.000000000000000000 ) ) ;
#7351 = VERTEX_POINT ( 'NONE', #837 ) ;
#7352 = LINE ( 'NONE', #7410, #2240 ) ;
#7353 = AXIS2_PLACEMENT_3D ( 'NONE', #3504, #7863, #7962 ) ;
#7354 = VECTOR ( 'NONE', #861, 1000.000000000000000 ) ;
#7355 = LINE ( 'NONE', #2126, #1658 ) ;
#7356 = DIRECTION ( 'NONE',  ( -1.000000000000000000, 0.000000000000000000, -0.000000000000000000 ) ) ;
#7357 = DIRECTION ( 'NONE',  ( 0.000000000000000000, 0.000000000000000000, -1.000000000000000000 ) ) ;
#7358 = CARTESIAN_POINT ( 'NONE',  ( 2.500000000000000000, 0.000000000000000000, -1.414999999999999369 ) ) ;
#7359 = EDGE_LOOP ( 'NONE', ( #9308, #7392, #4520, #2800 ) ) ;
#7360 = DIRECTION ( 'NONE',  ( 1.000000000000000000, 0.000000000000000000, 0.000000000000000000 ) ) ;
#7361 = ORIENTED_EDGE ( 'NONE', *, *, #4911, .F. ) ;
#7362 = MANIFOLD_SOLID_BREP ( 'Boss-Extrude4[14]', #944 ) ;
#7363 = EDGE_CURVE ( 'NONE', #5150, #8121, #6102, .T. ) ;
#7364 = DIRECTION ( 'NONE',  ( -0.000000000000000000, -1.000000000000000000, -0.000000000000000000 ) ) ;
#7365 = LINE ( 'NONE', #632, #3116 ) ;
#7366 = VECTOR ( 'NONE', #8631, 1000.000000000000000 ) ;
#7367 = ORIENTED_EDGE ( 'NONE', *, *, #8969, .F. ) ;
#7368 = CARTESIAN_POINT ( 'NONE',  ( -1.850000000000000089, 1.500000000000000000, -1.479999999999999760 ) ) ;
#7369 = EDGE_CURVE ( 'NONE', #2675, #388, #5175, .T. ) ;
#7370 = ORIENTED_EDGE ( 'NONE', *, *, #2247, .T. ) ;
#7371 = CARTESIAN_POINT ( 'NONE',  ( -1.814999999999999947, 0.2000000000000000944, -1.414999999999999591 ) ) ;
#7372 = ORIENTED_EDGE ( 'NONE', *, *, #3605, .F. ) ;
#7373 = CARTESIAN_POINT ( 'NONE',  ( 1.324999999999999512, 1.500000000000000000, -0.5600000000000003864 ) ) ;
#7374 = SURFACE_SIDE_STYLE ('',( #5810 ) ) ;
#7375 = VECTOR ( 'NONE', #6142, 1000.000000000000114 ) ;
#7376 = LINE ( 'NONE', #3646, #3582 ) ;
#7377 = EDGE_CURVE ( 'NONE', #3060, #6156, #5964, .T. ) ;
#7378 = EDGE_CURVE ( 'NONE', #4471, #6695, #7468, .T. ) ;
#7379 = DIRECTION ( 'NONE',  ( 0.000000000000000000, -0.000000000000000000, 1.000000000000000000 ) ) ;
#7380 = MANIFOLD_SOLID_BREP ( 'Boss-Extrude4[13]', #6234 ) ;
#7381 = LINE ( 'NONE', #7607, #1698 ) ;
#7382 = DIRECTION ( 'NONE',  ( 0.000000000000000000, -1.000000000000000000, 0.000000000000000000 ) ) ;
#7383 = SURFACE_STYLE_USAGE ( .BOTH. , #5865 ) ;
#7384 = AXIS2_PLACEMENT_3D ( 'NONE', #7319, #5206, #5952 ) ;
#7385 = EDGE_CURVE ( 'NONE', #2798, #3060, #1041, .T. ) ;
#7386 = VERTEX_POINT ( 'NONE', #4625 ) ;
#7387 = EDGE_CURVE ( 'NONE', #8257, #6619, #7763, .T. ) ;
#7388 = CARTESIAN_POINT ( 'NONE',  ( 0.000000000000000000, 0.2000000000000000944, 1.514999999999999902 ) ) ;
#7389 = ORIENTED_EDGE ( 'NONE', *, *, #9305, .T. ) ;
#7390 = DIRECTION ( 'NONE',  ( 0.000000000000000000, 0.000000000000000000, 1.000000000000000000 ) ) ;
#7391 = DIRECTION ( 'NONE',  ( 0.000000000000000000, -0.000000000000000000, -1.000000000000000000 ) ) ;
#7392 = ORIENTED_EDGE ( 'NONE', *, *, #5465, .F. ) ;
#7393 = AXIS2_PLACEMENT_3D ( 'NONE', #597, #2780, #3556 ) ;
#7394 = CARTESIAN_POINT ( 'NONE',  ( -1.157999999999999696, 0.05000000000000000278, 0.6000000000000000888 ) ) ;
#7395 = DIRECTION ( 'NONE',  ( 1.000000000000000000, 0.000000000000000000, -0.000000000000000000 ) ) ;
#7396 = DIRECTION ( 'NONE',  ( 0.000000000000000000, 0.000000000000000000, 1.000000000000000000 ) ) ;
#7397 = CARTESIAN_POINT ( 'NONE',  ( -1.250000000000000444, 0.05000000000000000278, 1.300000000000000266 ) ) ;
#7398 = VERTEX_POINT ( 'NONE', #1861 ) ;
#7399 = ADVANCED_FACE ( 'NONE', ( #8342 ), #7809, .T. ) ;
#7400 = DIRECTION ( 'NONE',  ( -1.000000000000000000, 0.000000000000000000, -0.000000000000000000 ) ) ;
#7401 = ORIENTED_EDGE ( 'NONE', *, *, #7678, .F. ) ;
#7402 = FACE_OUTER_BOUND ( 'NONE', #7918, .T. ) ;
#7403 = VECTOR ( 'NONE', #2373, 1000.000000000000000 ) ;
#7404 = DIRECTION ( 'NONE',  ( 0.000000000000000000, 0.000000000000000000, -1.000000000000000000 ) ) ;
#7405 = ORIENTED_EDGE ( 'NONE', *, *, #6057, .F. ) ;
#7406 = AXIS2_PLACEMENT_3D ( 'NONE', #95, #6085, #4756 ) ;
#7407 = CYLINDRICAL_SURFACE ( 'NONE', #7737, 0.07499999999999998335 ) ;
#7408 = CARTESIAN_POINT ( 'NONE',  ( -0.4999999999999785172, 0.000000000000000000, -0.7999999999999994893 ) ) ;
#7409 = EDGE_LOOP ( 'NONE', ( #1810, #2111, #8088, #702 ) ) ;
#7410 = CARTESIAN_POINT ( 'NONE',  ( -2.400000000000000355, 0.000000000000000000, 0.2500000000000002220 ) ) ;
#7411 = CARTESIAN_POINT ( 'NONE',  ( 3.100000000000000533, 0.000000000000000000, 1.414999999999999813 ) ) ;
#7412 = PLANE ( 'NONE',  #2038 ) ;
#7413 = AXIS2_PLACEMENT_3D ( 'NONE', #6572, #429, #5043 ) ;
#7414 = CARTESIAN_POINT ( 'NONE',  ( -2.900000000000000355, 0.000000000000000000, 0.2500000000000002220 ) ) ;
#7415 = EDGE_LOOP ( 'NONE', ( #3477, #2155, #3214, #3053 ) ) ;
#7416 = DIRECTION ( 'NONE',  ( -0.000000000000000000, 1.000000000000000000, -0.000000000000000000 ) ) ;
#7417 = ORIENTED_EDGE ( 'NONE', *, *, #7850, .T. ) ;
#7418 = AXIS2_PLACEMENT_3D ( 'NONE', #5020, #1958, #7906 ) ;
#7419 = DIRECTION ( 'NONE',  ( 1.000000000000000000, 0.000000000000000000, 0.000000000000000000 ) ) ;
#7420 = ORIENTED_EDGE ( 'NONE', *, *, #8629, .T. ) ;
#7421 = CARTESIAN_POINT ( 'NONE',  ( -1.750000000000000444, 0.05000000000000000278, 0.8000000000000003775 ) ) ;
#7422 = AXIS2_PLACEMENT_3D ( 'NONE', #8939, #5935, #4596 ) ;
#7423 = LINE ( 'NONE', #3935, #4467 ) ;
#7424 = VERTEX_POINT ( 'NONE', #9066 ) ;
#7425 = EDGE_CURVE ( 'NONE', #5877, #9423, #1671, .T. ) ;
#7426 = CARTESIAN_POINT ( 'NONE',  ( 1.949999999999999956, 0.000000000000000000, -1.414999999999999813 ) ) ;
#7427 = VECTOR ( 'NONE', #6986, 1000.000000000000000 ) ;
#7428 = PLANE ( 'NONE',  #2522 ) ;
#7429 = ORIENTED_EDGE ( 'NONE', *, *, #6109, .T. ) ;
#7430 = ORIENTED_EDGE ( 'NONE', *, *, #2370, .T. ) ;
#7431 = EDGE_CURVE ( 'NONE', #1702, #3248, #121, .T. ) ;
#7432 = EDGE_LOOP ( 'NONE', ( #1687, #7533, #5391, #4542 ) ) ;
#7433 = EDGE_CURVE ( 'NONE', #8318, #3805, #9434, .T. ) ;
#7434 = EDGE_CURVE ( 'NONE', #6068, #5619, #5711, .T. ) ;
#7435 = CARTESIAN_POINT ( 'NONE',  ( -1.947499999999999565, 1.500000000000000000, -0.2174999999999998601 ) ) ;
#7436 = PLANE ( 'NONE',  #6718 ) ;
#7437 = VECTOR ( 'NONE', #68, 1000.000000000000000 ) ;
#7438 = DIRECTION ( 'NONE',  ( 4.336808689942017736E-16, 0.000000000000000000, -1.000000000000000000 ) ) ;
#7439 = DIRECTION ( 'NONE',  ( 1.000000000000000000, 0.000000000000000000, 0.000000000000000000 ) ) ;
#7440 = ORIENTED_EDGE ( 'NONE', *, *, #156, .T. ) ;
#7441 = VERTEX_POINT ( 'NONE', #2732 ) ;
#7442 = EDGE_CURVE ( 'NONE', #8073, #2098, #4333, .T. ) ;
#7443 = CARTESIAN_POINT ( 'NONE',  ( -1.750000000000000444, 0.05000000000000000278, 1.300000000000000266 ) ) ;
#7444 = EDGE_CURVE ( 'NONE', #4302, #8919, #7222, .T. ) ;
#7445 = DIRECTION ( 'NONE',  ( -4.336808689942017736E-16, 0.000000000000000000, 1.000000000000000000 ) ) ;
#7446 = EDGE_LOOP ( 'NONE', ( #2140, #5129, #9585, #9507, #2182, #1954, #3918, #7405 ) ) ;
#7447 = ADVANCED_FACE ( 'NONE', ( #7951 ), #4239, .T. ) ;
#7448 = CARTESIAN_POINT ( 'NONE',  ( 0.2500000000000214828, 0.05000000000000000278, -0.7999999999999994893 ) ) ;
#7449 = CARTESIAN_POINT ( 'NONE',  ( 2.620000000000000551, 1.350000000000000089, 0.4249999999999998224 ) ) ;
#7450 = DIRECTION ( 'NONE',  ( -0.000000000000000000, -1.000000000000000000, 0.000000000000000000 ) ) ;
#7451 = FACE_OUTER_BOUND ( 'NONE', #2351, .T. ) ;
#7452 = VECTOR ( 'NONE', #4830, 1000.000000000000000 ) ;
#7453 = ORIENTED_EDGE ( 'NONE', *, *, #6485, .T. ) ;
#7454 = FACE_OUTER_BOUND ( 'NONE', #7432, .T. ) ;
#7455 = ORIENTED_EDGE ( 'NONE', *, *, #3975, .T. ) ;
#7456 = CARTESIAN_POINT ( 'NONE',  ( -0.5000000000000004441, 0.000000000000000000, 1.414999999999999813 ) ) ;
#7457 = VERTEX_POINT ( 'NONE', #2826 ) ;
#7458 = DIRECTION ( 'NONE',  ( 0.000000000000000000, -0.000000000000000000, -1.000000000000000000 ) ) ;
#7459 = EDGE_LOOP ( 'NONE', ( #3003, #682, #8778, #1517 ) ) ;
#7460 = CARTESIAN_POINT ( 'NONE',  ( 1.324999999999999512, 1.464999999999999858, 0.7599999999999995648 ) ) ;
#7461 = ORIENTED_EDGE ( 'NONE', *, *, #7899, .T. ) ;
#7462 = ORIENTED_EDGE ( 'NONE', *, *, #9159, .T. ) ;
#7463 = PLANE ( 'NONE',  #2805 ) ;
#7464 =( LENGTH_UNIT ( ) NAMED_UNIT ( * ) SI_UNIT ( .MILLI., .METRE. ) );
#7465 = EDGE_LOOP ( 'NONE', ( #7903, #3641, #7124, #5190, #7054, #5573, #7236, #8555 ) ) ;
#7466 = CARTESIAN_POINT ( 'NONE',  ( 0.000000000000000000, 0.000000000000000000, 0.000000000000000000 ) ) ;
#7467 = ORIENTED_EDGE ( 'NONE', *, *, #5407, .T. ) ;
#7468 = LINE ( 'NONE', #5418, #3065 ) ;
#7469 = ORIENTED_EDGE ( 'NONE', *, *, #6471, .F. ) ;
#7470 = CARTESIAN_POINT ( 'NONE',  ( 0.000000000000000000, 0.000000000000000000, 0.000000000000000000 ) ) ;
#7471 = CARTESIAN_POINT ( 'NONE',  ( 2.000000000000021760, 0.05000000000000000278, -1.299999999999999600 ) ) ;
#7472 = VERTEX_POINT ( 'NONE', #593 ) ;
#7473 = ADVANCED_FACE ( 'NONE', ( #7854 ), #4924, .F. ) ;
#7475 = VECTOR ( 'NONE', #4766, 1000.000000000000000 ) ;
#7474 = DIRECTION ( 'NONE',  ( 1.000000000000000000, 0.000000000000000000, 4.336808689942017736E-16 ) ) ;
#7476 = CARTESIAN_POINT ( 'NONE',  ( -3.102500000000000036, 1.439999999999999947, -1.434999999999999165 ) ) ;
#7477 = DIRECTION ( 'NONE',  ( 8.673617379884035472E-16, -0.000000000000000000, 1.000000000000000000 ) ) ;
#7478 = DIRECTION ( 'NONE',  ( -0.000000000000000000, 0.000000000000000000, 1.000000000000000000 ) ) ;
#7479 = ORIENTED_EDGE ( 'NONE', *, *, #3374, .T. ) ;
#7480 = PLANE ( 'NONE',  #8056 ) ;
#7481 = ORIENTED_EDGE ( 'NONE', *, *, #7385, .T. ) ;
#7482 = LINE ( 'NONE', #3761, #8254 ) ;
#7483 = EDGE_CURVE ( 'NONE', #9498, #6228, #8769, .T. ) ;
#7484 = DIRECTION ( 'NONE',  ( -0.000000000000000000, -0.000000000000000000, 1.000000000000000000 ) ) ;
#7485 = LINE ( 'NONE', #5978, #5536 ) ;
#7486 = VECTOR ( 'NONE', #8917, 1000.000000000000000 ) ;
#7487 = CARTESIAN_POINT ( 'NONE',  ( 2.500000000000000000, 0.000000000000000000, 1.300000000000000266 ) ) ;
#7488 = ORIENTED_EDGE ( 'NONE', *, *, #4929, .F. ) ;
#7489 = CARTESIAN_POINT ( 'NONE',  ( -1.250000000000000444, 0.000000000000000000, 1.414999999999999813 ) ) ;
#7490 = LINE ( 'NONE', #6764, #84 ) ;
#7491 = EDGE_CURVE ( 'NONE', #1609, #4103, #3401, .T. ) ;
#7492 = EDGE_CURVE ( 'NONE', #2719, #2006, #5064, .T. ) ;
#7493 = CARTESIAN_POINT ( 'NONE',  ( 1.250000000000021094, 0.000000000000000000, -0.7999999999999997113 ) ) ;
#7494 = VECTOR ( 'NONE', #3033, 1000.000000000000000 ) ;
#7495 = CARTESIAN_POINT ( 'NONE',  ( -2.500000000000000444, 0.05000000000000000278, 1.300000000000000266 ) ) ;
#7496 = VECTOR ( 'NONE', #1162, 1000.000000000000000 ) ;
#7497 = PLANE ( 'NONE',  #4931 ) ;
#7498 = ORIENTED_EDGE ( 'NONE', *, *, #4631, .F. ) ;
#7499 = DIRECTION ( 'NONE',  ( 0.000000000000000000, 0.000000000000000000, -1.000000000000000000 ) ) ;
#7500 = EDGE_CURVE ( 'NONE', #153, #9060, #7322, .T. ) ;
#7501 = ORIENTED_EDGE ( 'NONE', *, *, #104, .F. ) ;
#7502 = EDGE_CURVE ( 'NONE', #2777, #1840, #2759, .T. ) ;
#7503 = DIRECTION ( 'NONE',  ( -1.000000000000000000, -7.228014483236697541E-16, 0.000000000000000000 ) ) ;
#7504 = DIRECTION ( 'NONE',  ( -0.000000000000000000, 0.000000000000000000, 1.000000000000000000 ) ) ;
#7505 = EDGE_LOOP ( 'NONE', ( #2051, #2827, #4897, #7127, #1575, #3753, #1114, #928 ) ) ;
#7506 = VECTOR ( 'NONE', #5195, 1000.000000000000000 ) ;
#7507 = AXIS2_PLACEMENT_3D ( 'NONE', #2799, #5087, #8166 ) ;
#7508 = LINE ( 'NONE', #6038, #2061 ) ;
#7509 = EDGE_LOOP ( 'NONE', ( #7517, #7049, #5688, #7078 ) ) ;
#7510 = DIRECTION ( 'NONE',  ( 0.000000000000000000, 1.000000000000000000, 0.000000000000000000 ) ) ;
#7511 = AXIS2_PLACEMENT_3D ( 'NONE', #8462, #7926, #3245 ) ;
#7512 = VERTEX_POINT ( 'NONE', #2633 ) ;
#7513 = DIRECTION ( 'NONE',  ( -0.000000000000000000, -1.000000000000000000, 0.000000000000000000 ) ) ;
#7514 = ORIENTED_EDGE ( 'NONE', *, *, #5215, .F. ) ;
#7515 = LINE ( 'NONE', #1560, #9021 ) ;
#7516 = DIRECTION ( 'NONE',  ( 0.000000000000000000, 0.000000000000000000, 1.000000000000000000 ) ) ;
#7517 = ORIENTED_EDGE ( 'NONE', *, *, #708, .F. ) ;
#7518 = LINE ( 'NONE', #835, #8413 ) ;
#7519 = DIRECTION ( 'NONE',  ( 0.000000000000000000, 1.000000000000000000, 0.000000000000000000 ) ) ;
#7520 = EDGE_LOOP ( 'NONE', ( #5370, #9164, #1180, #6896, #2109, #266, #6416, #451 ) ) ;
#7521 = CARTESIAN_POINT ( 'NONE',  ( 2.695000000000000284, 1.324999999999999956, 0.4249999999999998224 ) ) ;
#7522 = ORIENTED_EDGE ( 'NONE', *, *, #9275, .F. ) ;
#7523 = CARTESIAN_POINT ( 'NONE',  ( 3.100000000000000533, 0.000000000000000000, 1.414999999999999813 ) ) ;
#7524 = CARTESIAN_POINT ( 'NONE',  ( 1.158000000000000140, 0.05000000000000000278, -0.5999999999999998668 ) ) ;
#7525 = ORIENTED_EDGE ( 'NONE', *, *, #47, .T. ) ;
#7526 = AXIS2_PLACEMENT_3D ( 'NONE', #7114, #438, #8707 ) ;
#7527 = VECTOR ( 'NONE', #6230, 1000.000000000000000 ) ;
#7528 = CARTESIAN_POINT ( 'NONE',  ( -0.9999999999999785727, 0.000000000000000000, -0.7999999999999997113 ) ) ;
#7529 = LINE ( 'NONE', #3082, #6255 ) ;
#7530 = CARTESIAN_POINT ( 'NONE',  ( 2.695000000000000284, 1.350000000000000089, 0.000000000000000000 ) ) ;
#7531 = CARTESIAN_POINT ( 'NONE',  ( -1.157999999999999696, 0.05000000000000000278, -0.5999999999999998668 ) ) ;
#7532 = EDGE_LOOP ( 'NONE', ( #7271, #7293 ) ) ;
#7533 = ORIENTED_EDGE ( 'NONE', *, *, #6608, .F. ) ;
#7534 = LINE ( 'NONE', #8212, #1882 ) ;
#7535 = CARTESIAN_POINT ( 'NONE',  ( 1.749999999999998890, 0.05000000000000000278, 0.8000000000000003775 ) ) ;
#7536 = EDGE_CURVE ( 'NONE', #2753, #3860, #7125, .T. ) ;
#7537 = CARTESIAN_POINT ( 'NONE',  ( -2.499999999999978684, 0.000000000000000000, -1.299999999999999600 ) ) ;
#7538 = ORIENTED_EDGE ( 'NONE', *, *, #2229, .F. ) ;
#7539 = DIRECTION ( 'NONE',  ( 1.000000000000000000, -0.000000000000000000, 0.000000000000000000 ) ) ;
#7540 = FACE_OUTER_BOUND ( 'NONE', #4210, .T. ) ;
#7541 = EDGE_CURVE ( 'NONE', #4322, #4637, #1228, .T. ) ;
#7542 = DIRECTION ( 'NONE',  ( 0.000000000000000000, 0.000000000000000000, 1.000000000000000000 ) ) ;
#7543 = CARTESIAN_POINT ( 'NONE',  ( -0.6050000000000004263, 1.464999999999999636, -0.4500000000000003997 ) ) ;
#7544 = AXIS2_PLACEMENT_3D ( 'NONE', #4857, #1847, #3344 ) ;
#7545 = CARTESIAN_POINT ( 'NONE',  ( -3.102500000000000036, 1.439999999999999947, -0.6599999999999995870 ) ) ;
#7546 = VECTOR ( 'NONE', #4885, 1000.000000000000000 ) ;
#7547 = DIRECTION ( 'NONE',  ( 0.000000000000000000, 0.000000000000000000, -1.000000000000000000 ) ) ;
#7548 = STYLED_ITEM ( 'NONE', ( #5800 ), #505 ) ;
#7549 = ORIENTED_EDGE ( 'NONE', *, *, #1588, .F. ) ;
#7550 = EDGE_CURVE ( 'NONE', #8073, #8860, #4181, .T. ) ;
#7551 = CARTESIAN_POINT ( 'NONE',  ( 1.000000000000021316, 0.000000000000000000, -0.7999999999999994893 ) ) ;
#7552 = PRESENTATION_STYLE_ASSIGNMENT (( #2475 ) ) ;
#7553 = EDGE_CURVE ( 'NONE', #9320, #1863, #502, .T. ) ;
#7554 = ORIENTED_EDGE ( 'NONE', *, *, #2123, .F. ) ;
#7555 = CARTESIAN_POINT ( 'NONE',  ( 1.249999999999999334, 0.000000000000000000, 1.300000000000000266 ) ) ;
#7556 = ADVANCED_FACE ( 'NONE', ( #1997 ), #1559, .T. ) ;
#7557 = EDGE_CURVE ( 'NONE', #4479, #7294, #5857, .T. ) ;
#7558 = DIRECTION ( 'NONE',  ( 1.000000000000000000, 0.000000000000000000, 0.000000000000000000 ) ) ;
#7559 = DIRECTION ( 'NONE',  ( 1.000000000000000000, 0.000000000000000000, 0.000000000000000000 ) ) ;
#7560 = ORIENTED_EDGE ( 'NONE', *, *, #206, .F. ) ;
#7561 = DIRECTION ( 'NONE',  ( -1.000000000000000000, -0.000000000000000000, -4.336808689942017736E-16 ) ) ;
#7562 = EDGE_LOOP ( 'NONE', ( #1733, #5491, #7461, #7874 ) ) ;
#7563 = ORIENTED_EDGE ( 'NONE', *, *, #6531, .T. ) ;
#7564 = EDGE_CURVE ( 'NONE', #7889, #6156, #3739, .T. ) ;
#7565 = CARTESIAN_POINT ( 'NONE',  ( -2.500000000000000444, 0.05000000000000000278, 0.8000000000000003775 ) ) ;
#7566 = EDGE_CURVE ( 'NONE', #2100, #1423, #6039, .T. ) ;
#7567 = AXIS2_PLACEMENT_3D ( 'NONE', #8751, #7104, #1208 ) ;
#7568 = SURFACE_STYLE_USAGE ( .BOTH. , #8385 ) ;
#7569 = EDGE_LOOP ( 'NONE', ( #6512, #5954, #3228, #7624 ) ) ;
#7570 = CARTESIAN_POINT ( 'NONE',  ( -1.814999999999999947, 1.464999999999999858, 1.450000000000000622 ) ) ;
#7571 = VECTOR ( 'NONE', #5501, 1000.000000000000000 ) ;
#7572 = CARTESIAN_POINT ( 'NONE',  ( -0.9999999999999785727, 0.05000000000000000278, -0.7999999999999997113 ) ) ;
#7573 = VECTOR ( 'NONE', #259, 1000.000000000000000 ) ;
#7574 = ORIENTED_EDGE ( 'NONE', *, *, #7968, .T. ) ;
#7575 = EDGE_LOOP ( 'NONE', ( #626, #9345, #8183, #8514 ) ) ;
#7576 = VERTEX_POINT ( 'NONE', #6634 ) ;
#7577 = CARTESIAN_POINT ( 'NONE',  ( 1.750000000000021094, 0.000000000000000000, -0.7999999999999994893 ) ) ;
#7578 = LINE ( 'NONE', #6889, #8179 ) ;
#7579 = ORIENTED_EDGE ( 'NONE', *, *, #5769, .F. ) ;
#7580 = AXIS2_PLACEMENT_3D ( 'NONE', #4546, #85, #7542 ) ;
#7581 = AXIS2_PLACEMENT_3D ( 'NONE', #6308, #9347, #8541 ) ;
#7582 = DIRECTION ( 'NONE',  ( -0.000000000000000000, 0.000000000000000000, -1.000000000000000000 ) ) ;
#7583 = CARTESIAN_POINT ( 'NONE',  ( 3.100000000000000533, -6.815342984766064482, 1.414999999999999813 ) ) ;
#7584 = CARTESIAN_POINT ( 'NONE',  ( -1.157999999999999696, 0.05000000000000000278, 0.6000000000000000888 ) ) ;
#7585 = ORIENTED_EDGE ( 'NONE', *, *, #7689, .F. ) ;
#7586 = AXIS2_PLACEMENT_3D ( 'NONE', #6990, #7771, #1146 ) ;
#7587 = SURFACE_STYLE_USAGE ( .BOTH. , #4450 ) ;
#7588 = ORIENTED_EDGE ( 'NONE', *, *, #5998, .F. ) ;
#7589 = CARTESIAN_POINT ( 'NONE',  ( 2.500000000000021760, 0.05000000000000000278, -0.7999999999999994893 ) ) ;
#7590 = CARTESIAN_POINT ( 'NONE',  ( 0.000000000000000000, 0.2000000000000000944, -1.514999999999999902 ) ) ;
#7591 = ORIENTED_EDGE ( 'NONE', *, *, #7733, .T. ) ;
#7592 = STYLED_ITEM ( 'NONE', ( #1684 ), #7199 ) ;
#7593 = DIRECTION ( 'NONE',  ( 0.000000000000000000, 0.000000000000000000, -1.000000000000000000 ) ) ;
#7594 = LINE ( 'NONE', #4881, #2709 ) ;
#7595 = CARTESIAN_POINT ( 'NONE',  ( 0.000000000000000000, 0.05000000000000000278, 0.000000000000000000 ) ) ;
#7596 = CARTESIAN_POINT ( 'NONE',  ( -2.900000000000000355, 0.000000000000000000, -0.2499999999999997780 ) ) ;
#7597 = VERTEX_POINT ( 'NONE', #7371 ) ;
#7598 = DIRECTION ( 'NONE',  ( 1.000000000000000000, 0.000000000000000000, 4.336808689942017736E-16 ) ) ;
#7599 = ORIENTED_EDGE ( 'NONE', *, *, #2295, .T. ) ;
#7600 = STYLED_ITEM ( 'NONE', ( #3843 ), #7362 ) ;
#7601 = CARTESIAN_POINT ( 'NONE',  ( 2.499999999999999556, 0.05000000000000000278, 0.8000000000000003775 ) ) ;
#7602 = CARTESIAN_POINT ( 'NONE',  ( -4.948858303441897900E-17, 0.2000000000000000944, -1.414999999999999591 ) ) ;
#7603 = ORIENTED_EDGE ( 'NONE', *, *, #5693, .T. ) ;
#7604 = CARTESIAN_POINT ( 'NONE',  ( 0.000000000000000000, 1.350000000000000089, -0.3000000000000002665 ) ) ;
#7605 = VECTOR ( 'NONE', #8331, 1000.000000000000000 ) ;
#7606 = EDGE_CURVE ( 'NONE', #4938, #558, #2287, .T. ) ;
#7607 = CARTESIAN_POINT ( 'NONE',  ( 2.695000000000000284, 1.350000000000000089, 0.4249999999999992673 ) ) ;
#7608 = LINE ( 'NONE', #5354, #9496 ) ;
#7609 = LINE ( 'NONE', #7330, #8511 ) ;
#7610 = ORIENTED_EDGE ( 'NONE', *, *, #8207, .F. ) ;
#7611 = DIRECTION ( 'NONE',  ( 1.000000000000000000, 0.000000000000000000, 0.000000000000000000 ) ) ;
#7612 = ORIENTED_EDGE ( 'NONE', *, *, #6790, .F. ) ;
#7613 = FACE_OUTER_BOUND ( 'NONE', #4531, .T. ) ;
#7614 = ORIENTED_EDGE ( 'NONE', *, *, #6317, .T. ) ;
#7615 = CARTESIAN_POINT ( 'NONE',  ( -2.299999999999999822, 1.500000000000000000, -1.479999999999999760 ) ) ;
#7616 = EDGE_CURVE ( 'NONE', #4527, #4938, #691, .T. ) ;
#7617 = VECTOR ( 'NONE', #3326, 1000.000000000000000 ) ;
#7618 = ORIENTED_EDGE ( 'NONE', *, *, #2184, .T. ) ;
#7619 = DIRECTION ( 'NONE',  ( -1.000000000000000000, 0.000000000000000000, -0.000000000000000000 ) ) ;
#7620 = CARTESIAN_POINT ( 'NONE',  ( 3.100000000000000533, 0.05000000000000000278, -1.414999999999999813 ) ) ;
#7621 = EDGE_CURVE ( 'NONE', #5072, #6797, #9, .T. ) ;
#7622 = EDGE_CURVE ( 'NONE', #5504, #2384, #58, .T. ) ;
#7623 = CARTESIAN_POINT ( 'NONE',  ( 0.4999999999999995559, 0.000000000000000000, 0.8000000000000003775 ) ) ;
#7624 = ORIENTED_EDGE ( 'NONE', *, *, #6300, .T. ) ;
#7625 = ORIENTED_EDGE ( 'NONE', *, *, #7363, .T. ) ;
#7626 = ORIENTED_EDGE ( 'NONE', *, *, #6720, .T. ) ;
#7627 = LINE ( 'NONE', #7523, #8349 ) ;
#7628 = ADVANCED_FACE ( 'NONE', ( #6783 ), #3642, .T. ) ;
#7629 = LINE ( 'NONE', #9218, #1181 ) ;
#7630 = VERTEX_POINT ( 'NONE', #101 ) ;
#7631 = LINE ( 'NONE', #951, #1848 ) ;
#7632 = CARTESIAN_POINT ( 'NONE',  ( 1.250000000000021094, 0.000000000000000000, -0.7999999999999997113 ) ) ;
#7633 = PLANE ( 'NONE',  #6017 ) ;
#7634 = ORIENTED_EDGE ( 'NONE', *, *, #6720, .F. ) ;
#7635 = AXIS2_PLACEMENT_3D ( 'NONE', #3396, #4035, #6435 ) ;
#7636 = ORIENTED_EDGE ( 'NONE', *, *, #4445, .T. ) ;
#7637 = CARTESIAN_POINT ( 'NONE',  ( 3.100000000000000533, 0.05000000000000000278, 1.414999999999999813 ) ) ;
#7638 = DIRECTION ( 'NONE',  ( -0.000000000000000000, -1.000000000000000000, -0.000000000000000000 ) ) ;
#7639 = CARTESIAN_POINT ( 'NONE',  ( 1.849999999999999867, 1.464999999999999858, -1.479999999999999760 ) ) ;
#7640 = ORIENTED_EDGE ( 'NONE', *, *, #8908, .T. ) ;
#7641 = CARTESIAN_POINT ( 'NONE',  ( 0.000000000000000000, 0.000000000000000000, -0.4500000000000003997 ) ) ;
#7642 = CARTESIAN_POINT ( 'NONE',  ( 3.100000000000000533, 0.05000000000000000278, 1.414999999999999813 ) ) ;
#7643 = DIRECTION ( 'NONE',  ( 0.000000000000000000, 0.000000000000000000, -1.000000000000000000 ) ) ;
#7644 = PLANE ( 'NONE',  #1053 ) ;
#7645 = ORIENTED_EDGE ( 'NONE', *, *, #5322, .T. ) ;
#7646 = LINE ( 'NONE', #8270, #3138 ) ;
#7647 = CIRCLE ( 'NONE', #324, 0.03499999999999987843 ) ;
#7648 = VECTOR ( 'NONE', #9382, 1000.000000000000114 ) ;
#7649 = ORIENTED_EDGE ( 'NONE', *, *, #4198, .F. ) ;
#7650 = FACE_OUTER_BOUND ( 'NONE', #5199, .T. ) ;
#7651 = CARTESIAN_POINT ( 'NONE',  ( -3.102500000000000036, 1.439999999999999947, -0.6599999999999995870 ) ) ;
#7652 = ORIENTED_EDGE ( 'NONE', *, *, #4443, .T. ) ;
#7653 = CARTESIAN_POINT ( 'NONE',  ( 3.125000000000000000, 0.2000000000000000944, 1.439999999999999947 ) ) ;
#7654 = VECTOR ( 'NONE', #6063, 1000.000000000000000 ) ;
#7655 = CARTESIAN_POINT ( 'NONE',  ( -1.704999999999999849, 1.350000000000000089, -0.1499999999999998002 ) ) ;
#7656 = CARTESIAN_POINT ( 'NONE',  ( -2.900000000000000355, 0.05000000000000000278, 0.2500000000000002220 ) ) ;
#7657 = ORIENTED_EDGE ( 'NONE', *, *, #8275, .F. ) ;
#7658 = CARTESIAN_POINT ( 'NONE',  ( -0.7500000000000002220, 1.464999999999999858, 0.7099999999999992983 ) ) ;
#7659 = ORIENTED_EDGE ( 'NONE', *, *, #7958, .T. ) ;
#7660 = AXIS2_PLACEMENT_3D ( 'NONE', #7572, #4722, #6982 ) ;
#7661 = CARTESIAN_POINT ( 'NONE',  ( 1.849999999999999867, 0.2000000000000000944, 0.000000000000000000 ) ) ;
#7662 = PLANE ( 'NONE',  #9173 ) ;
#7663 = ORIENTED_EDGE ( 'NONE', *, *, #6261, .F. ) ;
#7664 = DIRECTION ( 'NONE',  ( 8.673617379884035472E-16, -0.000000000000000000, 1.000000000000000000 ) ) ;
#7665 = FACE_OUTER_BOUND ( 'NONE', #5277, .T. ) ;
#7666 = DIRECTION ( 'NONE',  ( 0.000000000000000000, 0.000000000000000000, -1.000000000000000000 ) ) ;
#7667 = EDGE_CURVE ( 'NONE', #4473, #1140, #2917, .T. ) ;
#7668 = CARTESIAN_POINT ( 'NONE',  ( 0.2499999999999997780, 0.000000000000000000, 1.300000000000000266 ) ) ;
#7669 = VERTEX_POINT ( 'NONE', #5904 ) ;
#7670 = VERTEX_POINT ( 'NONE', #2335 ) ;
#7671 = ORIENTED_EDGE ( 'NONE', *, *, #6790, .T. ) ;
#7672 = CARTESIAN_POINT ( 'NONE',  ( -2.500000000000000444, 0.000000000000000000, 1.300000000000000266 ) ) ;
#7673 = EDGE_CURVE ( 'NONE', #7597, #6941, #5305, .T. ) ;
#7674 = DIRECTION ( 'NONE',  ( -0.000000000000000000, -1.000000000000000000, -0.000000000000000000 ) ) ;
#7675 = AXIS2_PLACEMENT_3D ( 'NONE', #30, #5231, #7478 ) ;
#7676 = EDGE_CURVE ( 'NONE', #3805, #5346, #746, .T. ) ;
#7677 =( LENGTH_UNIT ( ) NAMED_UNIT ( * ) SI_UNIT ( .MILLI., .METRE. ) );
#7678 = EDGE_CURVE ( 'NONE', #6153, #7983, #7423, .T. ) ;
#7679 = CARTESIAN_POINT ( 'NONE',  ( -0.9999999999999785727, 0.05000000000000000278, -0.7999999999999997113 ) ) ;
#7680 = DIRECTION ( 'NONE',  ( 0.000000000000000000, 1.000000000000000000, 0.000000000000000000 ) ) ;
#7681 = ADVANCED_FACE ( 'NONE', ( #7613 ), #5358, .F. ) ;
#7682 = DIRECTION ( 'NONE',  ( -0.000000000000000000, -1.000000000000000000, -0.000000000000000000 ) ) ;
#7683 = AXIS2_PLACEMENT_3D ( 'NONE', #9251, #5560, #9024 ) ;
#7684 = ORIENTED_EDGE ( 'NONE', *, *, #948, .F. ) ;
#7685 = ORIENTED_EDGE ( 'NONE', *, *, #3324, .T. ) ;
#7686 = PLANE ( 'NONE',  #6508 ) ;
#7687 = DIRECTION ( 'NONE',  ( 0.000000000000000000, -0.000000000000000000, -1.000000000000000000 ) ) ;
#7688 = FACE_OUTER_BOUND ( 'NONE', #4238, .T. ) ;
#7689 = EDGE_CURVE ( 'NONE', #2851, #9276, #6241, .T. ) ;
#7690 = EDGE_LOOP ( 'NONE', ( #8295, #4284, #8359, #1378 ) ) ;
#7691 = CARTESIAN_POINT ( 'NONE',  ( 2.020000000000000018, 1.350000000000000089, -0.2250000000000002554 ) ) ;
#7692 = DIRECTION ( 'NONE',  ( -0.000000000000000000, -1.000000000000000000, -0.000000000000000000 ) ) ;
#7693 = DIRECTION ( 'NONE',  ( -8.673617379884035472E-16, 0.000000000000000000, -1.000000000000000000 ) ) ;
#7694 = EDGE_LOOP ( 'NONE', ( #6996, #5712, #21, #513 ) ) ;
#7695 = CARTESIAN_POINT ( 'NONE',  ( -3.137500000000000178, 1.464999999999999858, -0.6949999999999993960 ) ) ;
#7696 = CIRCLE ( 'NONE', #5662, 0.07499999999999998335 ) ;
#7697 = ORIENTED_EDGE ( 'NONE', *, *, #6237, .T. ) ;
#7698 = DIRECTION ( 'NONE',  ( -5.973565688625369584E-17, 0.000000000000000000, -1.000000000000000000 ) ) ;
#7699 = DIRECTION ( 'NONE',  ( 0.000000000000000000, 1.000000000000000000, 0.000000000000000000 ) ) ;
#7700 = ORIENTED_EDGE ( 'NONE', *, *, #5583, .F. ) ;
#7701 = PLANE ( 'NONE',  #8493 ) ;
#7702 = CARTESIAN_POINT ( 'NONE',  ( 2.000000000000021760, 0.000000000000000000, -1.299999999999999600 ) ) ;
#7703 = ORIENTED_EDGE ( 'NONE', *, *, #4445, .F. ) ;
#7704 = CARTESIAN_POINT ( 'NONE',  ( -2.900000000000000355, 0.000000000000000000, 0.2500000000000002220 ) ) ;
#7705 = VERTEX_POINT ( 'NONE', #1659 ) ;
#7706 = CARTESIAN_POINT ( 'NONE',  ( -2.499999999999978684, 0.000000000000000000, -0.7999999999999997113 ) ) ;
#7707 = ORIENTED_EDGE ( 'NONE', *, *, #2832, .T. ) ;
#7708 = CARTESIAN_POINT ( 'NONE',  ( -1.157999999999999696, 0.000000000000000000, -0.5999999999999998668 ) ) ;
#7709 = CARTESIAN_POINT ( 'NONE',  ( 3.100000000000000533, 0.1600000000000004197, 1.414999999999999813 ) ) ;
#7710 =( GEOMETRIC_REPRESENTATION_CONTEXT ( 3 ) GLOBAL_UNCERTAINTY_ASSIGNED_CONTEXT ( ( #7190 ) ) GLOBAL_UNIT_ASSIGNED_CONTEXT ( ( #542, #5109, #3543 ) ) REPRESENTATION_CONTEXT ( 'NONE', 'WORKASPACE' ) );
#7711 = ORIENTED_EDGE ( 'NONE', *, *, #3960, .F. ) ;
#7712 = FACE_OUTER_BOUND ( 'NONE', #939, .T. ) ;
#7713 = DIRECTION ( 'NONE',  ( 0.000000000000000000, -0.000000000000000000, -1.000000000000000000 ) ) ;
#7714 = FACE_OUTER_BOUND ( 'NONE', #4615, .T. ) ;
#7715 = DIRECTION ( 'NONE',  ( -0.000000000000000000, -0.000000000000000000, 1.000000000000000000 ) ) ;
#7716 = ORIENTED_EDGE ( 'NONE', *, *, #351, .F. ) ;
#7717 = AXIS2_PLACEMENT_3D ( 'NONE', #1745, #7698, #1073 ) ;
#7718 = ORIENTED_EDGE ( 'NONE', *, *, #5045, .F. ) ;
#7719 = EDGE_LOOP ( 'NONE', ( #5029, #4575, #1328, #3263 ) ) ;
#7720 = DIRECTION ( 'NONE',  ( 1.000000000000000000, 0.000000000000000000, 0.000000000000000000 ) ) ;
#7721 = CARTESIAN_POINT ( 'NONE',  ( 0.000000000000000000, 0.000000000000000000, 0.000000000000000000 ) ) ;
#7722 = CARTESIAN_POINT ( 'NONE',  ( -0.5000000000000008882, 0.05000000000000000278, 0.8000000000000003775 ) ) ;
#7723 = DIRECTION ( 'NONE',  ( -1.000000000000000000, -0.000000000000000000, -4.336808689942017736E-16 ) ) ;
#7724 = EDGE_CURVE ( 'NONE', #8382, #5480, #5555, .T. ) ;
#7725 = CARTESIAN_POINT ( 'NONE',  ( 1.945000000000000062, 1.324999999999999956, 0.4249999999999998224 ) ) ;
#7726 = PLANE ( 'NONE',  #8036 ) ;
#7727 = ORIENTED_EDGE ( 'NONE', *, *, #5887, .F. ) ;
#7728 = EDGE_LOOP ( 'NONE', ( #4490, #7560, #5469, #6033 ) ) ;
#7729 = VECTOR ( 'NONE', #6521, 1000.000000000000000 ) ;
#7730 = CARTESIAN_POINT ( 'NONE',  ( -3.165000000000000480, 1.464999999999999858, 1.479999999999999760 ) ) ;
#7731 = FILL_AREA_STYLE_COLOUR ( '', #26 ) ;
#7732 = EDGE_CURVE ( 'NONE', #7988, #2384, #6196, .T. ) ;
#7733 = EDGE_CURVE ( 'NONE', #5877, #3552, #1854, .T. ) ;
#7734 = CARTESIAN_POINT ( 'NONE',  ( 2.020000000000000462, 1.500000000000000000, -0.3000000000000002665 ) ) ;
#7735 = AXIS2_PLACEMENT_3D ( 'NONE', #8059, #6549, #7181 ) ;
#7736 = EDGE_CURVE ( 'NONE', #3361, #5528, #6921, .T. ) ;
#7737 = AXIS2_PLACEMENT_3D ( 'NONE', #720, #9176, #9225 ) ;
#7738 = ADVANCED_FACE ( 'NONE', ( #5455 ), #3216, .T. ) ;
#7739 = LINE ( 'NONE', #1206, #4354 ) ;
#7740 = EDGE_LOOP ( 'NONE', ( #5232, #7820, #546, #2082 ) ) ;
#7741 = DIRECTION ( 'NONE',  ( 8.673617379884035472E-16, -0.000000000000000000, 1.000000000000000000 ) ) ;
#7742 = EDGE_CURVE ( 'NONE', #1867, #4793, #1028, .T. ) ;
#7743 = EDGE_LOOP ( 'NONE', ( #7652, #2564, #3373, #2348 ) ) ;
#7744 = VECTOR ( 'NONE', #6075, 1000.000000000000000 ) ;
#7745 = EDGE_CURVE ( 'NONE', #7853, #1978, #3989, .T. ) ;
#7746 = CARTESIAN_POINT ( 'NONE',  ( -1.157999999999999696, 0.000000000000000000, -0.5999999999999998668 ) ) ;
#7747 = FACE_OUTER_BOUND ( 'NONE', #4786, .T. ) ;
#7748 = CARTESIAN_POINT ( 'NONE',  ( 1.814999999999999725, 1.464999999999999858, -1.449999999999999734 ) ) ;
#7749 = VECTOR ( 'NONE', #8920, 1000.000000000000000 ) ;
#7750 = DIRECTION ( 'NONE',  ( 0.000000000000000000, 1.000000000000000000, 0.000000000000000000 ) ) ;
#7751 = LINE ( 'NONE', #4612, #6911 ) ;
#7752 = EDGE_LOOP ( 'NONE', ( #2058, #9123, #7172, #446 ) ) ;
#7753 = ORIENTED_EDGE ( 'NONE', *, *, #6789, .T. ) ;
#7754 = CARTESIAN_POINT ( 'NONE',  ( 1.249999999999999334, 0.000000000000000000, 1.300000000000000266 ) ) ;
#7755 = DIRECTION ( 'NONE',  ( 0.000000000000000000, 0.000000000000000000, 1.000000000000000000 ) ) ;
#7756 = ORIENTED_EDGE ( 'NONE', *, *, #1064, .F. ) ;
#7757 = AXIS2_PLACEMENT_3D ( 'NONE', #5820, #7234, #2789 ) ;
#7758 = PLANE ( 'NONE',  #6577 ) ;
#7759 = CARTESIAN_POINT ( 'NONE',  ( -3.102500000000000036, 1.464999999999999858, -1.399999999999999245 ) ) ;
#7760 = DIRECTION ( 'NONE',  ( 0.000000000000000000, 0.000000000000000000, -1.000000000000000000 ) ) ;
#7761 = ORIENTED_EDGE ( 'NONE', *, *, #1356, .F. ) ;
#7762 = CIRCLE ( 'NONE', #913, 0.05000000000000002359 ) ;
#7763 = LINE ( 'NONE', #7032, #6502 ) ;
#7764 = VERTEX_POINT ( 'NONE', #5505 ) ;
#7765 = ORIENTED_EDGE ( 'NONE', *, *, #3420, .T. ) ;
#7766 = DIRECTION ( 'NONE',  ( 8.673617379884035472E-16, -0.000000000000000000, 1.000000000000000000 ) ) ;
#7767 = DIRECTION ( 'NONE',  ( 0.000000000000000000, -0.000000000000000000, -1.000000000000000000 ) ) ;
#7768 = PLANE ( 'NONE',  #6003 ) ;
#7769 = FACE_OUTER_BOUND ( 'NONE', #1354, .T. ) ;
#7770 = CARTESIAN_POINT ( 'NONE',  ( 0.8411543845949644993, 1.449999999999999512, 0.6499999999999996891 ) ) ;
#7771 = DIRECTION ( 'NONE',  ( 0.000000000000000000, -1.000000000000000000, 0.000000000000000000 ) ) ;
#7772 = VERTEX_POINT ( 'NONE', #8476 ) ;
#7773 = EDGE_LOOP ( 'NONE', ( #3844, #6432, #2540, #7935 ) ) ;
#7774 = CARTESIAN_POINT ( 'NONE',  ( 1.750000000000021094, 0.000000000000000000, -0.7999999999999994893 ) ) ;
#7775 = STYLED_ITEM ( 'NONE', ( #4337 ), #3871 ) ;
#7776 = FACE_OUTER_BOUND ( 'NONE', #3166, .T. ) ;
#7777 = ORIENTED_EDGE ( 'NONE', *, *, #6612, .T. ) ;
#7778 = ORIENTED_EDGE ( 'NONE', *, *, #454, .F. ) ;
#7779 = ADVANCED_FACE ( 'NONE', ( #4764 ), #3571, .F. ) ;
#7780 = DIRECTION ( 'NONE',  ( 0.000000000000000000, 1.000000000000000000, 0.000000000000000000 ) ) ;
#7781 = AXIS2_PLACEMENT_3D ( 'NONE', #1809, #5509, #9337 ) ;
#7782 = PRODUCT_DEFINITION_CONTEXT ( 'detailed design', #621, 'design' ) ;
#7783 = EDGE_CURVE ( 'NONE', #7300, #4044, #7842, .T. ) ;
#7784 = DIRECTION ( 'NONE',  ( 0.000000000000000000, 0.000000000000000000, -1.000000000000000000 ) ) ;
#7785 = VERTEX_POINT ( 'NONE', #5132 ) ;
#7786 = LINE ( 'NONE', #8560, #7110 ) ;
#7787 = CARTESIAN_POINT ( 'NONE',  ( -1.157999999999999696, 0.000000000000000000, 0.6000000000000000888 ) ) ;
#7788 = ORIENTED_EDGE ( 'NONE', *, *, #989, .F. ) ;
#7789 = ADVANCED_FACE ( 'NONE', ( #2850 ), #2115, .T. ) ;
#7790 = EDGE_CURVE ( 'NONE', #564, #2742, #8887, .T. ) ;
#7791 = CARTESIAN_POINT ( 'NONE',  ( 3.100000000000000533, 0.05000000000000000278, -1.414999999999999813 ) ) ;
#7792 = LINE ( 'NONE', #8568, #8647 ) ;
#7794 = VECTOR ( 'NONE', #5732, 1000.000000000000000 ) ;
#7793 = DIRECTION ( 'NONE',  ( -1.000000000000000000, 0.000000000000000000, -4.336808689942017736E-16 ) ) ;
#7795 = EDGE_CURVE ( 'NONE', #5279, #4527, #1491, .T. ) ;
#7796 = CLOSED_SHELL ( 'NONE', ( #224, #1177, #619, #2953, #1994, #6897 ) ) ;
#7797 = ADVANCED_FACE ( 'NONE', ( #9030 ), #763, .T. ) ;
#7798 =( LENGTH_UNIT ( ) NAMED_UNIT ( * ) SI_UNIT ( .MILLI., .METRE. ) );
#7799 = ORIENTED_EDGE ( 'NONE', *, *, #2778, .F. ) ;
#7800 = DIRECTION ( 'NONE',  ( 0.000000000000000000, 0.000000000000000000, -1.000000000000000000 ) ) ;
#7801 = CARTESIAN_POINT ( 'NONE',  ( 2.000000000000000000, 0.000000000000000000, 0.8000000000000003775 ) ) ;
#7802 = VECTOR ( 'NONE', #2629, 1000.000000000000000 ) ;
#7803 = AXIS2_PLACEMENT_3D ( 'NONE', #389, #4910, #3351 ) ;
#7804 = EDGE_CURVE ( 'NONE', #5737, #5895, #36, .T. ) ;
#7805 = CARTESIAN_POINT ( 'NONE',  ( -1.885000000000000231, 0.2000000000000000944, 1.514999999999999902 ) ) ;
#7806 = CIRCLE ( 'NONE', #4840, 0.03500000000000009354 ) ;
#7807 = AXIS2_PLACEMENT_3D ( 'NONE', #1635, #3916, #1735 ) ;
#7808 = ORIENTED_EDGE ( 'NONE', *, *, #228, .F. ) ;
#7809 = PLANE ( 'NONE',  #2293 ) ;
#7810 = VERTEX_POINT ( 'NONE', #2991 ) ;
#7811 = ORIENTED_EDGE ( 'NONE', *, *, #2352, .T. ) ;
#7812 = FACE_OUTER_BOUND ( 'NONE', #1029, .T. ) ;
#7813 = LINE ( 'NONE', #2686, #1662 ) ;
#7814 = CIRCLE ( 'NONE', #6576, 0.03500000000000009354 ) ;
#7815 = VECTOR ( 'NONE', #249, 1000.000000000000000 ) ;
#7816 = AXIS2_PLACEMENT_3D ( 'NONE', #3674, #9601, #2211 ) ;
#7817 = LINE ( 'NONE', #6352, #1236 ) ;
#7818 = PLANE ( 'NONE',  #7586 ) ;
#7819 = ORIENTED_EDGE ( 'NONE', *, *, #7434, .F. ) ;
#7820 = ORIENTED_EDGE ( 'NONE', *, *, #5167, .F. ) ;
#7821 = CARTESIAN_POINT ( 'NONE',  ( -1.749999999999978462, 0.05000000000000000278, -0.7999999999999997113 ) ) ;
#7822 = ORIENTED_EDGE ( 'NONE', *, *, #2488, .T. ) ;
#7823 = CARTESIAN_POINT ( 'NONE',  ( -2.900000000000000355, 0.05000000000000000278, -0.2499999999999997780 ) ) ;
#7824 = VECTOR ( 'NONE', #4922, 1000.000000000000000 ) ;
#7825 = CARTESIAN_POINT ( 'NONE',  ( -0.6999999999999998446, 1.464999999999999858, 0.7599999999999995648 ) ) ;
#7826 = DIRECTION ( 'NONE',  ( 1.000000000000000000, 0.000000000000000000, -8.673617379884035472E-16 ) ) ;
#7827 = EDGE_CURVE ( 'NONE', #3319, #7983, #851, .T. ) ;
#7828 = FACE_OUTER_BOUND ( 'NONE', #1326, .T. ) ;
#7829 = ORIENTED_EDGE ( 'NONE', *, *, #3355, .T. ) ;
#7830 = DIRECTION ( 'NONE',  ( 0.000000000000000000, 0.000000000000000000, -1.000000000000000000 ) ) ;
#7831 = CARTESIAN_POINT ( 'NONE',  ( 2.620000000000000107, 1.324999999999999956, 0.4999999999999997780 ) ) ;
#7832 = ORIENTED_EDGE ( 'NONE', *, *, #4437, .T. ) ;
#7833 = ADVANCED_FACE ( 'NONE', ( #5977 ), #126, .T. ) ;
#7834 = LINE ( 'NONE', #5689, #5667 ) ;
#7835 = DIRECTION ( 'NONE',  ( -0.000000000000000000, 1.000000000000000000, -0.000000000000000000 ) ) ;
#7836 = DIRECTION ( 'NONE',  ( 0.000000000000000000, 1.000000000000000000, 0.000000000000000000 ) ) ;
#7837 = CARTESIAN_POINT ( 'NONE',  ( 3.200000000000000178, 0.2000000000000000944, -1.439999999999999947 ) ) ;
#7838 = ADVANCED_FACE ( 'NONE', ( #5331 ), #4588, .F. ) ;
#7839 = LINE ( 'NONE', #6338, #5499 ) ;
#7840 = EDGE_CURVE ( 'NONE', #3849, #4473, #1003, .T. ) ;
#7841 = ORIENTED_EDGE ( 'NONE', *, *, #4929, .T. ) ;
#7842 = LINE ( 'NONE', #9506, #3842 ) ;
#7843 = CARTESIAN_POINT ( 'NONE',  ( -1.814999999999999947, 1.464999999999999858, 1.380000000000000115 ) ) ;
#7844 = DIRECTION ( 'NONE',  ( 8.673617379884035472E-16, -0.000000000000000000, 1.000000000000000000 ) ) ;
#7845 = ADVANCED_FACE ( 'NONE', ( #8502 ), #4691, .F. ) ;
#7846 = EDGE_CURVE ( 'NONE', #889, #5870, #1057, .T. ) ;
#7847 = DIRECTION ( 'NONE',  ( -1.000000000000000000, 0.000000000000000000, 0.000000000000000000 ) ) ;
#7848 = CARTESIAN_POINT ( 'NONE',  ( 1.249999999999999334, 0.000000000000000000, 0.8000000000000003775 ) ) ;
#7849 = DIRECTION ( 'NONE',  ( -1.000000000000000000, -1.181691741128615025E-16, 0.000000000000000000 ) ) ;
#7850 = EDGE_CURVE ( 'NONE', #4260, #2234, #467, .T. ) ;
#7851 = DIRECTION ( 'NONE',  ( 0.000000000000000000, 0.000000000000000000, 1.000000000000000000 ) ) ;
#7852 = EDGE_CURVE ( 'NONE', #3661, #4268, #6269, .T. ) ;
#7853 = VERTEX_POINT ( 'NONE', #6360 ) ;
#7854 = FACE_OUTER_BOUND ( 'NONE', #7974, .T. ) ;
#7855 = AXIS2_PLACEMENT_3D ( 'NONE', #7825, #2657, #7925 ) ;
#7856 = ORIENTED_EDGE ( 'NONE', *, *, #2832, .F. ) ;
#7857 = COLOUR_RGB ( '',0.7921568627450980005, 0.8196078431372548767, 0.9333333333333333481 ) ;
#7858 = ORIENTED_EDGE ( 'NONE', *, *, #4255, .T. ) ;
#7859 = DIRECTION ( 'NONE',  ( -1.000000000000000000, -0.000000000000000000, -4.336808689942017736E-16 ) ) ;
#7860 = ADVANCED_FACE ( 'NONE', ( #4839 ), #3332, .F. ) ;
#7861 = DIRECTION ( 'NONE',  ( 0.000000000000000000, -1.000000000000000000, 0.000000000000000000 ) ) ;
#7862 = CARTESIAN_POINT ( 'NONE',  ( 3.100000000000000533, 0.000000000000000000, 1.414999999999999813 ) ) ;
#7863 = DIRECTION ( 'NONE',  ( -0.000000000000000000, 1.000000000000000000, -0.000000000000000000 ) ) ;
#7864 = CARTESIAN_POINT ( 'NONE',  ( -0.4999999999999785172, 0.000000000000000000, -0.7999999999999994893 ) ) ;
#7865 = EDGE_LOOP ( 'NONE', ( #3569, #4194, #3855, #3221 ) ) ;
#7866 = SURFACE_STYLE_FILL_AREA ( #5672 ) ;
#7867 = CARTESIAN_POINT ( 'NONE',  ( -1.704999999999999849, 1.324999999999999956, -0.1499999999999998002 ) ) ;
#7868 = ORIENTED_EDGE ( 'NONE', *, *, #3199, .T. ) ;
#7869 = EDGE_LOOP ( 'NONE', ( #6478, #5571 ) ) ;
#7870 = CIRCLE ( 'NONE', #3652, 0.2499999999999999445 ) ;
#7871 = DIRECTION ( 'NONE',  ( -1.000000000000000000, 0.000000000000000000, -0.000000000000000000 ) ) ;
#7872 = CARTESIAN_POINT ( 'NONE',  ( 1.885000000000000009, 1.464999999999999858, -1.479999999999999760 ) ) ;
#7873 = CARTESIAN_POINT ( 'NONE',  ( -1.249999999999978462, 0.05000000000000000278, -0.7999999999999994893 ) ) ;
#7874 = ORIENTED_EDGE ( 'NONE', *, *, #6905, .T. ) ;
#7875 = AXIS2_PLACEMENT_3D ( 'NONE', #7305, #8801, #5142 ) ;
#7876 = ORIENTED_EDGE ( 'NONE', *, *, #3778, .T. ) ;
#7877 = DIRECTION ( 'NONE',  ( -0.000000000000000000, 1.000000000000000000, 0.000000000000000000 ) ) ;
#7878 = ORIENTED_EDGE ( 'NONE', *, *, #8559, .T. ) ;
#7879 = CARTESIAN_POINT ( 'NONE',  ( -2.362499999999999378, 1.464999999999999858, -1.399999999999999245 ) ) ;
#7880 = LINE ( 'NONE', #1117, #186 ) ;
#7881 = ORIENTED_EDGE ( 'NONE', *, *, #4600, .F. ) ;
#7882 = VECTOR ( 'NONE', #601, 1000.000000000000000 ) ;
#7883 = DIRECTION ( 'NONE',  ( -0.000000000000000000, 1.000000000000000000, -0.000000000000000000 ) ) ;
#7884 = VECTOR ( 'NONE', #4628, 1000.000000000000000 ) ;
#7885 = UNCERTAINTY_MEASURE_WITH_UNIT (LENGTH_MEASURE( 1.000000000000000082E-05 ), #7464, 'distance_accuracy_value', 'NONE');
#7886 = DIRECTION ( 'NONE',  ( 0.000000000000000000, 1.000000000000000000, 0.000000000000000000 ) ) ;
#7887 = CARTESIAN_POINT ( 'NONE',  ( 3.165000000000000480, 1.464999999999999858, -1.444999999999998952 ) ) ;
#7888 = CARTESIAN_POINT ( 'NONE',  ( -4.948858303441900981E-17, 0.2000000000000000944, 1.415000000000000480 ) ) ;
#7889 = VERTEX_POINT ( 'NONE', #2514 ) ;
#7890 = COLOUR_RGB ( '',0.4862745098039215619, 0.2352941176470588203, 0.01568627450980392135 ) ;
#7891 = DIRECTION ( 'NONE',  ( 1.000000000000000000, 0.000000000000000000, 0.000000000000000000 ) ) ;
#7892 = CARTESIAN_POINT ( 'NONE',  ( 1.750000000000021094, 0.05000000000000000278, -0.7999999999999994893 ) ) ;
#7893 = EDGE_CURVE ( 'NONE', #2848, #3151, #3957, .T. ) ;
#7894 = DIRECTION ( 'NONE',  ( 1.000000000000000000, 0.000000000000000000, 0.000000000000000000 ) ) ;
#7895 = VECTOR ( 'NONE', #4876, 1000.000000000000000 ) ;
#7896 = FACE_OUTER_BOUND ( 'NONE', #2659, .T. ) ;
#7897 = FACE_OUTER_BOUND ( 'NONE', #5719, .T. ) ;
#7898 = CARTESIAN_POINT ( 'NONE',  ( 3.100000000000000533, 0.2000000000000000944, -1.414999999999999813 ) ) ;
#7899 = EDGE_CURVE ( 'NONE', #4240, #5011, #7047, .T. ) ;
#7900 = ORIENTED_EDGE ( 'NONE', *, *, #9204, .T. ) ;
#7901 = DIRECTION ( 'NONE',  ( 0.000000000000000000, 0.000000000000000000, -1.000000000000000000 ) ) ;
#7902 = VERTEX_POINT ( 'NONE', #6217 ) ;
#7903 = ORIENTED_EDGE ( 'NONE', *, *, #8195, .T. ) ;
#7904 = CARTESIAN_POINT ( 'NONE',  ( -2.397500000000000409, 1.464999999999999858, -1.399999999999999245 ) ) ;
#7905 = VECTOR ( 'NONE', #6994, 1000.000000000000000 ) ;
#7906 = DIRECTION ( 'NONE',  ( -1.000000000000000000, 0.000000000000000000, -0.000000000000000000 ) ) ;
#7907 = ADVANCED_FACE ( 'NONE', ( #6319 ), #7686, .F. ) ;
#7908 = EDGE_CURVE ( 'NONE', #847, #8635, #5574, .T. ) ;
#7909 = CARTESIAN_POINT ( 'NONE',  ( -0.6999999999999998446, 1.500000000000000000, 0.7599999999999995648 ) ) ;
#7910 = DIRECTION ( 'NONE',  ( 1.000000000000000000, -0.000000000000000000, -0.000000000000000000 ) ) ;
#7911 = CARTESIAN_POINT ( 'NONE',  ( 1.750000000000021094, 0.05000000000000000278, -0.7999999999999994893 ) ) ;
#7912 = AXIS2_PLACEMENT_3D ( 'NONE', #5164, #8142, #1466 ) ;
#7913 = DIRECTION ( 'NONE',  ( 0.000000000000000000, -1.000000000000000000, 0.000000000000000000 ) ) ;
#7914 = ADVANCED_FACE ( 'NONE', ( #2562 ), #1102, .F. ) ;
#7915 = EDGE_LOOP ( 'NONE', ( #9057, #7612, #4555, #3827 ) ) ;
#7916 = EDGE_CURVE ( 'NONE', #1840, #2013, #2647, .T. ) ;
#7917 = CARTESIAN_POINT ( 'NONE',  ( -2.397499999999999520, 1.439999999999999947, -1.434999999999999609 ) ) ;
#7918 = EDGE_LOOP ( 'NONE', ( #2493, #2153, #819, #1411 ) ) ;
#7919 = CARTESIAN_POINT ( 'NONE',  ( 1.250000000000021094, 0.05000000000000000278, -0.7999999999999997113 ) ) ;
#7920 = VERTEX_POINT ( 'NONE', #6409 ) ;
#7921 = VERTEX_POINT ( 'NONE', #9448 ) ;
#7922 = AXIS2_PLACEMENT_3D ( 'NONE', #8450, #7582, #5323 ) ;
#7923 = DIRECTION ( 'NONE',  ( -1.000000000000000000, 0.000000000000000000, -0.000000000000000000 ) ) ;
#7924 = CARTESIAN_POINT ( 'NONE',  ( 2.000000000000021760, 0.000000000000000000, -0.7999999999999997113 ) ) ;
#7925 = DIRECTION ( 'NONE',  ( 1.000000000000000000, 0.000000000000000000, 0.000000000000000000 ) ) ;
#7926 = DIRECTION ( 'NONE',  ( -0.000000000000000000, 1.000000000000000000, -0.000000000000000000 ) ) ;
#7927 = EDGE_LOOP ( 'NONE', ( #8929, #22, #3329, #9254 ) ) ;
#7928 = CIRCLE ( 'NONE', #5739, 0.03500000000000009354 ) ;
#7929 = DIRECTION ( 'NONE',  ( 0.000000000000000000, 0.000000000000000000, -1.000000000000000000 ) ) ;
#7930 = ORIENTED_EDGE ( 'NONE', *, *, #1530, .T. ) ;
#7931 = LINE ( 'NONE', #4947, #6263 ) ;
#7932 = ORIENTED_EDGE ( 'NONE', *, *, #4316, .T. ) ;
#7933 = LINE ( 'NONE', #2801, #4452 ) ;
#7934 = LINE ( 'NONE', #1494, #4683 ) ;
#7935 = ORIENTED_EDGE ( 'NONE', *, *, #2000, .T. ) ;
#7936 =( GEOMETRIC_REPRESENTATION_CONTEXT ( 3 ) GLOBAL_UNCERTAINTY_ASSIGNED_CONTEXT ( ( #1935 ) ) GLOBAL_UNIT_ASSIGNED_CONTEXT ( ( #6431, #1125, #5742 ) ) REPRESENTATION_CONTEXT ( 'NONE', 'WORKASPACE' ) );
#7937 = LINE ( 'NONE', #2712, #865 ) ;
#7938 = CARTESIAN_POINT ( 'NONE',  ( 3.100000000000000533, 0.1600000000000004197, -1.414999999999999813 ) ) ;
#7939 = DIRECTION ( 'NONE',  ( -1.000000000000000000, 0.000000000000000000, 0.000000000000000000 ) ) ;
#7940 = CARTESIAN_POINT ( 'NONE',  ( 1.158000000000000140, 0.05000000000000000278, 0.6000000000000000888 ) ) ;
#7941 = PLANE ( 'NONE',  #6222 ) ;
#7942 = ORIENTED_EDGE ( 'NONE', *, *, #8094, .F. ) ;
#7943 = CARTESIAN_POINT ( 'NONE',  ( -1.250000000000000222, 0.05000000000000000278, 1.414999999999999813 ) ) ;
#7944 = DIRECTION ( 'NONE',  ( 0.000000000000000000, 0.000000000000000000, 1.000000000000000000 ) ) ;
#7945 = CARTESIAN_POINT ( 'NONE',  ( 1.750000000000021094, 0.05000000000000000278, -0.7999999999999994893 ) ) ;
#7946 = CIRCLE ( 'NONE', #5767, 0.03500000000000009354 ) ;
#7947 = LINE ( 'NONE', #8764, #9239 ) ;
#7948 = CARTESIAN_POINT ( 'NONE',  ( -1.249999999999978462, 0.05000000000000000278, -0.7999999999999994893 ) ) ;
#7949 = DIRECTION ( 'NONE',  ( 0.8191520442889911324, 0.5735764363510470476, 0.000000000000000000 ) ) ;
#7950 = VERTEX_POINT ( 'NONE', #8644 ) ;
#7951 = FACE_OUTER_BOUND ( 'NONE', #5496, .T. ) ;
#7952 = ORIENTED_EDGE ( 'NONE', *, *, #1908, .F. ) ;
#7953 = EDGE_CURVE ( 'NONE', #6926, #8407, #1246, .T. ) ;
#7954 = VECTOR ( 'NONE', #6388, 1000.000000000000000 ) ;
#7955 = EDGE_LOOP ( 'NONE', ( #1311, #3246, #4936, #8746, #6439, #4137, #2897, #4636, #4724, #7525, #4371, #664, #2041, #7685, #5588, #5377, #4886, #5635, #781, #5419, #3423 ) ) ;
#7956 = MECHANICAL_DESIGN_GEOMETRIC_PRESENTATION_REPRESENTATION (  '', ( #4366 ), #4051 ) ;
#7957 = SURFACE_STYLE_USAGE ( .BOTH. , #8681 ) ;
#7958 = EDGE_CURVE ( 'NONE', #6494, #8792, #8988, .T. ) ;
#7959 = AXIS2_PLACEMENT_3D ( 'NONE', #6231, #6966, #334 ) ;
#7961 =( GEOMETRIC_REPRESENTATION_CONTEXT ( 3 ) GLOBAL_UNCERTAINTY_ASSIGNED_CONTEXT ( ( #5244 ) ) GLOBAL_UNIT_ASSIGNED_CONTEXT ( ( #178, #2465, #128 ) ) REPRESENTATION_CONTEXT ( 'NONE', 'WORKASPACE' ) );
#7960 = CARTESIAN_POINT ( 'NONE',  ( -1.885000000000000231, 1.464999999999999858, -1.479999999999999760 ) ) ;
#7962 = DIRECTION ( 'NONE',  ( 0.000000000000000000, 0.000000000000000000, 1.000000000000000000 ) ) ;
#7963 = DIRECTION ( 'NONE',  ( 0.000000000000000000, -0.000000000000000000, -1.000000000000000000 ) ) ;
#7964 = VERTEX_POINT ( 'NONE', #9355 ) ;
#7965 = CARTESIAN_POINT ( 'NONE',  ( 1.249999999999999334, 0.05000000000000000278, 0.8000000000000003775 ) ) ;
#7966 = ORIENTED_EDGE ( 'NONE', *, *, #8026, .T. ) ;
#7967 = ADVANCED_FACE ( 'NONE', ( #4252 ), #5867, .F. ) ;
#7968 = EDGE_CURVE ( 'NONE', #6080, #2561, #4784, .T. ) ;
#7969 = DIRECTION ( 'NONE',  ( -0.000000000000000000, -1.000000000000000000, 0.000000000000000000 ) ) ;
#7970 = CARTESIAN_POINT ( 'NONE',  ( -0.7000000000000001776, 1.464999999999999858, 0.7099999999999996314 ) ) ;
#7971 = AXIS2_PLACEMENT_3D ( 'NONE', #3398, #780, #1462 ) ;
#7972 = ORIENTED_EDGE ( 'NONE', *, *, #330, .T. ) ;
#7973 = VECTOR ( 'NONE', #4769, 1000.000000000000000 ) ;
#7974 = EDGE_LOOP ( 'NONE', ( #5493, #147, #1779, #2999 ) ) ;
#7975 = VECTOR ( 'NONE', #3471, 1000.000000000000000 ) ;
#7976 = EDGE_CURVE ( 'NONE', #8407, #6321, #7285, .T. ) ;
#7977 = ADVANCED_FACE ( 'NONE', ( #7184 ), #6556, .T. ) ;
#7978 = DIRECTION ( 'NONE',  ( 0.000000000000000000, 0.000000000000000000, -1.000000000000000000 ) ) ;
#7979 = DIRECTION ( 'NONE',  ( 0.000000000000000000, 1.000000000000000000, 0.000000000000000000 ) ) ;
#7980 = AXIS2_PLACEMENT_3D ( 'NONE', #4597, #5438, #8364 ) ;
#7981 = LINE ( 'NONE', #1441, #984 ) ;
#7982 = VERTEX_POINT ( 'NONE', #8827 ) ;
#7983 = VERTEX_POINT ( 'NONE', #2696 ) ;
#7984 = LINE ( 'NONE', #4262, #3747 ) ;
#7985 = ORIENTED_EDGE ( 'NONE', *, *, #6481, .T. ) ;
#7986 = DIRECTION ( 'NONE',  ( -1.000000000000000000, -0.000000000000000000, -4.336808689942017736E-16 ) ) ;
#7987 = CARTESIAN_POINT ( 'NONE',  ( -1.750000000000000444, 0.05000000000000000278, 1.300000000000000266 ) ) ;
#7988 = VERTEX_POINT ( 'NONE', #3613 ) ;
#7989 = CARTESIAN_POINT ( 'NONE',  ( 2.000000000000000000, 0.05000000000000000278, 1.300000000000000266 ) ) ;
#7990 = EDGE_CURVE ( 'NONE', #1158, #4967, #604, .T. ) ;
#7991 = DIRECTION ( 'NONE',  ( 0.000000000000000000, -1.000000000000000000, 0.000000000000000000 ) ) ;
#7992 = DIRECTION ( 'NONE',  ( 1.000000000000000000, -0.000000000000000000, 0.000000000000000000 ) ) ;
#7993 = FACE_OUTER_BOUND ( 'NONE', #6215, .T. ) ;
#7994 = LINE ( 'NONE', #4815, #4481 ) ;
#7995 = VERTEX_POINT ( 'NONE', #2101 ) ;
#7996 = LINE ( 'NONE', #4279, #4834 ) ;
#7997 = DIRECTION ( 'NONE',  ( 0.000000000000000000, 0.000000000000000000, -1.000000000000000000 ) ) ;
#7998 = AXIS2_PLACEMENT_3D ( 'NONE', #1217, #3393, #4276 ) ;
#7999 = AXIS2_PLACEMENT_3D ( 'NONE', #5252, #6586, #9469 ) ;
#8000 = SHAPE_DEFINITION_REPRESENTATION ( #4303, #505 ) ;
#8001 = CARTESIAN_POINT ( 'NONE',  ( 3.125000000000000000, 0.2000000000000000944, 1.514999999999999902 ) ) ;
#8002 = LINE ( 'NONE', #1225, #4863 ) ;
#8003 = EDGE_LOOP ( 'NONE', ( #7248, #6070, #6170, #8291 ) ) ;
#8004 = CARTESIAN_POINT ( 'NONE',  ( -2.362499999999999822, 1.439999999999999947, -0.6949999999999993960 ) ) ;
#8005 = EDGE_LOOP ( 'NONE', ( #7003, #7579, #9508, #1104 ) ) ;
#8006 = ORIENTED_EDGE ( 'NONE', *, *, #353, .F. ) ;
#8007 = DIRECTION ( 'NONE',  ( 0.000000000000000000, 1.000000000000000000, -0.000000000000000000 ) ) ;
#8008 = VECTOR ( 'NONE', #3405, 1000.000000000000000 ) ;
#8009 = DIRECTION ( 'NONE',  ( 0.000000000000000000, 1.000000000000000000, 0.000000000000000000 ) ) ;
#8010 = CARTESIAN_POINT ( 'NONE',  ( -2.900000000000000355, 0.05000000000000000278, 0.2500000000000002220 ) ) ;
#8011 = DIRECTION ( 'NONE',  ( 0.000000000000000000, 1.000000000000000000, 0.000000000000000000 ) ) ;
#8012 = FACE_OUTER_BOUND ( 'NONE', #4702, .T. ) ;
#8013 = ORIENTED_EDGE ( 'NONE', *, *, #860, .F. ) ;
#8014 = VERTEX_POINT ( 'NONE', #6453 ) ;
#8015 = EDGE_CURVE ( 'NONE', #8642, #1860, #9495, .T. ) ;
#8016 = DIRECTION ( 'NONE',  ( 1.000000000000000000, 0.000000000000000000, 0.000000000000000000 ) ) ;
#8017 = FACE_OUTER_BOUND ( 'NONE', #7057, .T. ) ;
#8018 = ORIENTED_EDGE ( 'NONE', *, *, #823, .T. ) ;
#8019 = ORIENTED_EDGE ( 'NONE', *, *, #5657, .F. ) ;
#8020 = EDGE_CURVE ( 'NONE', #2649, #196, #8065, .T. ) ;
#8021 = FACE_OUTER_BOUND ( 'NONE', #1218, .T. ) ;
#8022 = CARTESIAN_POINT ( 'NONE',  ( 0.2500000000000214828, 0.000000000000000000, -0.7999999999999994893 ) ) ;
#8023 = VERTEX_POINT ( 'NONE', #5074 ) ;
#8024 = ORIENTED_EDGE ( 'NONE', *, *, #7790, .F. ) ;
#8025 = DIRECTION ( 'NONE',  ( 0.000000000000000000, 0.000000000000000000, -1.000000000000000000 ) ) ;
#8026 = EDGE_CURVE ( 'NONE', #6560, #3587, #3564, .T. ) ;
#8027 = ORIENTED_EDGE ( 'NONE', *, *, #392, .F. ) ;
#8028 = CIRCLE ( 'NONE', #3031, 0.03500000000000009354 ) ;
#8029 = ADVANCED_FACE ( 'NONE', ( #2009 ), #4983, .T. ) ;
#8030 = LINE ( 'NONE', #9459, #8793 ) ;
#8031 = SURFACE_STYLE_FILL_AREA ( #8752 ) ;
#8032 = ORIENTED_EDGE ( 'NONE', *, *, #6942, .F. ) ;
#8033 = DIRECTION ( 'NONE',  ( 0.000000000000000000, 0.000000000000000000, 1.000000000000000000 ) ) ;
#8034 = CARTESIAN_POINT ( 'NONE',  ( -1.749999999999978462, 0.000000000000000000, -1.299999999999999600 ) ) ;
#8035 = EDGE_CURVE ( 'NONE', #8912, #198, #2764, .T. ) ;
#8036 = AXIS2_PLACEMENT_3D ( 'NONE', #4008, #1965, #8730 ) ;
#8037 = ADVANCED_FACE ( 'NONE', ( #9589 ), #2929, .T. ) ;
#8038 = AXIS2_PLACEMENT_3D ( 'NONE', #9143, #1938, #6188 ) ;
#8039 = LINE ( 'NONE', #4317, #1812 ) ;
#8040 = LINE ( 'NONE', #9613, #4063 ) ;
#8041 = FACE_OUTER_BOUND ( 'NONE', #3976, .T. ) ;
#8042 = VERTEX_POINT ( 'NONE', #2252 ) ;
#8043 = EDGE_CURVE ( 'NONE', #9146, #4775, #796, .T. ) ;
#8044 = DIRECTION ( 'NONE',  ( 0.000000000000000000, -0.000000000000000000, -1.000000000000000000 ) ) ;
#8045 = EDGE_LOOP ( 'NONE', ( #5852, #8050, #7640, #1016 ) ) ;
#8046 = VECTOR ( 'NONE', #4306, 1000.000000000000000 ) ;
#8047 = AXIS2_PLACEMENT_3D ( 'NONE', #3123, #6106, #5519 ) ;
#8048 = PLANE ( 'NONE',  #8110 ) ;
#8049 = VECTOR ( 'NONE', #1777, 1000.000000000000000 ) ;
#8050 = ORIENTED_EDGE ( 'NONE', *, *, #7266, .F. ) ;
#8051 = DIRECTION ( 'NONE',  ( -0.000000000000000000, 1.000000000000000000, -0.000000000000000000 ) ) ;
#8052 = ORIENTED_EDGE ( 'NONE', *, *, #4203, .T. ) ;
#8053 = CARTESIAN_POINT ( 'NONE',  ( -2.500000000000000444, 0.000000000000000000, 1.300000000000000266 ) ) ;
#8054 = ORIENTED_EDGE ( 'NONE', *, *, #7673, .F. ) ;
#8055 = CARTESIAN_POINT ( 'NONE',  ( -2.400000000000000355, 0.05000000000000000278, 0.2500000000000002220 ) ) ;
#8056 = AXIS2_PLACEMENT_3D ( 'NONE', #4689, #2512, #1827 ) ;
#8057 = CARTESIAN_POINT ( 'NONE',  ( 0.4999999999999995559, 0.05000000000000000278, 1.300000000000000266 ) ) ;
#8058 = FACE_OUTER_BOUND ( 'NONE', #7103, .T. ) ;
#8059 = CARTESIAN_POINT ( 'NONE',  ( 3.130000000000000338, 1.500000000000000000, -1.444999999999999840 ) ) ;
#8060 = CARTESIAN_POINT ( 'NONE',  ( -1.157999999999999696, 0.05000000000000000278, -0.5999999999999998668 ) ) ;
#8061 = ORIENTED_EDGE ( 'NONE', *, *, #2488, .F. ) ;
#8062 = AXIS2_PLACEMENT_3D ( 'NONE', #6345, #9298, #1911 ) ;
#8063 = DIRECTION ( 'NONE',  ( 1.000000000000000000, 0.000000000000000000, 0.000000000000000000 ) ) ;
#8064 = ORIENTED_EDGE ( 'NONE', *, *, #8547, .F. ) ;
#8065 = LINE ( 'NONE', #9404, #4943 ) ;
#8066 = PLANE ( 'NONE',  #9262 ) ;
#8067 = ORIENTED_EDGE ( 'NONE', *, *, #9426, .T. ) ;
#8068 = VECTOR ( 'NONE', #2491, 1000.000000000000000 ) ;
#8069 = CARTESIAN_POINT ( 'NONE',  ( 2.500000000000000000, 0.05000000000000000278, 1.300000000000000266 ) ) ;
#8070 = DIRECTION ( 'NONE',  ( 1.000000000000000000, -0.000000000000000000, 0.000000000000000000 ) ) ;
#8071 = DIRECTION ( 'NONE',  ( 0.000000000000000000, 1.000000000000000000, 0.000000000000000000 ) ) ;
#8072 = ORIENTED_EDGE ( 'NONE', *, *, #8783, .T. ) ;
#8073 = VERTEX_POINT ( 'NONE', #4777 ) ;
#8074 = DIRECTION ( 'NONE',  ( 0.000000000000000000, -1.000000000000000000, 0.000000000000000000 ) ) ;
#8075 = VERTEX_POINT ( 'NONE', #8540 ) ;
#8076 = AXIS2_PLACEMENT_3D ( 'NONE', #3755, #1531, #7474 ) ;
#8077 = EDGE_CURVE ( 'NONE', #1571, #6216, #991, .T. ) ;
#8078 =( NAMED_UNIT ( * ) PLANE_ANGLE_UNIT ( ) SI_UNIT ( $, .RADIAN. ) );
#8079 = VERTEX_POINT ( 'NONE', #6933 ) ;
#8080 = CARTESIAN_POINT ( 'NONE',  ( -1.850000000000000089, 1.464999999999999858, -1.514999999999999902 ) ) ;
#8081 = CARTESIAN_POINT ( 'NONE',  ( -3.100000000000000533, 0.05000000000000000278, -1.414999999999999813 ) ) ;
#8082 = EDGE_CURVE ( 'NONE', #2318, #6495, #3172, .T. ) ;
#8083 = CIRCLE ( 'NONE', #2478, 0.2499999999999999445 ) ;
#8084 = CARTESIAN_POINT ( 'NONE',  ( -0.9999999999999785727, 0.05000000000000000278, -0.7999999999999997113 ) ) ;
#8085 = CARTESIAN_POINT ( 'NONE',  ( -0.2500000000000002220, 0.05000000000000000278, 1.414999999999999813 ) ) ;
#8086 = CARTESIAN_POINT ( 'NONE',  ( 2.620000000000000107, 1.324999999999999956, -0.3000000000000002665 ) ) ;
#8087 = PLANE ( 'NONE',  #333 ) ;
#8088 = ORIENTED_EDGE ( 'NONE', *, *, #648, .T. ) ;
#8089 = EDGE_CURVE ( 'NONE', #6711, #6371, #9256, .T. ) ;
#8090 = PLANE ( 'NONE',  #6563 ) ;
#8091 = ADVANCED_FACE ( 'NONE', ( #7812 ), #4047, .F. ) ;
#8092 = EDGE_LOOP ( 'NONE', ( #6044, #6276, #5695, #4838, #2019, #7211, #5724, #5556 ) ) ;
#8093 = EDGE_CURVE ( 'NONE', #7034, #9078, #6307, .T. ) ;
#8094 = EDGE_CURVE ( 'NONE', #7300, #5046, #1956, .T. ) ;
#8095 = DIRECTION ( 'NONE',  ( 0.3420201433256694901, 0.9396926207859082059, -2.472126549516630243E-15 ) ) ;
#8096 = CIRCLE ( 'NONE', #5, 0.05000000000000002359 ) ;
#8097 = EDGE_LOOP ( 'NONE', ( #9201, #2632, #8942, #1845 ) ) ;
#8098 = LINE ( 'NONE', #4381, #4248 ) ;
#8099 = ORIENTED_EDGE ( 'NONE', *, *, #5759, .F. ) ;
#8100 = CARTESIAN_POINT ( 'NONE',  ( 1.949999999999999956, -6.815342984766064482, -1.414999999999999813 ) ) ;
#8101 = DIRECTION ( 'NONE',  ( -0.000000000000000000, -1.000000000000000000, -0.000000000000000000 ) ) ;
#8102 = CLOSED_SHELL ( 'NONE', ( #9530, #1361, #875, #4084, #8321, #6722 ) ) ;
#8103 = DIRECTION ( 'NONE',  ( 0.000000000000000000, -1.000000000000000000, 0.000000000000000000 ) ) ;
#8104 = AXIS2_PLACEMENT_3D ( 'NONE', #5801, #6682, #4423 ) ;
#8105 = AXIS2_PLACEMENT_3D ( 'NONE', #8100, #8229, #103 ) ;
#8106 =( NAMED_UNIT ( * ) PLANE_ANGLE_UNIT ( ) SI_UNIT ( $, .RADIAN. ) );
#8107 = ORIENTED_EDGE ( 'NONE', *, *, #860, .T. ) ;
#8108 = ORIENTED_EDGE ( 'NONE', *, *, #4089, .T. ) ;
#8109 = LINE ( 'NONE', #752, #2340 ) ;
#8110 = AXIS2_PLACEMENT_3D ( 'NONE', #9574, #1418, #4377 ) ;
#8111 = VECTOR ( 'NONE', #5943, 1000.000000000000000 ) ;
#8112 = DIRECTION ( 'NONE',  ( 1.000000000000000000, 0.000000000000000000, 0.000000000000000000 ) ) ;
#8113 = CARTESIAN_POINT ( 'NONE',  ( -3.200000000000000178, 1.464999999999999858, 1.439999999999999947 ) ) ;
#8114 = DIRECTION ( 'NONE',  ( 0.000000000000000000, -0.000000000000000000, -1.000000000000000000 ) ) ;
#8115 = CARTESIAN_POINT ( 'NONE',  ( 3.165000000000000480, 1.464999999999999858, 1.444999999999999618 ) ) ;
#8116 = ORIENTED_EDGE ( 'NONE', *, *, #3086, .F. ) ;
#8117 = ORIENTED_EDGE ( 'NONE', *, *, #8372, .F. ) ;
#8118 = CARTESIAN_POINT ( 'NONE',  ( 1.375000000000000000, 1.464999999999999858, 0.7099999999999992983 ) ) ;
#8119 = VECTOR ( 'NONE', #5971, 1000.000000000000000 ) ;
#8120 = DIRECTION ( 'NONE',  ( 1.000000000000000000, -0.000000000000000000, 0.000000000000000000 ) ) ;
#8121 = VERTEX_POINT ( 'NONE', #452 ) ;
#8122 = FACE_OUTER_BOUND ( 'NONE', #7915, .T. ) ;
#8123 = LINE ( 'NONE', #7408, #3904 ) ;
#8124 = ORIENTED_EDGE ( 'NONE', *, *, #1240, .F. ) ;
#8125 = CARTESIAN_POINT ( 'NONE',  ( 0.000000000000000000, 0.1600000000000004197, 0.000000000000000000 ) ) ;
#8126 = DIRECTION ( 'NONE',  ( 0.000000000000000000, 1.000000000000000000, 0.000000000000000000 ) ) ;
#8127 = AXIS2_PLACEMENT_3D ( 'NONE', #3748, #2096, #9532 ) ;
#8128 = DIRECTION ( 'NONE',  ( 0.000000000000000000, -1.000000000000000000, 0.000000000000000000 ) ) ;
#8129 = FACE_OUTER_BOUND ( 'NONE', #2625, .T. ) ;
#8130 = CARTESIAN_POINT ( 'NONE',  ( -2.362499999999999822, 1.464999999999999858, -0.6949999999999993960 ) ) ;
#8131 = SURFACE_STYLE_FILL_AREA ( #5146 ) ;
#8132 = VERTEX_POINT ( 'NONE', #3498 ) ;
#8133 = CARTESIAN_POINT ( 'NONE',  ( 1.749999999999999334, 0.05000000000000000278, 1.300000000000000266 ) ) ;
#8134 = ORIENTED_EDGE ( 'NONE', *, *, #7742, .F. ) ;
#8135 = CARTESIAN_POINT ( 'NONE',  ( 1.949999999999999956, 0.000000000000000000, -1.414999999999999813 ) ) ;
#8136 = ORIENTED_EDGE ( 'NONE', *, *, #4480, .T. ) ;
#8137 = CARTESIAN_POINT ( 'NONE',  ( -1.157999999999999696, 0.05000000000000000278, 0.6000000000000000888 ) ) ;
#8138 = EDGE_CURVE ( 'NONE', #4505, #9121, #4138, .T. ) ;
#8139 = ORIENTED_EDGE ( 'NONE', *, *, #9093, .T. ) ;
#8140 = CARTESIAN_POINT ( 'NONE',  ( -2.022499999999999964, 1.500000000000000000, 0.3424999999999996381 ) ) ;
#8141 = VERTEX_POINT ( 'NONE', #9437 ) ;
#8142 = DIRECTION ( 'NONE',  ( -0.000000000000000000, -1.000000000000000000, 0.000000000000000000 ) ) ;
#8143 = EDGE_LOOP ( 'NONE', ( #6829, #2210, #6090, #914 ) ) ;
#8144 = LINE ( 'NONE', #9581, #4980 ) ;
#8145 = ADVANCED_FACE ( 'NONE', ( #1330 ), #4336, .T. ) ;
#8146 = EDGE_CURVE ( 'NONE', #5328, #8587, #1529, .T. ) ;
#8147 = VECTOR ( 'NONE', #8051, 1000.000000000000000 ) ;
#8148 = PLANE ( 'NONE',  #4893 ) ;
#8149 = ADVANCED_FACE ( 'NONE', ( #9482 ), #2828, .F. ) ;
#8150 = ADVANCED_FACE ( 'NONE', ( #8021 ), #2750, .T. ) ;
#8151 = DIRECTION ( 'NONE',  ( 0.000000000000000000, 0.000000000000000000, -1.000000000000000000 ) ) ;
#8152 = VERTEX_POINT ( 'NONE', #8693 ) ;
#8153 = CARTESIAN_POINT ( 'NONE',  ( 2.000000000000021760, 0.000000000000000000, -1.299999999999999600 ) ) ;
#8154 = VERTEX_POINT ( 'NONE', #9361 ) ;
#8155 = DIRECTION ( 'NONE',  ( 0.000000000000000000, -0.000000000000000000, -1.000000000000000000 ) ) ;
#8156 = EDGE_CURVE ( 'NONE', #5065, #7351, #2794, .T. ) ;
#8157 = CARTESIAN_POINT ( 'NONE',  ( 2.400000000000001243, 0.05000000000000000278, 0.2500000000000017208 ) ) ;
#8158 = ORIENTED_EDGE ( 'NONE', *, *, #2603, .F. ) ;
#8159 = VECTOR ( 'NONE', #1798, 1000.000000000000000 ) ;
#8160 = VECTOR ( 'NONE', #2688, 1000.000000000000000 ) ;
#8161 = CARTESIAN_POINT ( 'NONE',  ( 2.020000000000000462, 1.350000000000000089, 0.4999999999999997780 ) ) ;
#8162 = DIRECTION ( 'NONE',  ( 0.000000000000000000, 0.000000000000000000, 1.000000000000000000 ) ) ;
#8163 = DIRECTION ( 'NONE',  ( 0.000000000000000000, 0.000000000000000000, 1.000000000000000000 ) ) ;
#8164 = ORIENTED_EDGE ( 'NONE', *, *, #227, .F. ) ;
#8165 = VERTEX_POINT ( 'NONE', #1251 ) ;
#8166 = DIRECTION ( 'NONE',  ( -8.673617379884035472E-16, 0.000000000000000000, -1.000000000000000000 ) ) ;
#8167 = VECTOR ( 'NONE', #2271, 1000.000000000000000 ) ;
#8168 = DIRECTION ( 'NONE',  ( 0.000000000000000000, -1.000000000000000000, -0.000000000000000000 ) ) ;
#8169 = SURFACE_SIDE_STYLE ('',( #4455 ) ) ;
#8170 = ORIENTED_EDGE ( 'NONE', *, *, #6782, .T. ) ;
#8171 = CARTESIAN_POINT ( 'NONE',  ( 0.4999999999999995559, 0.05000000000000000278, 1.414999999999999813 ) ) ;
#8172 = CARTESIAN_POINT ( 'NONE',  ( -2.299999999999999822, 0.05000000000000000278, -0.7999999999999997113 ) ) ;
#8173 = VECTOR ( 'NONE', #5494, 1000.000000000000000 ) ;
#8174 = ORIENTED_EDGE ( 'NONE', *, *, #5758, .F. ) ;
#8175 = FACE_OUTER_BOUND ( 'NONE', #6819, .T. ) ;
#8176 = VERTEX_POINT ( 'NONE', #2700 ) ;
#8177 = LINE ( 'NONE', #8135, #8111 ) ;
#8178 = ORIENTED_EDGE ( 'NONE', *, *, #4607, .F. ) ;
#8179 = VECTOR ( 'NONE', #3124, 1000.000000000000000 ) ;
#8180 = CARTESIAN_POINT ( 'NONE',  ( 2.695000000000000284, 1.324999999999999956, 0.4249999999999998224 ) ) ;
#8181 = ORIENTED_EDGE ( 'NONE', *, *, #934, .T. ) ;
#8182 = LINE ( 'NONE', #6736, #9368 ) ;
#8183 = ORIENTED_EDGE ( 'NONE', *, *, #4133, .F. ) ;
#8184 = AXIS2_PLACEMENT_3D ( 'NONE', #1302, #8071, #5036 ) ;
#8185 = VERTEX_POINT ( 'NONE', #7149 ) ;
#8186 = VECTOR ( 'NONE', #4290, 1000.000000000000000 ) ;
#8187 = CARTESIAN_POINT ( 'NONE',  ( -2.299999999999999822, 1.464999999999999858, -1.479999999999999760 ) ) ;
#8188 = EDGE_CURVE ( 'NONE', #6784, #7294, #516, .T. ) ;
#8189 = DIRECTION ( 'NONE',  ( -0.000000000000000000, -1.000000000000000000, -0.000000000000000000 ) ) ;
#8190 = ORIENTED_EDGE ( 'NONE', *, *, #4379, .T. ) ;
#8191 = CARTESIAN_POINT ( 'NONE',  ( -1.749999999999978462, 0.000000000000000000, -1.299999999999999600 ) ) ;
#8192 = AXIS2_PLACEMENT_3D ( 'NONE', #846, #3083, #8114 ) ;
#8193 = CARTESIAN_POINT ( 'NONE',  ( -1.814999999999999947, 0.2000000000000000944, 1.450000000000000622 ) ) ;
#8194 = AXIS2_PLACEMENT_3D ( 'NONE', #6811, #5882, #8841 ) ;
#8195 = EDGE_CURVE ( 'NONE', #4792, #1702, #5778, .T. ) ;
#8196 = EDGE_LOOP ( 'NONE', ( #8300, #2943, #7868, #3496 ) ) ;
#8197 = EDGE_LOOP ( 'NONE', ( #6468, #5187, #9288, #5675 ) ) ;
#8198 = COLOUR_RGB ( '',1.000000000000000000, 0.8117647058823529438, 0.5019607843137254832 ) ;
#8199 = EDGE_CURVE ( 'NONE', #7988, #149, #1973, .T. ) ;
#8200 = CARTESIAN_POINT ( 'NONE',  ( 0.000000000000000000, 0.05000000000000000278, 0.000000000000000000 ) ) ;
#8201 = VERTEX_POINT ( 'NONE', #4157 ) ;
#8202 = EDGE_CURVE ( 'NONE', #1158, #847, #608, .T. ) ;
#8203 = EDGE_CURVE ( 'NONE', #7386, #7274, #6457, .T. ) ;
#8204 = DIRECTION ( 'NONE',  ( 0.000000000000000000, 0.000000000000000000, 1.000000000000000000 ) ) ;
#8205 = CARTESIAN_POINT ( 'NONE',  ( 1.158000000000000140, 0.05000000000000000278, -0.5999999999999998668 ) ) ;
#8206 = COLOUR_RGB ( '',1.000000000000000000, 0.8117647058823529438, 0.5019607843137254832 ) ;
#8207 = EDGE_CURVE ( 'NONE', #2561, #3014, #7290, .T. ) ;
#8208 = DIRECTION ( 'NONE',  ( 0.000000000000000000, 0.000000000000000000, -1.000000000000000000 ) ) ;
#8209 = CARTESIAN_POINT ( 'NONE',  ( -0.4999999999999785172, 0.05000000000000000278, -0.7999999999999994893 ) ) ;
#8210 = ORIENTED_EDGE ( 'NONE', *, *, #8146, .F. ) ;
#8211 = ORIENTED_EDGE ( 'NONE', *, *, #7425, .F. ) ;
#8212 = CARTESIAN_POINT ( 'NONE',  ( 0.2500000000000214828, 0.05000000000000000278, -0.7999999999999994893 ) ) ;
#8213 = DIRECTION ( 'NONE',  ( 1.000000000000000000, 0.000000000000000000, 4.336808689942017736E-16 ) ) ;
#8214 = VERTEX_POINT ( 'NONE', #7096 ) ;
#8215 = AXIS2_PLACEMENT_3D ( 'NONE', #1674, #6105, #3028 ) ;
#8216 = CARTESIAN_POINT ( 'NONE',  ( -1.157999999999999696, 0.000000000000000000, -0.5999999999999998668 ) ) ;
#8217 = CARTESIAN_POINT ( 'NONE',  ( -1.814999999999999947, 0.2000000000000000944, 1.450000000000000622 ) ) ;
#8218 = CARTESIAN_POINT ( 'NONE',  ( -0.2500000000000002220, 0.05000000000000000278, 0.8000000000000003775 ) ) ;
#8219 = VECTOR ( 'NONE', #2062, 1000.000000000000000 ) ;
#8220 = LINE ( 'NONE', #2278, #4997 ) ;
#8221 = ORIENTED_EDGE ( 'NONE', *, *, #9086, .T. ) ;
#8222 = PLANE ( 'NONE',  #793 ) ;
#8223 = VERTEX_POINT ( 'NONE', #560 ) ;
#8224 = ORIENTED_EDGE ( 'NONE', *, *, #2435, .T. ) ;
#8225 = DIRECTION ( 'NONE',  ( 1.000000000000000000, 0.000000000000000000, 0.000000000000000000 ) ) ;
#8226 = ORIENTED_EDGE ( 'NONE', *, *, #8566, .T. ) ;
#8227 = DIRECTION ( 'NONE',  ( 0.000000000000000000, 1.000000000000000000, -0.000000000000000000 ) ) ;
#8228 = ORIENTED_EDGE ( 'NONE', *, *, #9204, .F. ) ;
#8229 = DIRECTION ( 'NONE',  ( -0.000000000000000000, 0.000000000000000000, 1.000000000000000000 ) ) ;
#8230 =( LENGTH_UNIT ( ) NAMED_UNIT ( * ) SI_UNIT ( .MILLI., .METRE. ) );
#8231 = EDGE_LOOP ( 'NONE', ( #329, #2499, #7841, #5367 ) ) ;
#8232 = FACE_OUTER_BOUND ( 'NONE', #4461, .T. ) ;
#8233 = DIRECTION ( 'NONE',  ( -0.000000000000000000, -1.000000000000000000, 0.000000000000000000 ) ) ;
#8234 = DIRECTION ( 'NONE',  ( 0.000000000000000000, -0.000000000000000000, -1.000000000000000000 ) ) ;
#8235 = DIRECTION ( 'NONE',  ( 0.000000000000000000, 0.000000000000000000, -1.000000000000000000 ) ) ;
#8236 = ORIENTED_EDGE ( 'NONE', *, *, #4939, .T. ) ;
#8237 = ORIENTED_EDGE ( 'NONE', *, *, #8146, .T. ) ;
#8238 = DIRECTION ( 'NONE',  ( 0.000000000000000000, 0.000000000000000000, 1.000000000000000000 ) ) ;
#8239 = ORIENTED_EDGE ( 'NONE', *, *, #4391, .F. ) ;
#8240 = ADVANCED_FACE ( 'NONE', ( #422 ), #3516, .T. ) ;
#8241 = AXIS2_PLACEMENT_3D ( 'NONE', #8515, #6462, #8556 ) ;
#8243 = CLOSED_SHELL ( 'NONE', ( #3271, #4021, #5700, #2890, #6358, #3011 ) ) ;
#8242 = DIRECTION ( 'NONE',  ( 0.000000000000000000, -1.000000000000000000, 0.000000000000000000 ) ) ;
#8244 = CARTESIAN_POINT ( 'NONE',  ( -3.102500000000000036, 1.439999999999999947, -1.434999999999999165 ) ) ;
#8245 = EDGE_CURVE ( 'NONE', #5355, #889, #9452, .T. ) ;
#8246 = PLANE ( 'NONE',  #3356 ) ;
#8247 = EDGE_CURVE ( 'NONE', #6301, #6450, #2656, .T. ) ;
#8248 = DIRECTION ( 'NONE',  ( 0.000000000000000000, 1.000000000000000000, -0.000000000000000000 ) ) ;
#8249 = ORIENTED_EDGE ( 'NONE', *, *, #7064, .T. ) ;
#8250 =( LENGTH_UNIT ( ) NAMED_UNIT ( * ) SI_UNIT ( .MILLI., .METRE. ) );
#8251 = ORIENTED_EDGE ( 'NONE', *, *, #577, .T. ) ;
#8252 = PLANE ( 'NONE',  #5004 ) ;
#8253 = DIRECTION ( 'NONE',  ( 0.7372773368101256386, -0.6755902076156585778, 0.000000000000000000 ) ) ;
#8254 = VECTOR ( 'NONE', #850, 1000.000000000000000 ) ;
#8255 = CARTESIAN_POINT ( 'NONE',  ( 3.100000000000000533, 0.000000000000000000, 1.414999999999999813 ) ) ;
#8256 = EDGE_CURVE ( 'NONE', #4641, #6876, #4304, .T. ) ;
#8257 = VERTEX_POINT ( 'NONE', #754 ) ;
#8258 = EDGE_CURVE ( 'NONE', #5680, #6450, #8925, .T. ) ;
#8259 = DIRECTION ( 'NONE',  ( -1.000000000000000000, 0.000000000000000000, -0.000000000000000000 ) ) ;
#8260 = DIRECTION ( 'NONE',  ( 0.000000000000000000, 1.000000000000000000, -0.000000000000000000 ) ) ;
#8261 = UNCERTAINTY_MEASURE_WITH_UNIT (LENGTH_MEASURE( 1.000000000000000082E-05 ), #3653, 'distance_accuracy_value', 'NONE');
#8262 = ADVANCED_FACE ( 'NONE', ( #3708 ), #2885, .T. ) ;
#8263 = LINE ( 'NONE', #7411, #4124 ) ;
#8265 = VECTOR ( 'NONE', #8639, 1000.000000000000000 ) ;
#8264 = DIRECTION ( 'NONE',  ( 1.000000000000000000, 0.000000000000000000, -0.000000000000000000 ) ) ;
#8266 = EDGE_CURVE ( 'NONE', #1025, #6560, #9604, .T. ) ;
#8267 = LINE ( 'NONE', #7495, #9211 ) ;
#8268 = VECTOR ( 'NONE', #6624, 1000.000000000000000 ) ;
#8269 = VERTEX_POINT ( 'NONE', #8161 ) ;
#8270 = CARTESIAN_POINT ( 'NONE',  ( -1.850000000000000089, 1.464999999999999858, 0.000000000000000000 ) ) ;
#8271 = ORIENTED_EDGE ( 'NONE', *, *, #6589, .T. ) ;
#8272 = FACE_OUTER_BOUND ( 'NONE', #8486, .T. ) ;
#8273 = CARTESIAN_POINT ( 'NONE',  ( 1.814999999999999725, 0.2000000000000000944, -1.414999999999999591 ) ) ;
#8274 = ORIENTED_EDGE ( 'NONE', *, *, #873, .F. ) ;
#8275 = EDGE_CURVE ( 'NONE', #7092, #5224, #800, .T. ) ;
#8276 = VECTOR ( 'NONE', #6872, 1000.000000000000000 ) ;
#8277 = AXIS2_PLACEMENT_3D ( 'NONE', #8697, #4851, #6418 ) ;
#8278 = DIRECTION ( 'NONE',  ( -0.000000000000000000, -0.000000000000000000, 1.000000000000000000 ) ) ;
#8279 = LINE ( 'NONE', #8948, #2353 ) ;
#8280 = VERTEX_POINT ( 'NONE', #1484 ) ;
#8281 = CARTESIAN_POINT ( 'NONE',  ( -1.967904464860069647, 1.350000000000000089, -0.1424999999999997380 ) ) ;
#8282 = EDGE_LOOP ( 'NONE', ( #162, #842, #8959, #4574 ) ) ;
#8283 = VERTEX_POINT ( 'NONE', #5916 ) ;
#8284 = PLANE ( 'NONE',  #788 ) ;
#8285 = CYLINDRICAL_SURFACE ( 'NONE', #6690, 0.06999999999999996503 ) ;
#8286 = EDGE_LOOP ( 'NONE', ( #9299, #9226, #2209, #5953 ) ) ;
#8287 = CARTESIAN_POINT ( 'NONE',  ( 2.400000000000001243, 0.05000000000000000278, -0.2499999999999982792 ) ) ;
#8288 = CARTESIAN_POINT ( 'NONE',  ( -1.250000000000000444, 0.05000000000000000278, 1.300000000000000266 ) ) ;
#8289 = CARTESIAN_POINT ( 'NONE',  ( -0.2550000000000002820, 1.164999999999999813, 0.6499999999999996891 ) ) ;
#8290 = VERTEX_POINT ( 'NONE', #3800 ) ;
#8291 = ORIENTED_EDGE ( 'NONE', *, *, #7795, .T. ) ;
#8292 = VECTOR ( 'NONE', #4821, 1000.000000000000000 ) ;
#8293 = CARTESIAN_POINT ( 'NONE',  ( 1.000000000000021316, 0.000000000000000000, -0.7999999999999994893 ) ) ;
#8294 = DIRECTION ( 'NONE',  ( 1.000000000000000000, 0.000000000000000000, 4.336808689942017736E-16 ) ) ;
#8295 = ORIENTED_EDGE ( 'NONE', *, *, #3730, .F. ) ;
#8296 = PLANE ( 'NONE',  #5259 ) ;
#8297 = CARTESIAN_POINT ( 'NONE',  ( -1.387499999999999956, 1.500000000000000000, -0.1424999999999993772 ) ) ;
#8298 = DIRECTION ( 'NONE',  ( 1.000000000000000000, 0.000000000000000000, 0.000000000000000000 ) ) ;
#8299 = CARTESIAN_POINT ( 'NONE',  ( 3.130000000000000338, 1.464999999999999858, 1.479999999999999760 ) ) ;
#8300 = ORIENTED_EDGE ( 'NONE', *, *, #3324, .F. ) ;
#8301 = ORIENTED_EDGE ( 'NONE', *, *, #866, .F. ) ;
#8302 = DIRECTION ( 'NONE',  ( 0.000000000000000000, -0.9396926207859082059, -0.3420201433256694901 ) ) ;
#8303 = PLANE ( 'NONE',  #8640 ) ;
#8304 = PLANE ( 'NONE',  #7807 ) ;
#8305 = AXIS2_PLACEMENT_3D ( 'NONE', #7989, #2806, #672 ) ;
#8306 = ORIENTED_EDGE ( 'NONE', *, *, #2898, .F. ) ;
#8307 = EDGE_CURVE ( 'NONE', #8526, #3412, #6753, .T. ) ;
#8308 = DIRECTION ( 'NONE',  ( 1.000000000000000000, 0.000000000000000000, 0.000000000000000000 ) ) ;
#8309 = LINE ( 'NONE', #4143, #8628 ) ;
#8310 = PLANE ( 'NONE',  #7422 ) ;
#8311 = EDGE_CURVE ( 'NONE', #8079, #6985, #5970, .T. ) ;
#8312 = CARTESIAN_POINT ( 'NONE',  ( -0.4999999999999785172, 0.05000000000000000278, -0.7999999999999994893 ) ) ;
#8313 = AXIS2_PLACEMENT_3D ( 'NONE', #673, #2996, #1496 ) ;
#8314 = FACE_OUTER_BOUND ( 'NONE', #3099, .T. ) ;
#8315 = ORIENTED_EDGE ( 'NONE', *, *, #4600, .T. ) ;
#8316 = LINE ( 'NONE', #3051, #1498 ) ;
#8317 = DIRECTION ( 'NONE',  ( -0.000000000000000000, 1.000000000000000000, -0.000000000000000000 ) ) ;
#8318 = VERTEX_POINT ( 'NONE', #2107 ) ;
#8319 = EDGE_CURVE ( 'NONE', #688, #8642, #5899, .T. ) ;
#8320 =( NAMED_UNIT ( * ) SI_UNIT ( $, .STERADIAN. ) SOLID_ANGLE_UNIT ( ) );
#8321 = ADVANCED_FACE ( 'NONE', ( #6012 ), #8975, .F. ) ;
#8322 = DIRECTION ( 'NONE',  ( -1.000000000000000000, 0.000000000000000000, 0.000000000000000000 ) ) ;
#8323 = DIRECTION ( 'NONE',  ( 0.000000000000000000, 0.000000000000000000, -1.000000000000000000 ) ) ;
#8324 = CARTESIAN_POINT ( 'NONE',  ( -1.749999999999978462, 0.000000000000000000, -0.7999999999999997113 ) ) ;
#8325 = EDGE_CURVE ( 'NONE', #834, #4525, #4167, .T. ) ;
#8326 = EDGE_CURVE ( 'NONE', #6890, #1511, #844, .T. ) ;
#8327 = LINE ( 'NONE', #6144, #3670 ) ;
#8328 = ORIENTED_EDGE ( 'NONE', *, *, #7676, .F. ) ;
#8329 = DIRECTION ( 'NONE',  ( 1.000000000000000000, 0.000000000000000000, 0.000000000000000000 ) ) ;
#8330 = ORIENTED_EDGE ( 'NONE', *, *, #3647, .F. ) ;
#8331 = DIRECTION ( 'NONE',  ( 0.000000000000000000, 0.000000000000000000, -1.000000000000000000 ) ) ;
#8332 = VERTEX_POINT ( 'NONE', #2845 ) ;
#8333 = DIRECTION ( 'NONE',  ( -1.000000000000000000, 0.000000000000000000, 0.000000000000000000 ) ) ;
#8334 = VECTOR ( 'NONE', #6309, 1000.000000000000000 ) ;
#8335 = VERTEX_POINT ( 'NONE', #5826 ) ;
#8336 = FACE_OUTER_BOUND ( 'NONE', #8862, .T. ) ;
#8337 = DIRECTION ( 'NONE',  ( 1.000000000000000000, -0.000000000000000000, -0.000000000000000000 ) ) ;
#8338 = VECTOR ( 'NONE', #6715, 1000.000000000000000 ) ;
#8339 = CARTESIAN_POINT ( 'NONE',  ( -2.397499999999999520, 1.439999999999999947, -1.434999999999999609 ) ) ;
#8340 = AXIS2_PLACEMENT_3D ( 'NONE', #1253, #4207, #4259 ) ;
#8341 = ORIENTED_EDGE ( 'NONE', *, *, #7019, .F. ) ;
#8342 = FACE_OUTER_BOUND ( 'NONE', #3896, .T. ) ;
#8343 = ORIENTED_EDGE ( 'NONE', *, *, #5682, .F. ) ;
#8344 = ORIENTED_EDGE ( 'NONE', *, *, #9432, .F. ) ;
#8345 = CARTESIAN_POINT ( 'NONE',  ( -1.157999999999999696, 0.05000000000000000278, -0.5999999999999998668 ) ) ;
#8346 = ORIENTED_EDGE ( 'NONE', *, *, #6730, .T. ) ;
#8347 = VECTOR ( 'NONE', #9490, 1000.000000000000000 ) ;
#8348 = DIRECTION ( 'NONE',  ( 0.000000000000000000, -1.000000000000000000, 0.000000000000000000 ) ) ;
#8349 = VECTOR ( 'NONE', #7720, 1000.000000000000000 ) ;
#8350 = DIRECTION ( 'NONE',  ( 0.000000000000000000, 0.000000000000000000, -1.000000000000000000 ) ) ;
#8351 = DIRECTION ( 'NONE',  ( 8.673617379884035472E-16, -0.000000000000000000, 1.000000000000000000 ) ) ;
#8352 = DIRECTION ( 'NONE',  ( -0.000000000000000000, -1.000000000000000000, 0.000000000000000000 ) ) ;
#8353 = CARTESIAN_POINT ( 'NONE',  ( 0.4999999999999995559, 0.05000000000000000278, 0.8000000000000003775 ) ) ;
#8354 = ORIENTED_EDGE ( 'NONE', *, *, #8015, .F. ) ;
#8355 = AXIS2_PLACEMENT_3D ( 'NONE', #1654, #146, #3606 ) ;
#8356 = ORIENTED_EDGE ( 'NONE', *, *, #397, .T. ) ;
#8357 = CARTESIAN_POINT ( 'NONE',  ( 0.006154384594964134106, 1.449999999999999734, -0.4500000000000003997 ) ) ;
#8358 = FILL_AREA_STYLE ('',( #7731 ) ) ;
#8359 = ORIENTED_EDGE ( 'NONE', *, *, #4977, .F. ) ;
#8360 = AXIS2_PLACEMENT_3D ( 'NONE', #7068, #437, #4907 ) ;
#8361 = LINE ( 'NONE', #8409, #4130 ) ;
#8362 = DIRECTION ( 'NONE',  ( 0.000000000000000000, 0.000000000000000000, -1.000000000000000000 ) ) ;
#8363 = CARTESIAN_POINT ( 'NONE',  ( -2.362499999999999378, 1.439999999999999947, -1.399999999999999245 ) ) ;
#8364 = DIRECTION ( 'NONE',  ( 0.000000000000000000, 0.000000000000000000, 1.000000000000000000 ) ) ;
#8365 = ORIENTED_EDGE ( 'NONE', *, *, #3730, .T. ) ;
#8366 = ADVANCED_FACE ( 'NONE', ( #5080 ), #4400, .T. ) ;
#8367 = DIRECTION ( 'NONE',  ( 1.000000000000000000, 0.000000000000000000, 0.000000000000000000 ) ) ;
#8368 = ORIENTED_EDGE ( 'NONE', *, *, #6733, .T. ) ;
#8369 = DIRECTION ( 'NONE',  ( -0.000000000000000000, 1.000000000000000000, -0.000000000000000000 ) ) ;
#8370 = SURFACE_STYLE_USAGE ( .BOTH. , #918 ) ;
#8371 = ORIENTED_EDGE ( 'NONE', *, *, #2186, .F. ) ;
#8372 = EDGE_CURVE ( 'NONE', #129, #5086, #660, .T. ) ;
#8373 = LINE ( 'NONE', #3776, #6126 ) ;
#8374 = VECTOR ( 'NONE', #4516, 1000.000000000000000 ) ;
#8375 = CARTESIAN_POINT ( 'NONE',  ( -0.2499999999999785449, 0.05000000000000000278, -1.299999999999999600 ) ) ;
#8376 = CARTESIAN_POINT ( 'NONE',  ( 1.250000000000021094, 0.000000000000000000, -0.7999999999999997113 ) ) ;
#8377 = ORIENTED_EDGE ( 'NONE', *, *, #8775, .T. ) ;
#8378 = EDGE_CURVE ( 'NONE', #9092, #6460, #8832, .T. ) ;
#8379 = DIRECTION ( 'NONE',  ( 0.3420201433256694901, -0.9396926207859082059, 0.000000000000000000 ) ) ;
#8380 = EDGE_CURVE ( 'NONE', #3661, #6076, #1438, .T. ) ;
#8381 = ORIENTED_EDGE ( 'NONE', *, *, #4918, .T. ) ;
#8382 = VERTEX_POINT ( 'NONE', #5181 ) ;
#8383 = DIRECTION ( 'NONE',  ( -1.000000000000000000, 0.000000000000000000, 0.000000000000000000 ) ) ;
#8384 = VECTOR ( 'NONE', #2048, 1000.000000000000000 ) ;
#8385 = SURFACE_SIDE_STYLE ('',( #6977 ) ) ;
#8386 = ORIENTED_EDGE ( 'NONE', *, *, #1716, .T. ) ;
#8387 = EDGE_CURVE ( 'NONE', #817, #1351, #6651, .T. ) ;
#8388 = EDGE_CURVE ( 'NONE', #8403, #6153, #8879, .T. ) ;
#8389 = CARTESIAN_POINT ( 'NONE',  ( -2.500000000000000444, 0.000000000000000000, 1.300000000000000266 ) ) ;
#8390 = CARTESIAN_POINT ( 'NONE',  ( -1.999999999999979128, 0.05000000000000000278, -1.414999999999999813 ) ) ;
#8391 = EDGE_LOOP ( 'NONE', ( #8224, #2443, #469, #201 ) ) ;
#8392 = FILL_AREA_STYLE_COLOUR ( '', #4779 ) ;
#8393 = VERTEX_POINT ( 'NONE', #3233 ) ;
#8394 = ORIENTED_EDGE ( 'NONE', *, *, #7553, .F. ) ;
#8395 = CARTESIAN_POINT ( 'NONE',  ( -0.2500000000000002220, 0.000000000000000000, 1.300000000000000266 ) ) ;
#8396 = DIRECTION ( 'NONE',  ( 0.000000000000000000, -1.000000000000000000, 0.000000000000000000 ) ) ;
#8397 = ORIENTED_EDGE ( 'NONE', *, *, #8742, .F. ) ;
#8398 = ADVANCED_FACE ( 'NONE', ( #7769 ), #119, .F. ) ;
#8399 = CARTESIAN_POINT ( 'NONE',  ( -0.5000000000000008882, 0.05000000000000000278, 0.8000000000000003775 ) ) ;
#8400 = LINE ( 'NONE', #7770, #959 ) ;
#8401 = CARTESIAN_POINT ( 'NONE',  ( 1.000000000000021316, 0.05000000000000000278, -1.414999999999999813 ) ) ;
#8402 = VERTEX_POINT ( 'NONE', #996 ) ;
#8403 = VERTEX_POINT ( 'NONE', #7679 ) ;
#8404 = DIRECTION ( 'NONE',  ( -0.000000000000000000, 0.000000000000000000, -1.000000000000000000 ) ) ;
#8405 = CARTESIAN_POINT ( 'NONE',  ( -3.125000000000000000, 0.2000000000000000944, -1.439999999999999947 ) ) ;
#8406 = CARTESIAN_POINT ( 'NONE',  ( 1.885000000000000009, 0.2000000000000000944, -1.514999999999999902 ) ) ;
#8407 = VERTEX_POINT ( 'NONE', #9074 ) ;
#8408 = CIRCLE ( 'NONE', #5611, 0.03499999999999987843 ) ;
#8409 = CARTESIAN_POINT ( 'NONE',  ( -3.100000000000000533, 0.000000000000000000, 1.414999999999999813 ) ) ;
#8410 = LINE ( 'NONE', #4696, #9528 ) ;
#8411 = LINE ( 'NONE', #4699, #4229 ) ;
#8412 = LINE ( 'NONE', #2472, #7354 ) ;
#8413 = VECTOR ( 'NONE', #108, 1000.000000000000000 ) ;
#8414 = AXIS2_PLACEMENT_3D ( 'NONE', #1552, #7416, #9517 ) ;
#8415 = ORIENTED_EDGE ( 'NONE', *, *, #947, .F. ) ;
#8416 = CARTESIAN_POINT ( 'NONE',  ( -1.000000000000000444, 0.05000000000000000278, 0.8000000000000003775 ) ) ;
#8417 = ORIENTED_EDGE ( 'NONE', *, *, #4015, .T. ) ;
#8418 = CARTESIAN_POINT ( 'NONE',  ( 3.130000000000000338, 1.500000000000000000, -1.479999999999999760 ) ) ;
#8419 = VECTOR ( 'NONE', #9265, 1000.000000000000000 ) ;
#8420 = VECTOR ( 'NONE', #1, 1000.000000000000000 ) ;
#8421 = PLANE ( 'NONE',  #93 ) ;
#8422 = PLANE ( 'NONE',  #2975 ) ;
#8423 = FILL_AREA_STYLE_COLOUR ( '', #1819 ) ;
#8424 = ORIENTED_EDGE ( 'NONE', *, *, #4984, .F. ) ;
#8425 = DIRECTION ( 'NONE',  ( 1.000000000000000000, 0.000000000000000000, 0.000000000000000000 ) ) ;
#8426 = VERTEX_POINT ( 'NONE', #3906 ) ;
#8427 = DIRECTION ( 'NONE',  ( -1.000000000000000000, 0.000000000000000000, 0.000000000000000000 ) ) ;
#8428 = ORIENTED_EDGE ( 'NONE', *, *, #7318, .F. ) ;
#8429 = AXIS2_PLACEMENT_3D ( 'NONE', #5864, #7519, #8867 ) ;
#8430 = CARTESIAN_POINT ( 'NONE',  ( -2.900000000000000355, 0.05000000000000000278, 0.2500000000000002220 ) ) ;
#8431 =( GEOMETRIC_REPRESENTATION_CONTEXT ( 3 ) GLOBAL_UNCERTAINTY_ASSIGNED_CONTEXT ( ( #6716 ) ) GLOBAL_UNIT_ASSIGNED_CONTEXT ( ( #2517, #4541, #6023 ) ) REPRESENTATION_CONTEXT ( 'NONE', 'WORKASPACE' ) );
#8432 = CARTESIAN_POINT ( 'NONE',  ( -2.500000000000000444, 0.05000000000000000278, 0.8000000000000003775 ) ) ;
#8433 = ORIENTED_EDGE ( 'NONE', *, *, #1076, .F. ) ;
#8434 = CARTESIAN_POINT ( 'NONE',  ( -2.397499999999999520, 1.439999999999999947, -1.434999999999999609 ) ) ;
#8435 = EDGE_CURVE ( 'NONE', #8882, #5680, #7147, .T. ) ;
#8436 = FACE_OUTER_BOUND ( 'NONE', #3287, .T. ) ;
#8437 = DIRECTION ( 'NONE',  ( 0.000000000000000000, 0.000000000000000000, 1.000000000000000000 ) ) ;
#8438 = CONICAL_SURFACE ( 'NONE', #7511, 0.07499999999999998335, 0.3490658503988666728 ) ;
#8439 = DIRECTION ( 'NONE',  ( 8.673617379884035472E-16, -0.000000000000000000, 1.000000000000000000 ) ) ;
#8440 = EDGE_CURVE ( 'NONE', #8475, #4096, #7631, .T. ) ;
#8441 = ORIENTED_EDGE ( 'NONE', *, *, #9210, .T. ) ;
#8442 = EDGE_CURVE ( 'NONE', #6195, #509, #1727, .T. ) ;
#8443 =( NAMED_UNIT ( * ) SI_UNIT ( $, .STERADIAN. ) SOLID_ANGLE_UNIT ( ) );
#8444 = ORIENTED_EDGE ( 'NONE', *, *, #4971, .T. ) ;
#8445 = ORIENTED_EDGE ( 'NONE', *, *, #7075, .T. ) ;
#8446 = CARTESIAN_POINT ( 'NONE',  ( 0.4999999999999995559, 0.05000000000000000278, 0.8000000000000003775 ) ) ;
#8447 = DIRECTION ( 'NONE',  ( 0.000000000000000000, 0.000000000000000000, 1.000000000000000000 ) ) ;
#8448 = EDGE_CURVE ( 'NONE', #7764, #6123, #6892, .T. ) ;
#8449 = ADVANCED_FACE ( 'NONE', ( #6988 ), #4782, .T. ) ;
#8450 = CARTESIAN_POINT ( 'NONE',  ( 3.100000000000000533, -6.815342984766064482, 1.414999999999999813 ) ) ;
#8451 = DIRECTION ( 'NONE',  ( 0.000000000000000000, -1.000000000000000000, 0.000000000000000000 ) ) ;
#8452 = AXIS2_PLACEMENT_3D ( 'NONE', #7421, #8909, #5061 ) ;
#8453 = EDGE_CURVE ( 'NONE', #1736, #6441, #3081, .T. ) ;
#8454 = VERTEX_POINT ( 'NONE', #6212 ) ;
#8455 = EDGE_CURVE ( 'NONE', #9092, #907, #6937, .T. ) ;
#8456 = DIRECTION ( 'NONE',  ( -8.673617379884035472E-16, 0.000000000000000000, -1.000000000000000000 ) ) ;
#8457 = ORIENTED_EDGE ( 'NONE', *, *, #222, .F. ) ;
#8458 = DIRECTION ( 'NONE',  ( 1.000000000000000000, 0.000000000000000000, 0.000000000000000000 ) ) ;
#8459 = DIRECTION ( 'NONE',  ( 1.000000000000000000, 0.000000000000000000, 0.000000000000000000 ) ) ;
#8460 = VERTEX_POINT ( 'NONE', #261 ) ;
#8461 = DIRECTION ( 'NONE',  ( 8.673617379884035472E-16, -0.000000000000000000, 1.000000000000000000 ) ) ;
#8462 = CARTESIAN_POINT ( 'NONE',  ( -1.947500000000000009, 1.500000000000000000, -0.1424999999999998768 ) ) ;
#8463 = EDGE_LOOP ( 'NONE', ( #9148, #3595, #4106, #2270 ) ) ;
#8464 = CARTESIAN_POINT ( 'NONE',  ( -1.749999999999978462, 0.05000000000000000278, -0.7999999999999997113 ) ) ;
#8465 = VERTEX_POINT ( 'NONE', #2410 ) ;
#8466 = VECTOR ( 'NONE', #4593, 1000.000000000000000 ) ;
#8467 = CARTESIAN_POINT ( 'NONE',  ( 1.949999999999999956, 0.000000000000000000, -1.414999999999999813 ) ) ;
#8468 = ORIENTED_EDGE ( 'NONE', *, *, #7541, .T. ) ;
#8469 = CARTESIAN_POINT ( 'NONE',  ( -1.250000000000000888, 0.05000000000000000278, 0.8000000000000003775 ) ) ;
#8470 = VECTOR ( 'NONE', #3527, 1000.000000000000000 ) ;
#8471 = DIRECTION ( 'NONE',  ( 1.000000000000000000, 0.000000000000000000, 5.973565688625369584E-17 ) ) ;
#8472 = CARTESIAN_POINT ( 'NONE',  ( 3.165000000000000480, 1.500000000000000000, 1.444999999999999618 ) ) ;
#8473 = CARTESIAN_POINT ( 'NONE',  ( -2.400000000000000355, 0.000000000000000000, 0.2500000000000002220 ) ) ;
#8474 = DIRECTION ( 'NONE',  ( 1.000000000000000000, 0.000000000000000000, 0.000000000000000000 ) ) ;
#8475 = VERTEX_POINT ( 'NONE', #6804 ) ;
#8476 = CARTESIAN_POINT ( 'NONE',  ( -1.814999999999999947, 1.500000000000000000, 1.380000000000000115 ) ) ;
#8477 = FACE_OUTER_BOUND ( 'NONE', #2338, .T. ) ;
#8478 = DIRECTION ( 'NONE',  ( 0.000000000000000000, 0.000000000000000000, 1.000000000000000000 ) ) ;
#8479 = ORIENTED_EDGE ( 'NONE', *, *, #403, .F. ) ;
#8480 = CARTESIAN_POINT ( 'NONE',  ( 1.750000000000020650, 0.000000000000000000, -1.299999999999999600 ) ) ;
#8481 = DIRECTION ( 'NONE',  ( -1.000000000000000000, 0.000000000000000000, 0.000000000000000000 ) ) ;
#8482 = CARTESIAN_POINT ( 'NONE',  ( -1.704999999999999849, 1.324999999999999956, 0.3500000000000000888 ) ) ;
#8483 = DIRECTION ( 'NONE',  ( 0.000000000000000000, 1.000000000000000000, 0.000000000000000000 ) ) ;
#8484 = ORIENTED_EDGE ( 'NONE', *, *, #7204, .F. ) ;
#8485 = AXIS2_PLACEMENT_3D ( 'NONE', #5484, #6320, #7687 ) ;
#8486 = EDGE_LOOP ( 'NONE', ( #6757, #8174, #5376, #6306 ) ) ;
#8487 = ADVANCED_FACE ( 'NONE', ( #1049 ), #308, .T. ) ;
#8488 = ORIENTED_EDGE ( 'NONE', *, *, #4872, .F. ) ;
#8489 = CARTESIAN_POINT ( 'NONE',  ( -2.499999999999978684, 0.05000000000000000278, -0.6999999999999995115 ) ) ;
#8490 = LINE ( 'NONE', #3948, #8800 ) ;
#8491 = SURFACE_SIDE_STYLE ('',( #3281 ) ) ;
#8492 = EDGE_CURVE ( 'NONE', #6009, #8606, #213, .T. ) ;
#8493 = AXIS2_PLACEMENT_3D ( 'NONE', #335, #5550, #4906 ) ;
#8494 = LINE ( 'NONE', #4580, #5108 ) ;
#8495 = LINE ( 'NONE', #6213, #5785 ) ;
#8496 = CARTESIAN_POINT ( 'NONE',  ( -2.000000000000000888, 0.05000000000000000278, 0.8000000000000003775 ) ) ;
#8497 = VERTEX_POINT ( 'NONE', #4004 ) ;
#8498 = FACE_OUTER_BOUND ( 'NONE', #3910, .T. ) ;
#8499 = ORIENTED_EDGE ( 'NONE', *, *, #8388, .T. ) ;
#8500 = EDGE_CURVE ( 'NONE', #2675, #5279, #3283, .T. ) ;
#8501 = ADVANCED_FACE ( 'NONE', ( #9219 ), #8296, .T. ) ;
#8502 = FACE_OUTER_BOUND ( 'NONE', #4617, .T. ) ;
#8503 = VECTOR ( 'NONE', #3967, 1000.000000000000000 ) ;
#8504 = VECTOR ( 'NONE', #8676, 1000.000000000000000 ) ;
#8505 = DIRECTION ( 'NONE',  ( 0.000000000000000000, 0.000000000000000000, 1.000000000000000000 ) ) ;
#8506 = EDGE_LOOP ( 'NONE', ( #3264, #2791, #4180, #6304 ) ) ;
#8507 = ORIENTED_EDGE ( 'NONE', *, *, #8207, .T. ) ;
#8508 = EDGE_CURVE ( 'NONE', #5737, #8402, #8494, .T. ) ;
#8509 = DIRECTION ( 'NONE',  ( 0.000000000000000000, -0.3420201433256694901, -0.9396926207859082059 ) ) ;
#8510 = EDGE_CURVE ( 'NONE', #233, #9523, #7762, .T. ) ;
#8511 = VECTOR ( 'NONE', #7559, 1000.000000000000000 ) ;
#8512 = PLANE ( 'NONE',  #7855 ) ;
#8513 = PLANE ( 'NONE',  #5320 ) ;
#8514 = ORIENTED_EDGE ( 'NONE', *, *, #4197, .F. ) ;
#8515 = CARTESIAN_POINT ( 'NONE',  ( 2.620000000000000551, 1.350000000000000089, -0.2250000000000002554 ) ) ;
#8516 = ORIENTED_EDGE ( 'NONE', *, *, #2593, .F. ) ;
#8517 = LINE ( 'NONE', #971, #399 ) ;
#8518 = CARTESIAN_POINT ( 'NONE',  ( 1.945000000000000062, 1.324999999999999956, -0.2249999999999997280 ) ) ;
#8519 = VERTEX_POINT ( 'NONE', #8399 ) ;
#8520 = VECTOR ( 'NONE', #1692, 1000.000000000000000 ) ;
#8521 = DIRECTION ( 'NONE',  ( 0.000000000000000000, 0.000000000000000000, 1.000000000000000000 ) ) ;
#8522 = CARTESIAN_POINT ( 'NONE',  ( -3.200000000000000178, 1.464999999999999858, -1.514999999999999902 ) ) ;
#8523 = LINE ( 'NONE', #8473, #2315 ) ;
#8524 = VECTOR ( 'NONE', #1953, 1000.000000000000000 ) ;
#8525 = DIRECTION ( 'NONE',  ( 1.000000000000000000, 0.000000000000000000, 0.000000000000000000 ) ) ;
#8526 = VERTEX_POINT ( 'NONE', #6847 ) ;
#8527 = CARTESIAN_POINT ( 'NONE',  ( -0.2500000000000002220, 0.05000000000000000278, 0.8000000000000003775 ) ) ;
#8528 = ORIENTED_EDGE ( 'NONE', *, *, #710, .T. ) ;
#8529 = CARTESIAN_POINT ( 'NONE',  ( 0.5000000000000213163, 0.000000000000000000, -1.299999999999999600 ) ) ;
#8530 = CARTESIAN_POINT ( 'NONE',  ( 2.500000000000000000, 0.05000000000000000278, 1.414999999999999813 ) ) ;
#8531 = VECTOR ( 'NONE', #7766, 1000.000000000000000 ) ;
#8532 = CARTESIAN_POINT ( 'NONE',  ( 1.158000000000000140, 0.000000000000000000, 0.6000000000000000888 ) ) ;
#8533 = DIRECTION ( 'NONE',  ( 1.000000000000000000, 0.000000000000000000, -8.673617379884035472E-16 ) ) ;
#8534 = CARTESIAN_POINT ( 'NONE',  ( 2.020000000000000462, 1.324999999999999956, 0.4999999999999997780 ) ) ;
#8535 = ORIENTED_EDGE ( 'NONE', *, *, #8775, .F. ) ;
#8536 = VECTOR ( 'NONE', #1875, 1000.000000000000000 ) ;
#8537 = DIRECTION ( 'NONE',  ( -0.000000000000000000, -1.000000000000000000, -0.000000000000000000 ) ) ;
#8538 = ORIENTED_EDGE ( 'NONE', *, *, #9029, .T. ) ;
#8539 = ORIENTED_EDGE ( 'NONE', *, *, #5508, .F. ) ;
#8540 = CARTESIAN_POINT ( 'NONE',  ( -2.400000000000000355, 0.000000000000000000, -0.2499999999999997780 ) ) ;
#8541 = DIRECTION ( 'NONE',  ( 0.000000000000000000, 0.000000000000000000, -1.000000000000000000 ) ) ;
#8542 = AXIS2_PLACEMENT_3D ( 'NONE', #5761, #9350, #6445 ) ;
#8543 = DIRECTION ( 'NONE',  ( 0.000000000000000000, -1.000000000000000000, -0.000000000000000000 ) ) ;
#8544 = LINE ( 'NONE', #8496, #8655 ) ;
#8545 = ORIENTED_EDGE ( 'NONE', *, *, #1946, .T. ) ;
#8546 = VERTEX_POINT ( 'NONE', #6110 ) ;
#8547 = EDGE_CURVE ( 'NONE', #3611, #8526, #4794, .T. ) ;
#8548 = EDGE_LOOP ( 'NONE', ( #4923, #6332, #4825, #7574, #6506, #5733, #942, #217 ) ) ;
#8549 = VERTEX_POINT ( 'NONE', #5668 ) ;
#8550 = DIRECTION ( 'NONE',  ( -0.000000000000000000, 1.000000000000000000, -0.000000000000000000 ) ) ;
#8551 = EDGE_CURVE ( 'NONE', #6228, #2017, #457, .T. ) ;
#8552 = EDGE_CURVE ( 'NONE', #7284, #9062, #8593, .T. ) ;
#8553 = DIRECTION ( 'NONE',  ( -0.000000000000000000, -1.000000000000000000, -0.000000000000000000 ) ) ;
#8554 = CARTESIAN_POINT ( 'NONE',  ( -1.462500000000000577, 1.500000000000000000, -0.2174999999999998601 ) ) ;
#8555 = ORIENTED_EDGE ( 'NONE', *, *, #1131, .T. ) ;
#8556 = DIRECTION ( 'NONE',  ( 0.000000000000000000, -0.000000000000000000, 1.000000000000000000 ) ) ;
#8557 = ADVANCED_FACE ( 'NONE', ( #7086, #1916, #1962, #4975 ), #361, .T. ) ;
#8558 = VERTEX_POINT ( 'NONE', #407 ) ;
#8559 = EDGE_CURVE ( 'NONE', #3488, #9112, #5566, .T. ) ;
#8560 = CARTESIAN_POINT ( 'NONE',  ( 0.2499999999999997780, 0.05000000000000000278, 1.300000000000000266 ) ) ;
#8561 = CARTESIAN_POINT ( 'NONE',  ( 1.250000000000021094, 0.05000000000000000278, -0.7999999999999997113 ) ) ;
#8562 = ORIENTED_EDGE ( 'NONE', *, *, #6531, .F. ) ;
#8563 = CARTESIAN_POINT ( 'NONE',  ( -1.999999999999978684, 0.05000000000000000278, -0.7999999999999994893 ) ) ;
#8564 = LINE ( 'NONE', #1212, #404 ) ;
#8565 = ADVANCED_FACE ( 'NONE', ( #4144 ), #7228, .T. ) ;
#8566 = EDGE_CURVE ( 'NONE', #9146, #3236, #7817, .T. ) ;
#8567 = CARTESIAN_POINT ( 'NONE',  ( -1.462500000000000577, 1.500000000000000000, 0.4175000000000001488 ) ) ;
#8568 = CARTESIAN_POINT ( 'NONE',  ( 0.9999999999999995559, 0.05000000000000000278, 1.414999999999999813 ) ) ;
#8570 = AXIS2_PLACEMENT_3D ( 'NONE', #5924, #4453, #615 ) ;
#8569 = PLANE ( 'NONE',  #1475 ) ;
#8571 = CARTESIAN_POINT ( 'NONE',  ( -1.704999999999999849, 1.324999999999999956, -0.1499999999999998002 ) ) ;
#8572 = AXIS2_PLACEMENT_3D ( 'NONE', #8636, #3602, #4926 ) ;
#8573 = CARTESIAN_POINT ( 'NONE',  ( -3.102500000000000036, 1.464999999999999858, -1.434999999999999165 ) ) ;
#8574 = ORIENTED_EDGE ( 'NONE', *, *, #6115, .F. ) ;
#8575 = ADVANCED_FACE ( 'NONE', ( #9264 ), #3367, .T. ) ;
#8576 = LINE ( 'NONE', #1902, #7178 ) ;
#8577 = DIRECTION ( 'NONE',  ( -0.000000000000000000, -1.000000000000000000, -0.000000000000000000 ) ) ;
#8578 = AXIS2_PLACEMENT_3D ( 'NONE', #6530, #3638, #7458 ) ;
#8579 = VECTOR ( 'NONE', #5394, 1000.000000000000000 ) ;
#8580 = CARTESIAN_POINT ( 'NONE',  ( -1.947500000000000009, 1.500000000000000000, 0.3425000000000001932 ) ) ;
#8581 = DIRECTION ( 'NONE',  ( 0.000000000000000000, 0.000000000000000000, 1.000000000000000000 ) ) ;
#8582 = CARTESIAN_POINT ( 'NONE',  ( 1.229999999999999982, 1.464999999999999858, -0.4500000000000003997 ) ) ;
#8583 = LINE ( 'NONE', #6535, #6114 ) ;
#8584 = VECTOR ( 'NONE', #6848, 1000.000000000000000 ) ;
#8585 = VERTEX_POINT ( 'NONE', #3456 ) ;
#8586 = CARTESIAN_POINT ( 'NONE',  ( -0.2500000000000002220, 0.000000000000000000, 1.300000000000000266 ) ) ;
#8587 = VERTEX_POINT ( 'NONE', #1144 ) ;
#8588 = ORIENTED_EDGE ( 'NONE', *, *, #7363, .F. ) ;
#8589 = DIRECTION ( 'NONE',  ( 1.000000000000000000, 0.000000000000000000, 4.336808689942017736E-16 ) ) ;
#8590 = AXIS2_PLACEMENT_3D ( 'NONE', #7466, #7382, #8234 ) ;
#8591 = VECTOR ( 'NONE', #323, 1000.000000000000000 ) ;
#8592 = LINE ( 'NONE', #1915, #839 ) ;
#8593 = LINE ( 'NONE', #2002, #2620 ) ;
#8594 = DIRECTION ( 'NONE',  ( 0.000000000000000000, 0.000000000000000000, -1.000000000000000000 ) ) ;
#8595 = ORIENTED_EDGE ( 'NONE', *, *, #758, .T. ) ;
#8596 =( NAMED_UNIT ( * ) PLANE_ANGLE_UNIT ( ) SI_UNIT ( $, .RADIAN. ) );
#8597 = EDGE_LOOP ( 'NONE', ( #6040, #7372, #853, #8054 ) ) ;
#8598 = VECTOR ( 'NONE', #6326, 1000.000000000000000 ) ;
#8599 = DIRECTION ( 'NONE',  ( 1.000000000000000000, 0.000000000000000000, 4.336808689942017736E-16 ) ) ;
#8600 = ORIENTED_EDGE ( 'NONE', *, *, #7893, .F. ) ;
#8601 = ORIENTED_EDGE ( 'NONE', *, *, #1610, .F. ) ;
#8602 = DIRECTION ( 'NONE',  ( -0.000000000000000000, -1.000000000000000000, -0.000000000000000000 ) ) ;
#8603 = AXIS2_PLACEMENT_3D ( 'NONE', #1859, #498, #1137 ) ;
#8604 = CARTESIAN_POINT ( 'NONE',  ( 2.020000000000000018, 1.350000000000000089, -0.2250000000000002554 ) ) ;
#8605 = CARTESIAN_POINT ( 'NONE',  ( -1.157999999999999696, 0.05000000000000000278, 0.6000000000000000888 ) ) ;
#8606 = VERTEX_POINT ( 'NONE', #5022 ) ;
#8607 = EDGE_LOOP ( 'NONE', ( #9138, #4768, #5915, #670 ) ) ;
#8608 = CARTESIAN_POINT ( 'NONE',  ( 1.749999999999999334, 0.05000000000000000278, 1.300000000000000266 ) ) ;
#8609 = EDGE_LOOP ( 'NONE', ( #6205, #8428, #304, #3961 ) ) ;
#8610 = EDGE_CURVE ( 'NONE', #7921, #6619, #8638, .T. ) ;
#8611 = LINE ( 'NONE', #8561, #4512 ) ;
#8612 = EDGE_LOOP ( 'NONE', ( #7157, #1258, #8013, #2455 ) ) ;
#8613 = LINE ( 'NONE', #9462, #3637 ) ;
#8614 = EDGE_CURVE ( 'NONE', #4260, #7597, #456, .T. ) ;
#8615 = FACE_BOUND ( 'NONE', #4818, .T. ) ;
#8616 = AXIS2_PLACEMENT_3D ( 'NONE', #3783, #6781, #6591 ) ;
#8617 = CARTESIAN_POINT ( 'NONE',  ( -1.704999999999999849, 1.324999999999999956, 0.1000000000000001582 ) ) ;
#8618 = CARTESIAN_POINT ( 'NONE',  ( 0.5000000000000213163, 0.05000000000000000278, -0.7999999999999997113 ) ) ;
#8619 = SURFACE_SIDE_STYLE ('',( #6477 ) ) ;
#8620 = ORIENTED_EDGE ( 'NONE', *, *, #4658, .T. ) ;
#8621 = ORIENTED_EDGE ( 'NONE', *, *, #6678, .T. ) ;
#8622 = EDGE_CURVE ( 'NONE', #6665, #8176, #9303, .T. ) ;
#8623 = CARTESIAN_POINT ( 'NONE',  ( -3.102500000000000036, 1.439999999999999947, -0.6599999999999995870 ) ) ;
#8624 = EDGE_CURVE ( 'NONE', #7810, #196, #4190, .T. ) ;
#8625 = CARTESIAN_POINT ( 'NONE',  ( 1.324999999999999512, 1.464999999999999858, 0.7599999999999995648 ) ) ;
#8626 = AXIS2_PLACEMENT_3D ( 'NONE', #7604, #3870, #4653 ) ;
#8627 = CARTESIAN_POINT ( 'NONE',  ( -1.999999999999978684, 0.000000000000000000, -0.7999999999999994893 ) ) ;
#8628 = VECTOR ( 'NONE', #7692, 1000.000000000000000 ) ;
#8629 = EDGE_CURVE ( 'NONE', #775, #4965, #3503, .T. ) ;
#8630 = ADVANCED_FACE ( 'NONE', ( #6401 ), #506, .F. ) ;
#8631 = DIRECTION ( 'NONE',  ( -1.000000000000000000, 0.000000000000000000, 0.000000000000000000 ) ) ;
#8632 = VERTEX_POINT ( 'NONE', #9397 ) ;
#8633 = DIRECTION ( 'NONE',  ( -0.000000000000000000, -1.000000000000000000, -0.000000000000000000 ) ) ;
#8634 = AXIS2_PLACEMENT_3D ( 'NONE', #8802, #7939, #1407 ) ;
#8635 = VERTEX_POINT ( 'NONE', #8866 ) ;
#8636 = CARTESIAN_POINT ( 'NONE',  ( -0.7000000000000001776, 1.464999999999999858, -0.5100000000000003419 ) ) ;
#8637 = CARTESIAN_POINT ( 'NONE',  ( 2.900000000000001243, 0.05000000000000000278, 0.2500000000000019429 ) ) ;
#8638 = LINE ( 'NONE', #7862, #4801 ) ;
#8639 = DIRECTION ( 'NONE',  ( 1.000000000000000000, 0.000000000000000000, 0.000000000000000000 ) ) ;
#8640 = AXIS2_PLACEMENT_3D ( 'NONE', #1686, #4640, #6945 ) ;
#8641 = FACE_OUTER_BOUND ( 'NONE', #7569, .T. ) ;
#8642 = VERTEX_POINT ( 'NONE', #1431 ) ;
#8643 = VERTEX_POINT ( 'NONE', #3824 ) ;
#8644 = CARTESIAN_POINT ( 'NONE',  ( 2.020000000000000462, 1.324999999999999956, -0.3000000000000002665 ) ) ;
#8645 = ORIENTED_EDGE ( 'NONE', *, *, #828, .F. ) ;
#8646 = VERTEX_POINT ( 'NONE', #4392 ) ;
#8647 = VECTOR ( 'NONE', #2671, 1000.000000000000000 ) ;
#8648 = ORIENTED_EDGE ( 'NONE', *, *, #8728, .F. ) ;
#8649 = VECTOR ( 'NONE', #911, 1000.000000000000000 ) ;
#8650 = ORIENTED_EDGE ( 'NONE', *, *, #9135, .T. ) ;
#8651 = LINE ( 'NONE', #7198, #3111 ) ;
#8652 = ORIENTED_EDGE ( 'NONE', *, *, #1128, .F. ) ;
#8653 = DIRECTION ( 'NONE',  ( 0.000000000000000000, 0.000000000000000000, 1.000000000000000000 ) ) ;
#8654 = ORIENTED_EDGE ( 'NONE', *, *, #4671, .F. ) ;
#8655 = VECTOR ( 'NONE', #7682, 1000.000000000000000 ) ;
#8656 = LINE ( 'NONE', #2807, #4422 ) ;
#8657 = VECTOR ( 'NONE', #6934, 1000.000000000000000 ) ;
#8658 = CYLINDRICAL_SURFACE ( 'NONE', #565, 0.03499999999999987843 ) ;
#8659 = DIRECTION ( 'NONE',  ( 0.000000000000000000, 0.000000000000000000, -1.000000000000000000 ) ) ;
#8660 = SURFACE_STYLE_USAGE ( .BOTH. , #9242 ) ;
#8661 = CARTESIAN_POINT ( 'NONE',  ( 1.750000000000021094, 0.05000000000000000278, -0.7999999999999994893 ) ) ;
#8662 = ORIENTED_EDGE ( 'NONE', *, *, #4396, .F. ) ;
#8663 =( GEOMETRIC_REPRESENTATION_CONTEXT ( 3 ) GLOBAL_UNCERTAINTY_ASSIGNED_CONTEXT ( ( #1264 ) ) GLOBAL_UNIT_ASSIGNED_CONTEXT ( ( #7798, #1216, #491 ) ) REPRESENTATION_CONTEXT ( 'NONE', 'WORKASPACE' ) );
#8664 = LINE ( 'NONE', #9336, #2185 ) ;
#8665 = EDGE_CURVE ( 'NONE', #7995, #2565, #6547, .T. ) ;
#8666 =( LENGTH_UNIT ( ) NAMED_UNIT ( * ) SI_UNIT ( .MILLI., .METRE. ) );
#8667 = CARTESIAN_POINT ( 'NONE',  ( -2.400000000000000355, 0.05000000000000000278, 0.2500000000000002220 ) ) ;
#8668 = STYLED_ITEM ( 'NONE', ( #5516 ), #7380 ) ;
#8669 = EDGE_CURVE ( 'NONE', #6405, #6593, #7381, .T. ) ;
#8670 = ADVANCED_FACE ( 'NONE', ( #698 ), #3650, .F. ) ;
#8671 = CARTESIAN_POINT ( 'NONE',  ( -0.2500000000000002220, 0.05000000000000000278, 1.300000000000000266 ) ) ;
#8672 = ORIENTED_EDGE ( 'NONE', *, *, #1948, .T. ) ;
#8673 = DIRECTION ( 'NONE',  ( 8.673617379884035472E-16, -0.000000000000000000, 1.000000000000000000 ) ) ;
#8674 = VERTEX_POINT ( 'NONE', #6825 ) ;
#8675 = VERTEX_POINT ( 'NONE', #6087 ) ;
#8676 = DIRECTION ( 'NONE',  ( 1.000000000000000000, 0.000000000000000000, 0.000000000000000000 ) ) ;
#8677 = ADVANCED_FACE ( 'NONE', ( #195 ), #9055, .F. ) ;
#8678 = VECTOR ( 'NONE', #9149, 1000.000000000000000 ) ;
#8679 = EDGE_CURVE ( 'NONE', #4694, #2013, #8083, .T. ) ;
#8680 = DIRECTION ( 'NONE',  ( -1.000000000000000000, -0.000000000000000000, -4.336808689942017736E-16 ) ) ;
#8681 = SURFACE_SIDE_STYLE ('',( #4880 ) ) ;
#8682 = EDGE_CURVE ( 'NONE', #5072, #8223, #1701, .T. ) ;
#8683 = DIRECTION ( 'NONE',  ( 0.000000000000000000, 0.000000000000000000, 1.000000000000000000 ) ) ;
#8684 = DIRECTION ( 'NONE',  ( -0.000000000000000000, -1.000000000000000000, -0.000000000000000000 ) ) ;
#8685 = VECTOR ( 'NONE', #2935, 1000.000000000000000 ) ;
#8686 = CARTESIAN_POINT ( 'NONE',  ( -3.125000000000000000, 1.464999999999999858, -1.514999999999999902 ) ) ;
#8687 = ORIENTED_EDGE ( 'NONE', *, *, #3490, .F. ) ;
#8688 = CARTESIAN_POINT ( 'NONE',  ( -0.2499999999999785449, 0.000000000000000000, -1.299999999999999600 ) ) ;
#8689 = ORIENTED_EDGE ( 'NONE', *, *, #3305, .T. ) ;
#8690 = ORIENTED_EDGE ( 'NONE', *, *, #9027, .T. ) ;
#8691 = ORIENTED_EDGE ( 'NONE', *, *, #1823, .T. ) ;
#8692 = CARTESIAN_POINT ( 'NONE',  ( 1.749999999999999334, 0.05000000000000000278, 1.300000000000000266 ) ) ;
#8693 = CARTESIAN_POINT ( 'NONE',  ( -0.2499999999999785449, 0.000000000000000000, -0.7999999999999997113 ) ) ;
#8694 = LINE ( 'NONE', #3620, #8046 ) ;
#8695 = ORIENTED_EDGE ( 'NONE', *, *, #3364, .T. ) ;
#8696 = ORIENTED_EDGE ( 'NONE', *, *, #2726, .F. ) ;
#8697 = CARTESIAN_POINT ( 'NONE',  ( -1.749999999999978462, 0.05000000000000000278, -0.7999999999999997113 ) ) ;
#8698 = ORIENTED_EDGE ( 'NONE', *, *, #4437, .F. ) ;
#8699 = LINE ( 'NONE', #1352, #6464 ) ;
#8700 = CARTESIAN_POINT ( 'NONE',  ( 2.900000000000001243, 0.05000000000000000278, -0.2499999999999980571 ) ) ;
#8701 = ORIENTED_EDGE ( 'NONE', *, *, #2934, .F. ) ;
#8702 = DIRECTION ( 'NONE',  ( -1.000000000000000000, 0.000000000000000000, -0.000000000000000000 ) ) ;
#8703 = CARTESIAN_POINT ( 'NONE',  ( 2.000000000000000000, 0.000000000000000000, 1.414999999999999813 ) ) ;
#8704 = FACE_OUTER_BOUND ( 'NONE', #3945, .T. ) ;
#8705 = DIRECTION ( 'NONE',  ( -1.000000000000000000, 0.000000000000000000, -0.000000000000000000 ) ) ;
#8706 = SURFACE_STYLE_USAGE ( .BOTH. , #5101 ) ;
#8707 = DIRECTION ( 'NONE',  ( 0.000000000000000000, 0.000000000000000000, -1.000000000000000000 ) ) ;
#8708 = ORIENTED_EDGE ( 'NONE', *, *, #6408, .T. ) ;
#8709 = LINE ( 'NONE', #2081, #9472 ) ;
#8710 = AXIS2_PLACEMENT_3D ( 'NONE', #6976, #3310, #9103 ) ;
#8711 = DIRECTION ( 'NONE',  ( 2.125036258071585661E-13, 0.000000000000000000, -1.000000000000000000 ) ) ;
#8712 = CARTESIAN_POINT ( 'NONE',  ( -1.387499999999999956, 1.500000000000000000, 0.3424999999999996381 ) ) ;
#8713 = EDGE_CURVE ( 'NONE', #5355, #7670, #7928, .T. ) ;
#8714 = CARTESIAN_POINT ( 'NONE',  ( -1.704999999999999849, 1.324999999999999956, 0.1000000000000001582 ) ) ;
#8715 = ORIENTED_EDGE ( 'NONE', *, *, #2360, .F. ) ;
#8716 = ORIENTED_EDGE ( 'NONE', *, *, #2344, .F. ) ;
#8717 = AXIS2_PLACEMENT_3D ( 'NONE', #3889, #9160, #3837 ) ;
#8718 = VERTEX_POINT ( 'NONE', #9330 ) ;
#8719 = DIRECTION ( 'NONE',  ( 0.000000000000000000, 0.000000000000000000, -1.000000000000000000 ) ) ;
#8720 = VECTOR ( 'NONE', #1843, 1000.000000000000000 ) ;
#8721 = EDGE_CURVE ( 'NONE', #8335, #8912, #2623, .T. ) ;
#8722 = FACE_OUTER_BOUND ( 'NONE', #4988, .T. ) ;
#8723 = CARTESIAN_POINT ( 'NONE',  ( -3.137500000000000178, 1.439999999999999947, -1.399999999999999245 ) ) ;
#8724 = VECTOR ( 'NONE', #2531, 1000.000000000000000 ) ;
#8725 = EDGE_CURVE ( 'NONE', #3375, #8919, #8523, .T. ) ;
#8726 = STYLED_ITEM ( 'NONE', ( #3575 ), #858 ) ;
#8727 = CARTESIAN_POINT ( 'NONE',  ( -2.900000000000000355, 0.000000000000000000, 0.2500000000000002220 ) ) ;
#8728 = EDGE_CURVE ( 'NONE', #8223, #5923, #2672, .T. ) ;
#8729 = CARTESIAN_POINT ( 'NONE',  ( 0.2499999999999997780, 0.000000000000000000, -1.414999999999999369 ) ) ;
#8730 = DIRECTION ( 'NONE',  ( 0.000000000000000000, 0.000000000000000000, 1.000000000000000000 ) ) ;
#8731 = ORIENTED_EDGE ( 'NONE', *, *, #5267, .F. ) ;
#8732 = ORIENTED_EDGE ( 'NONE', *, *, #7742, .T. ) ;
#8733 = ADVANCED_FACE ( 'NONE', ( #4760 ), #286, .T. ) ;
#8734 = CARTESIAN_POINT ( 'NONE',  ( 2.000000000000021760, 0.05000000000000000278, -1.299999999999999600 ) ) ;
#8735 = VECTOR ( 'NONE', #7715, 1000.000000000000000 ) ;
#8736 = ORIENTED_EDGE ( 'NONE', *, *, #8094, .T. ) ;
#8737 = ADVANCED_FACE ( 'NONE', ( #1851 ), #9241, .T. ) ;
#8738 = ORIENTED_EDGE ( 'NONE', *, *, #5587, .T. ) ;
#8739 = VECTOR ( 'NONE', #219, 1000.000000000000000 ) ;
#8740 = EDGE_CURVE ( 'NONE', #8911, #8836, #6233, .T. ) ;
#8741 = DIRECTION ( 'NONE',  ( -0.000000000000000000, 1.000000000000000000, -0.000000000000000000 ) ) ;
#8742 = EDGE_CURVE ( 'NONE', #9121, #5994, #336, .T. ) ;
#8743 = DIRECTION ( 'NONE',  ( -0.000000000000000000, 1.000000000000000000, -0.000000000000000000 ) ) ;
#8744 = VECTOR ( 'NONE', #9230, 1000.000000000000000 ) ;
#8745 = DIRECTION ( 'NONE',  ( 0.000000000000000000, 0.000000000000000000, 1.000000000000000000 ) ) ;
#8746 = ORIENTED_EDGE ( 'NONE', *, *, #584, .T. ) ;
#8747 = CARTESIAN_POINT ( 'NONE',  ( -0.6999999999999998446, 1.464999999999999858, -0.5600000000000003864 ) ) ;
#8748 = ORIENTED_EDGE ( 'NONE', *, *, #7908, .F. ) ;
#8749 = CARTESIAN_POINT ( 'NONE',  ( 1.814999999999999725, 1.464999999999999858, 1.415000000000000480 ) ) ;
#8750 = ORIENTED_EDGE ( 'NONE', *, *, #2555, .T. ) ;
#8751 = CARTESIAN_POINT ( 'NONE',  ( -0.2499999999999785449, 0.05000000000000000278, -0.7999999999999997113 ) ) ;
#8752 = FILL_AREA_STYLE ('',( #4313 ) ) ;
#8753 = EDGE_LOOP ( 'NONE', ( #2867, #6991, #2941, #1884 ) ) ;
#8754 = VECTOR ( 'NONE', #519, 1000.000000000000000 ) ;
#8755 = LINE ( 'NONE', #6668, #8774 ) ;
#8756 = CARTESIAN_POINT ( 'NONE',  ( 2.500000000000021760, 0.000000000000000000, -0.7999999999999994893 ) ) ;
#8757 = LINE ( 'NONE', #2907, #3136 ) ;
#8758 = CARTESIAN_POINT ( 'NONE',  ( -3.200000000000000178, 0.2000000000000000944, -1.439999999999999947 ) ) ;
#8759 = DIRECTION ( 'NONE',  ( 0.000000000000000000, 0.000000000000000000, -1.000000000000000000 ) ) ;
#8760 = ORIENTED_EDGE ( 'NONE', *, *, #7320, .F. ) ;
#8761 = DIRECTION ( 'NONE',  ( -0.000000000000000000, -1.000000000000000000, 0.000000000000000000 ) ) ;
#8762 = VERTEX_POINT ( 'NONE', #5594 ) ;
#8763 = PLANE ( 'NONE',  #2793 ) ;
#8764 = CARTESIAN_POINT ( 'NONE',  ( 2.000000000000000000, 0.05000000000000000278, 1.414999999999999813 ) ) ;
#8765 = FACE_OUTER_BOUND ( 'NONE', #978, .T. ) ;
#8766 = EDGE_LOOP ( 'NONE', ( #4676, #7716, #6659, #2164 ) ) ;
#8767 = LINE ( 'NONE', #5854, #8147 ) ;
#8768 = VERTEX_POINT ( 'NONE', #7702 ) ;
#8769 = LINE ( 'NONE', #2090, #1518 ) ;
#8770 = ORIENTED_EDGE ( 'NONE', *, *, #9036, .T. ) ;
#8771 = ORIENTED_EDGE ( 'NONE', *, *, #5746, .T. ) ;
#8772 = FILL_AREA_STYLE_COLOUR ( '', #3094 ) ;
#8773 = CARTESIAN_POINT ( 'NONE',  ( -1.814999999999999947, 1.464999999999999858, 1.380000000000000115 ) ) ;
#8774 = VECTOR ( 'NONE', #40, 1000.000000000000000 ) ;
#8775 = EDGE_CURVE ( 'NONE', #67, #6321, #7067, .T. ) ;
#8776 = CARTESIAN_POINT ( 'NONE',  ( -2.362499999999999378, 1.464999999999999858, -0.6949999999999993960 ) ) ;
#8777 = AXIS2_PLACEMENT_3D ( 'NONE', #9519, #5057, #6587 ) ;
#8778 = ORIENTED_EDGE ( 'NONE', *, *, #215, .F. ) ;
#8779 = EDGE_LOOP ( 'NONE', ( #6747, #9600, #7788, #4111 ) ) ;
#8780 = DIRECTION ( 'NONE',  ( -1.000000000000000000, -0.000000000000000000, -4.336808689942017736E-16 ) ) ;
#8781 = LINE ( 'NONE', #8157, #6472 ) ;
#8782 = ORIENTED_EDGE ( 'NONE', *, *, #2357, .F. ) ;
#8783 = EDGE_CURVE ( 'NONE', #2524, #8643, #4027, .T. ) ;
#8784 = PLANE ( 'NONE',  #3885 ) ;
#8785 = CARTESIAN_POINT ( 'NONE',  ( -1.885000000000000231, 0.2000000000000000944, -1.514999999999999902 ) ) ;
#8786 = CARTESIAN_POINT ( 'NONE',  ( -1.249999999999978462, 0.05000000000000000278, -0.7999999999999994893 ) ) ;
#8787 = ADVANCED_FACE ( 'NONE', ( #4654 ), #8569, .F. ) ;
#8788 = DIRECTION ( 'NONE',  ( 0.000000000000000000, -1.000000000000000000, 0.000000000000000000 ) ) ;
#8789 = EDGE_CURVE ( 'NONE', #509, #2565, #238, .T. ) ;
#8790 = ORIENTED_EDGE ( 'NONE', *, *, #4312, .F. ) ;
#8791 = EDGE_LOOP ( 'NONE', ( #1160, #3865, #595, #6318, #8061, #2699, #1853, #2571, #8715, #2711, #4735, #537, #6148, #1981, #2635, #8621, #9481, #1060, #4508, #1791, #150, #7614, #4148, #2073 ) ) ;
#8792 = VERTEX_POINT ( 'NONE', #7837 ) ;
#8793 = VECTOR ( 'NONE', #1979, 1000.000000000000000 ) ;
#8794 = DIRECTION ( 'NONE',  ( -0.000000000000000000, -1.000000000000000000, -0.000000000000000000 ) ) ;
#8795 = EDGE_CURVE ( 'NONE', #6771, #6683, #9195, .T. ) ;
#8796 = ORIENTED_EDGE ( 'NONE', *, *, #2667, .T. ) ;
#8797 = ADVANCED_FACE ( 'NONE', ( #1170 ), #4120, .T. ) ;
#8798 = CARTESIAN_POINT ( 'NONE',  ( 3.100000000000000533, 0.05000000000000000278, 1.414999999999999813 ) ) ;
#8799 = DIRECTION ( 'NONE',  ( 0.000000000000000000, 1.000000000000000000, 0.000000000000000000 ) ) ;
#8800 = VECTOR ( 'NONE', #8396, 1000.000000000000000 ) ;
#8801 = DIRECTION ( 'NONE',  ( 1.000000000000000000, -0.000000000000000000, 0.000000000000000000 ) ) ;
#8802 = CARTESIAN_POINT ( 'NONE',  ( -1.749999999999978462, 0.05000000000000000278, -0.7999999999999997113 ) ) ;
#8803 = FACE_OUTER_BOUND ( 'NONE', #7161, .T. ) ;
#8804 = DIRECTION ( 'NONE',  ( 0.000000000000000000, -0.000000000000000000, -1.000000000000000000 ) ) ;
#8805 = DIRECTION ( 'NONE',  ( 0.000000000000000000, -1.000000000000000000, 0.000000000000000000 ) ) ;
#8806 = ORIENTED_EDGE ( 'NONE', *, *, #1959, .T. ) ;
#8807 = FACE_OUTER_BOUND ( 'NONE', #2879, .T. ) ;
#8808 = ORIENTED_EDGE ( 'NONE', *, *, #3555, .F. ) ;
#8809 = VECTOR ( 'NONE', #1440, 1000.000000000000000 ) ;
#8810 = AXIS2_PLACEMENT_3D ( 'NONE', #139, #1427, #5809 ) ;
#8811 = PRESENTATION_STYLE_ASSIGNMENT (( #4466 ) ) ;
#8812 = CARTESIAN_POINT ( 'NONE',  ( -1.250000000000000888, 0.05000000000000000278, 0.8000000000000003775 ) ) ;
#8813 = VECTOR ( 'NONE', #1387, 1000.000000000000000 ) ;
#8814 = ORIENTED_EDGE ( 'NONE', *, *, #4666, .F. ) ;
#8815 = CARTESIAN_POINT ( 'NONE',  ( 1.885000000000000009, 1.500000000000000000, -1.449999999999999734 ) ) ;
#8816 = CARTESIAN_POINT ( 'NONE',  ( -1.999999999999978684, 0.000000000000000000, -0.7999999999999994893 ) ) ;
#8817 = DIRECTION ( 'NONE',  ( 0.000000000000000000, 1.000000000000000000, -0.000000000000000000 ) ) ;
#8818 = AXIS2_PLACEMENT_3D ( 'NONE', #3330, #2644, #8456 ) ;
#8819 = LINE ( 'NONE', #2973, #4511 ) ;
#8820 = FACE_OUTER_BOUND ( 'NONE', #1678, .T. ) ;
#8821 = DIRECTION ( 'NONE',  ( 0.000000000000000000, 1.000000000000000000, 0.000000000000000000 ) ) ;
#8822 = DIRECTION ( 'NONE',  ( -8.673617379884035472E-16, 0.000000000000000000, -1.000000000000000000 ) ) ;
#8823 = ORIENTED_EDGE ( 'NONE', *, *, #1362, .T. ) ;
#8824 = STYLED_ITEM ( 'NONE', ( #1389 ), #7278 ) ;
#8825 =( NAMED_UNIT ( * ) PLANE_ANGLE_UNIT ( ) SI_UNIT ( $, .RADIAN. ) );
#8826 = EDGE_LOOP ( 'NONE', ( #1805, #5077, #6236, #191 ) ) ;
#8827 = CARTESIAN_POINT ( 'NONE',  ( 2.499999999999999556, 0.000000000000000000, 0.8000000000000003775 ) ) ;
#8828 = LINE ( 'NONE', #7524, #4747 ) ;
#8829 = EDGE_LOOP ( 'NONE', ( #4788, #3339, #5506, #4749 ) ) ;
#8830 = PRODUCT_DEFINITION ( 'UNKNOWN', '', #3017, #7782 ) ;
#8831 = VECTOR ( 'NONE', #927, 1000.000000000000000 ) ;
#8832 = LINE ( 'NONE', #5125, #9141 ) ;
#8833 = CARTESIAN_POINT ( 'NONE',  ( -1.885000000000000231, 1.464999999999999858, 1.450000000000000622 ) ) ;
#8834 = LINE ( 'NONE', #4582, #9564 ) ;
#8835 = DIRECTION ( 'NONE',  ( -0.9799247046208302558, -0.1993679344171940815, 0.000000000000000000 ) ) ;
#8836 = VERTEX_POINT ( 'NONE', #622 ) ;
#8837 = EDGE_LOOP ( 'NONE', ( #2476, #5329, #99, #1152 ) ) ;
#8838 = CARTESIAN_POINT ( 'NONE',  ( -1.157999999999999696, 0.05000000000000000278, -0.5999999999999998668 ) ) ;
#8839 = EDGE_LOOP ( 'NONE', ( #9409, #9197, #3377, #8507 ) ) ;
#8840 = AXIS2_PLACEMENT_3D ( 'NONE', #5755, #4927, #1380 ) ;
#8841 = DIRECTION ( 'NONE',  ( 0.000000000000000000, 0.000000000000000000, 1.000000000000000000 ) ) ;
#8842 = DIRECTION ( 'NONE',  ( -1.000000000000000000, -0.000000000000000000, -4.336808689942017736E-16 ) ) ;
#8843 = EDGE_LOOP ( 'NONE', ( #9222, #8117, #7498, #2529 ) ) ;
#8844 = EDGE_CURVE ( 'NONE', #558, #1435, #579, .T. ) ;
#8845 = ADVANCED_FACE ( 'NONE', ( #9377 ), #6580, .F. ) ;
#8846 = DIRECTION ( 'NONE',  ( 0.000000000000000000, -0.000000000000000000, 1.000000000000000000 ) ) ;
#8847 = FACE_OUTER_BOUND ( 'NONE', #1172, .T. ) ;
#8848 = CARTESIAN_POINT ( 'NONE',  ( -1.462500000000000355, 1.350000000000000089, -0.1629044648600694034 ) ) ;
#8849 = DIRECTION ( 'NONE',  ( 1.000000000000000000, 0.000000000000000000, 0.000000000000000000 ) ) ;
#8850 = EDGE_CURVE ( 'NONE', #6216, #4311, #3530, .T. ) ;
#8851 = ADVANCED_FACE ( 'NONE', ( #2763 ), #1266, .T. ) ;
#8852 = DIRECTION ( 'NONE',  ( 8.673617379884035472E-16, -0.000000000000000000, 1.000000000000000000 ) ) ;
#8853 = ORIENTED_EDGE ( 'NONE', *, *, #3067, .T. ) ;
#8854 = DIRECTION ( 'NONE',  ( -1.000000000000000000, 0.000000000000000000, -0.000000000000000000 ) ) ;
#8855 = ORIENTED_EDGE ( 'NONE', *, *, #9491, .F. ) ;
#8856 = ADVANCED_FACE ( 'NONE', ( #9566 ), #4224, .T. ) ;
#8857 = ADVANCED_FACE ( 'NONE', ( #8704 ), #5794, .T. ) ;
#8858 = FACE_OUTER_BOUND ( 'NONE', #9034, .T. ) ;
#8859 = EDGE_CURVE ( 'NONE', #7243, #8269, #6925, .T. ) ;
#8860 = VERTEX_POINT ( 'NONE', #1597 ) ;
#8861 = FACE_OUTER_BOUND ( 'NONE', #3101, .T. ) ;
#8862 = EDGE_LOOP ( 'NONE', ( #1205, #2939, #1619, #2518 ) ) ;
#8863 = EDGE_LOOP ( 'NONE', ( #1718, #4993, #5618, #9068 ) ) ;
#8864 = DIRECTION ( 'NONE',  ( -1.000000000000000000, 0.000000000000000000, -7.228014483236187740E-16 ) ) ;
#8865 = PLANE ( 'NONE',  #6305 ) ;
#8866 = CARTESIAN_POINT ( 'NONE',  ( 2.000000000000000000, 0.000000000000000000, 1.300000000000000266 ) ) ;
#8867 = DIRECTION ( 'NONE',  ( 0.000000000000000000, -0.000000000000000000, 1.000000000000000000 ) ) ;
#8868 = AXIS2_PLACEMENT_3D ( 'NONE', #3780, #2331, #7558 ) ;
#8869 = MECHANICAL_DESIGN_GEOMETRIC_PRESENTATION_REPRESENTATION (  '', ( #2021 ), #2183 ) ;
#8870 = CLOSED_SHELL ( 'NONE', ( #8487, #940, #8565, #6047, #1939, #485 ) ) ;
#8871 =( NAMED_UNIT ( * ) SI_UNIT ( $, .STERADIAN. ) SOLID_ANGLE_UNIT ( ) );
#8872 = ORIENTED_EDGE ( 'NONE', *, *, #4736, .F. ) ;
#8873 = DIRECTION ( 'NONE',  ( 0.000000000000000000, 0.000000000000000000, -1.000000000000000000 ) ) ;
#8874 = LINE ( 'NONE', #2203, #2731 ) ;
#8875 = ORIENTED_EDGE ( 'NONE', *, *, #1831, .T. ) ;
#8876 = DIRECTION ( 'NONE',  ( -0.000000000000000000, -1.000000000000000000, -0.000000000000000000 ) ) ;
#8877 = VECTOR ( 'NONE', #4533, 1000.000000000000000 ) ;
#8878 = VECTOR ( 'NONE', #5349, 1000.000000000000000 ) ;
#8879 = LINE ( 'NONE', #2205, #3390 ) ;
#8880 = CARTESIAN_POINT ( 'NONE',  ( -2.299999999999999822, 0.05000000000000000278, -0.7999999999999997113 ) ) ;
#8881 = CARTESIAN_POINT ( 'NONE',  ( 2.500000000000021760, 0.000000000000000000, -0.7999999999999994893 ) ) ;
#8882 = VERTEX_POINT ( 'NONE', #3723 ) ;
#8883 = ORIENTED_EDGE ( 'NONE', *, *, #6837, .T. ) ;
#8884 = CARTESIAN_POINT ( 'NONE',  ( -0.9999999999999785727, 0.000000000000000000, -0.7999999999999997113 ) ) ;
#8885 = AXIS2_PLACEMENT_3D ( 'NONE', #3056, #6778, #5301 ) ;
#8886 = AXIS2_PLACEMENT_3D ( 'NONE', #1590, #1784, #4590 ) ;
#8887 = LINE ( 'NONE', #2314, #9292 ) ;
#8888 = ORIENTED_EDGE ( 'NONE', *, *, #2124, .F. ) ;
#8889 = DIRECTION ( 'NONE',  ( 0.000000000000000000, 1.000000000000000000, 0.000000000000000000 ) ) ;
#8890 = CARTESIAN_POINT ( 'NONE',  ( -4.826448380741920758E-17, 1.500000000000000000, -1.379999999999999449 ) ) ;
#8891 = VERTEX_POINT ( 'NONE', #857 ) ;
#8892 = LINE ( 'NONE', #3578, #4280 ) ;
#8893 = VECTOR ( 'NONE', #4665, 1000.000000000000000 ) ;
#8894 = DIRECTION ( 'NONE',  ( 0.000000000000000000, -1.000000000000000000, 0.000000000000000000 ) ) ;
#8895 = DIRECTION ( 'NONE',  ( 1.000000000000000000, 0.000000000000000000, -8.673617379884035472E-16 ) ) ;
#8896 = LINE ( 'NONE', #1360, #6262 ) ;
#8897 = LINE ( 'NONE', #87, #8520 ) ;
#8898 = EDGE_CURVE ( 'NONE', #279, #1374, #1500, .T. ) ;
#8899 = CYLINDRICAL_SURFACE ( 'NONE', #164, 0.07499999999999998335 ) ;
#8900 = VERTEX_POINT ( 'NONE', #7543 ) ;
#8901 = VECTOR ( 'NONE', #5375, 1000.000000000000000 ) ;
#8902 = CARTESIAN_POINT ( 'NONE',  ( -0.2550000000000002820, 1.164999999999999813, -0.4500000000000003997 ) ) ;
#8903 = EDGE_LOOP ( 'NONE', ( #7634, #2756, #9313, #4946 ) ) ;
#8904 = ADVANCED_FACE ( 'NONE', ( #8129 ), #1452, .F. ) ;
#8905 = DIRECTION ( 'NONE',  ( 1.000000000000000000, 0.000000000000000000, 0.000000000000000000 ) ) ;
#8906 = DIRECTION ( 'NONE',  ( 0.000000000000000000, 0.000000000000000000, -1.000000000000000000 ) ) ;
#8907 = EDGE_LOOP ( 'NONE', ( #1942, #4102, #7707, #1655 ) ) ;
#8908 = EDGE_CURVE ( 'NONE', #2744, #2119, #6303, .T. ) ;
#8909 = DIRECTION ( 'NONE',  ( 0.000000000000000000, 0.000000000000000000, -1.000000000000000000 ) ) ;
#8910 = EDGE_CURVE ( 'NONE', #4967, #9354, #3147, .T. ) ;
#8911 = VERTEX_POINT ( 'NONE', #6176 ) ;
#8912 = VERTEX_POINT ( 'NONE', #2568 ) ;
#8913 = LINE ( 'NONE', #2239, #1107 ) ;
#8914 = ADVANCED_FACE ( 'NONE', ( #5490 ), #6131, .F. ) ;
#8915 = ADVANCED_FACE ( 'NONE', ( #5539 ), #8512, .F. ) ;
#8916 = DIRECTION ( 'NONE',  ( -0.000000000000000000, 1.000000000000000000, -0.000000000000000000 ) ) ;
#8917 = DIRECTION ( 'NONE',  ( 0.000000000000000000, 0.000000000000000000, -1.000000000000000000 ) ) ;
#8918 = CARTESIAN_POINT ( 'NONE',  ( 2.620000000000000551, 1.324999999999999956, 0.4249999999999998224 ) ) ;
#8919 = VERTEX_POINT ( 'NONE', #7292 ) ;
#8920 = DIRECTION ( 'NONE',  ( -0.000000000000000000, -1.000000000000000000, -0.000000000000000000 ) ) ;
#8921 = ORIENTED_EDGE ( 'NONE', *, *, #6414, .F. ) ;
#8922 = CARTESIAN_POINT ( 'NONE',  ( -2.000000000000000444, 0.05000000000000000278, 1.300000000000000266 ) ) ;
#8923 = ORIENTED_EDGE ( 'NONE', *, *, #3422, .T. ) ;
#8924 = VECTOR ( 'NONE', #4412, 1000.000000000000000 ) ;
#8925 = LINE ( 'NONE', #7435, #9154 ) ;
#8926 = DIRECTION ( 'NONE',  ( 0.000000000000000000, -1.000000000000000000, 0.000000000000000000 ) ) ;
#8927 = CARTESIAN_POINT ( 'NONE',  ( -1.157999999999999696, 0.05000000000000000278, -0.5999999999999998668 ) ) ;
#8928 = PLANE ( 'NONE',  #7675 ) ;
#8929 = ORIENTED_EDGE ( 'NONE', *, *, #5824, .T. ) ;
#8930 = EDGE_LOOP ( 'NONE', ( #2436, #4301, #293, #970 ) ) ;
#8931 = LINE ( 'NONE', #2265, #4663 ) ;
#8932 = CARTESIAN_POINT ( 'NONE',  ( -1.000000000000000444, 0.05000000000000000278, -1.414999999999999369 ) ) ;
#8933 = LINE ( 'NONE', #3626, #6929 ) ;
#8934 = PLANE ( 'NONE',  #7189 ) ;
#8935 = EDGE_LOOP ( 'NONE', ( #2450, #6411, #8650, #916 ) ) ;
#8936 = CARTESIAN_POINT ( 'NONE',  ( 2.400000000000001243, 0.000000000000000000, -0.2499999999999982792 ) ) ;
#8937 = CARTESIAN_POINT ( 'NONE',  ( -1.750000000000000444, 0.000000000000000000, 1.300000000000000266 ) ) ;
#8938 = VECTOR ( 'NONE', #2903, 1000.000000000000000 ) ;
#8939 = CARTESIAN_POINT ( 'NONE',  ( 0.8720160946642466770, 1.449999999999999734, -0.4500000000000003997 ) ) ;
#8940 = VECTOR ( 'NONE', #764, 1000.000000000000000 ) ;
#8941 = DIRECTION ( 'NONE',  ( -0.000000000000000000, 0.000000000000000000, 1.000000000000000000 ) ) ;
#8942 = ORIENTED_EDGE ( 'NONE', *, *, #9038, .T. ) ;
#8943 = FACE_OUTER_BOUND ( 'NONE', #1255, .T. ) ;
#8944 = ORIENTED_EDGE ( 'NONE', *, *, #9029, .F. ) ;
#8945 = LINE ( 'NONE', #3688, #4672 ) ;
#8946 = ORIENTED_EDGE ( 'NONE', *, *, #8967, .T. ) ;
#8947 = AXIS2_PLACEMENT_3D ( 'NONE', #4759, #4026, #9240 ) ;
#8948 = CARTESIAN_POINT ( 'NONE',  ( 2.000000000000000000, 0.05000000000000000278, 0.8000000000000003775 ) ) ;
#8949 = ORIENTED_EDGE ( 'NONE', *, *, #6141, .F. ) ;
#8950 = LINE ( 'NONE', #3737, #3931 ) ;
#8951 = ADVANCED_FACE ( 'NONE', ( #475 ), #2796, .T. ) ;
#8952 = ORIENTED_EDGE ( 'NONE', *, *, #4744, .T. ) ;
#8953 = AXIS2_PLACEMENT_3D ( 'NONE', #7000, #6909, #9130 ) ;
#8954 = CARTESIAN_POINT ( 'NONE',  ( -1.814999999999999947, 1.500000000000000000, -1.414999999999999591 ) ) ;
#8955 = ORIENTED_EDGE ( 'NONE', *, *, #161, .T. ) ;
#8956 = VECTOR ( 'NONE', #9314, 1000.000000000000000 ) ;
#8957 = LINE ( 'NONE', #6831, #2023 ) ;
#8958 = PLANE ( 'NONE',  #7158 ) ;
#8959 = ORIENTED_EDGE ( 'NONE', *, *, #5347, .T. ) ;
#8960 =( NAMED_UNIT ( * ) PLANE_ANGLE_UNIT ( ) SI_UNIT ( $, .RADIAN. ) );
#8961 = EDGE_CURVE ( 'NONE', #8454, #4775, #7193, .T. ) ;
#8962 = ADVANCED_FACE ( 'NONE', ( #562 ), #5780, .F. ) ;
#8963 = DIRECTION ( 'NONE',  ( -0.000000000000000000, 0.000000000000000000, 1.000000000000000000 ) ) ;
#8964 = VECTOR ( 'NONE', #2558, 1000.000000000000000 ) ;
#8965 = CIRCLE ( 'NONE', #4765, 0.07499999999999998335 ) ;
#8966 = PLANE ( 'NONE',  #8429 ) ;
#8967 = EDGE_CURVE ( 'NONE', #4356, #5403, #1534, .T. ) ;
#8968 = EDGE_LOOP ( 'NONE', ( #4958, #4196, #1413, #9025 ) ) ;
#8969 = EDGE_CURVE ( 'NONE', #817, #8891, #9597, .T. ) ;
#8970 = VERTEX_POINT ( 'NONE', #8353 ) ;
#8971 = CARTESIAN_POINT ( 'NONE',  ( -1.157999999999999696, 0.000000000000000000, -0.5999999999999998668 ) ) ;
#8972 = STYLED_ITEM ( 'NONE', ( #5939 ), #7085 ) ;
#8973 = CARTESIAN_POINT ( 'NONE',  ( 2.000000000000000000, 0.000000000000000000, 0.8000000000000003775 ) ) ;
#8974 = EDGE_LOOP ( 'NONE', ( #6997, #6394, #3107, #8499 ) ) ;
#8975 = PLANE ( 'NONE',  #1989 ) ;
#8976 = LINE ( 'NONE', #5182, #7494 ) ;
#8977 = VECTOR ( 'NONE', #6391, 1000.000000000000000 ) ;
#8978 = PLANE ( 'NONE',  #2595 ) ;
#8979 = CARTESIAN_POINT ( 'NONE',  ( 1.885000000000000009, 1.500000000000000000, -1.414999999999999591 ) ) ;
#8980 = ORIENTED_EDGE ( 'NONE', *, *, #4962, .T. ) ;
#8981 = ADVANCED_FACE ( 'NONE', ( #5429 ), #7726, .T. ) ;
#8982 = LINE ( 'NONE', #3037, #9122 ) ;
#8983 = EDGE_LOOP ( 'NONE', ( #1463, #503, #9274, #5912 ) ) ;
#8984 = CARTESIAN_POINT ( 'NONE',  ( 2.500000000000021316, 0.05000000000000000278, -1.299999999999999600 ) ) ;
#8985 = LINE ( 'NONE', #3089, #8940 ) ;
#8986 = CARTESIAN_POINT ( 'NONE',  ( 3.100000000000000533, -6.815342984766064482, -1.414999999999999813 ) ) ;
#8987 = VERTEX_POINT ( 'NONE', #4935 ) ;
#8988 = CIRCLE ( 'NONE', #1523, 0.07499999999999998335 ) ;
#8989 = FACE_OUTER_BOUND ( 'NONE', #1198, .T. ) ;
#8990 = DIRECTION ( 'NONE',  ( -1.000000000000000000, 0.000000000000000000, -0.000000000000000000 ) ) ;
#8991 = DIRECTION ( 'NONE',  ( -0.000000000000000000, -0.000000000000000000, 1.000000000000000000 ) ) ;
#8992 = VECTOR ( 'NONE', #4684, 1000.000000000000000 ) ;
#8993 = PLANE ( 'NONE',  #5608 ) ;
#8994 = EDGE_LOOP ( 'NONE', ( #6096, #635, #4448, #6571 ) ) ;
#8995 = CARTESIAN_POINT ( 'NONE',  ( -3.102500000000000036, 1.464999999999999858, -1.399999999999999245 ) ) ;
#8996 = LINE ( 'NONE', #3052, #4215 ) ;
#8997 = VERTEX_POINT ( 'NONE', #1147 ) ;
#8998 = CARTESIAN_POINT ( 'NONE',  ( -1.947499999999999565, 1.350000000000000089, 0.3629044648600697198 ) ) ;
#8999 = ORIENTED_EDGE ( 'NONE', *, *, #6654, .T. ) ;
#9000 = CARTESIAN_POINT ( 'NONE',  ( 2.020000000000000018, 1.324999999999999956, -0.2250000000000002554 ) ) ;
#9001 = ORIENTED_EDGE ( 'NONE', *, *, #5285, .F. ) ;
#9002 = STYLED_ITEM ( 'NONE', ( #7069 ), #3840 ) ;
#9003 = CARTESIAN_POINT ( 'NONE',  ( -1.000000000000000444, 0.000000000000000000, 1.300000000000000266 ) ) ;
#9004 = ORIENTED_EDGE ( 'NONE', *, *, #6769, .T. ) ;
#9005 = DIRECTION ( 'NONE',  ( -1.000000000000000000, 0.000000000000000000, -0.000000000000000000 ) ) ;
#9006 = VERTEX_POINT ( 'NONE', #410 ) ;
#9007 = CARTESIAN_POINT ( 'NONE',  ( 1.885000000000000009, 1.464999999999999858, -1.449999999999999734 ) ) ;
#9008 = LINE ( 'NONE', #4570, #5835 ) ;
#9009 = CARTESIAN_POINT ( 'NONE',  ( -1.750000000000000444, 0.05000000000000000278, 0.8000000000000003775 ) ) ;
#9010 = DIRECTION ( 'NONE',  ( 1.000000000000000000, -0.000000000000000000, 0.000000000000000000 ) ) ;
#9011 = ORIENTED_EDGE ( 'NONE', *, *, #6185, .F. ) ;
#9012 =( LENGTH_UNIT ( ) NAMED_UNIT ( * ) SI_UNIT ( .MILLI., .METRE. ) );
#9013 = ORIENTED_EDGE ( 'NONE', *, *, #5989, .F. ) ;
#9014 = EDGE_CURVE ( 'NONE', #6962, #888, #2641, .T. ) ;
#9015 = DIRECTION ( 'NONE',  ( 0.000000000000000000, 0.000000000000000000, -1.000000000000000000 ) ) ;
#9016 = DIRECTION ( 'NONE',  ( -4.336808689942017736E-16, 0.000000000000000000, 1.000000000000000000 ) ) ;
#9017 = VERTEX_POINT ( 'NONE', #1193 ) ;
#9018 = EDGE_CURVE ( 'NONE', #6208, #3985, #4146, .T. ) ;
#9019 = VECTOR ( 'NONE', #5236, 1000.000000000000000 ) ;
#9021 = VECTOR ( 'NONE', #3644, 1000.000000000000000 ) ;
#9020 = DIRECTION ( 'NONE',  ( -0.000000000000000000, -1.000000000000000000, -0.000000000000000000 ) ) ;
#9022 = CARTESIAN_POINT ( 'NONE',  ( -1.750000000000000444, 0.000000000000000000, 1.300000000000000266 ) ) ;
#9023 = LINE ( 'NONE', #4485, #8809 ) ;
#9024 = DIRECTION ( 'NONE',  ( 1.000000000000000000, 0.000000000000000000, 0.000000000000000000 ) ) ;
#9025 = ORIENTED_EDGE ( 'NONE', *, *, #2248, .T. ) ;
#9026 = VERTEX_POINT ( 'NONE', #2741 ) ;
#9027 = EDGE_CURVE ( 'NONE', #5158, #7982, #3561, .T. ) ;
#9028 = CARTESIAN_POINT ( 'NONE',  ( -2.299999999999999822, 0.000000000000000000, -0.7999999999999997113 ) ) ;
#9029 = EDGE_CURVE ( 'NONE', #8042, #8290, #6449, .T. ) ;
#9030 = FACE_OUTER_BOUND ( 'NONE', #3656, .T. ) ;
#9031 = DIRECTION ( 'NONE',  ( -1.000000000000000000, 0.000000000000000000, 0.000000000000000000 ) ) ;
#9032 = VECTOR ( 'NONE', #3735, 1000.000000000000000 ) ;
#9033 = PLANE ( 'NONE',  #8886 ) ;
#9034 = EDGE_LOOP ( 'NONE', ( #1660, #4085, #1448, #6627 ) ) ;
#9035 = VECTOR ( 'NONE', #1209, 1000.000000000000000 ) ;
#9036 = EDGE_CURVE ( 'NONE', #9617, #2313, #2785, .T. ) ;
#9037 = DIRECTION ( 'NONE',  ( 1.000000000000000000, 0.000000000000000000, 0.000000000000000000 ) ) ;
#9038 = EDGE_CURVE ( 'NONE', #1632, #7902, #6550, .T. ) ;
#9039 = CARTESIAN_POINT ( 'NONE',  ( 2.000000000000000000, 0.05000000000000000278, 0.8000000000000003775 ) ) ;
#9040 = CARTESIAN_POINT ( 'NONE',  ( 2.695000000000000284, 1.324999999999999956, 0.4249999999999998224 ) ) ;
#9042 = VECTOR ( 'NONE', #382, 1000.000000000000000 ) ;
#9041 = DIRECTION ( 'NONE',  ( 0.000000000000000000, 0.000000000000000000, 1.000000000000000000 ) ) ;
#9043 = LINE ( 'NONE', #8605, #5012 ) ;
#9044 = DIRECTION ( 'NONE',  ( -8.673617379884035472E-16, 0.000000000000000000, -1.000000000000000000 ) ) ;
#9045 = ORIENTED_EDGE ( 'NONE', *, *, #7502, .T. ) ;
#9046 = CYLINDRICAL_SURFACE ( 'NONE', #2802, 0.03500000000000030864 ) ;
#9047 = ORIENTED_EDGE ( 'NONE', *, *, #2424, .T. ) ;
#9048 = CARTESIAN_POINT ( 'NONE',  ( 1.749999999999998890, 0.05000000000000000278, 0.8000000000000003775 ) ) ;
#9049 =( LENGTH_UNIT ( ) NAMED_UNIT ( * ) SI_UNIT ( .MILLI., .METRE. ) );
#9050 = ORIENTED_EDGE ( 'NONE', *, *, #4501, .T. ) ;
#9051 = AXIS2_PLACEMENT_3D ( 'NONE', #44, #2127, #623 ) ;
#9052 = VECTOR ( 'NONE', #5311, 1000.000000000000000 ) ;
#9053 = VECTOR ( 'NONE', #7547, 1000.000000000000000 ) ;
#9054 = CARTESIAN_POINT ( 'NONE',  ( -1.250000000000000888, 0.000000000000000000, 0.8000000000000003775 ) ) ;
#9055 = PLANE ( 'NONE',  #142 ) ;
#9056 = SURFACE_STYLE_FILL_AREA ( #5402 ) ;
#9057 = ORIENTED_EDGE ( 'NONE', *, *, #8859, .F. ) ;
#9058 = DIRECTION ( 'NONE',  ( 0.000000000000000000, 0.000000000000000000, 1.000000000000000000 ) ) ;
#9059 = ORIENTED_EDGE ( 'NONE', *, *, #3526, .T. ) ;
#9060 = VERTEX_POINT ( 'NONE', #1477 ) ;
#9061 = CARTESIAN_POINT ( 'NONE',  ( -2.900000000000000355, 0.000000000000000000, 0.2500000000000002220 ) ) ;
#9062 = VERTEX_POINT ( 'NONE', #651 ) ;
#9063 = LINE ( 'NONE', #3887, #7815 ) ;
#9064 = DIRECTION ( 'NONE',  ( -1.000000000000000000, -0.000000000000000000, -0.000000000000000000 ) ) ;
#9065 = CARTESIAN_POINT ( 'NONE',  ( -1.157999999999999696, 0.000000000000000000, 0.6000000000000000888 ) ) ;
#9066 = CARTESIAN_POINT ( 'NONE',  ( -2.500000000000000000, 0.05000000000000000278, -0.6999999999999995115 ) ) ;
#9067 = ORIENTED_EDGE ( 'NONE', *, *, #3720, .T. ) ;
#9068 = ORIENTED_EDGE ( 'NONE', *, *, #1478, .T. ) ;
#9069 = AXIS2_PLACEMENT_3D ( 'NONE', #3542, #630, #6731 ) ;
#9070 = DIRECTION ( 'NONE',  ( -0.000000000000000000, -1.000000000000000000, -0.000000000000000000 ) ) ;
#9071 = LINE ( 'NONE', #5423, #7573 ) ;
#9072 = EDGE_LOOP ( 'NONE', ( #6880, #1704, #3841, #7467 ) ) ;
#9073 = EDGE_CURVE ( 'NONE', #3686, #1126, #3024, .T. ) ;
#9074 = CARTESIAN_POINT ( 'NONE',  ( -0.9999999999999785727, 0.000000000000000000, -1.299999999999999600 ) ) ;
#9075 = LINE ( 'NONE', #5373, #4213 ) ;
#9076 = LINE ( 'NONE', #4101, #1046 ) ;
#9077 = EDGE_LOOP ( 'NONE', ( #311, #1329, #3125, #1256 ) ) ;
#9078 = VERTEX_POINT ( 'NONE', #5118 ) ;
#9079 = DIRECTION ( 'NONE',  ( 0.000000000000000000, -0.3420201433256694901, 0.9396926207859082059 ) ) ;
#9080 = ADVANCED_FACE ( 'NONE', ( #701 ), #3654, .T. ) ;
#9081 = FACE_OUTER_BOUND ( 'NONE', #2592, .T. ) ;
#9082 = ORIENTED_EDGE ( 'NONE', *, *, #1373, .T. ) ;
#9083 = VECTOR ( 'NONE', #5021, 1000.000000000000000 ) ;
#9084 = DIRECTION ( 'NONE',  ( 0.000000000000000000, 0.000000000000000000, -1.000000000000000000 ) ) ;
#9085 = DIRECTION ( 'NONE',  ( -0.000000000000000000, -1.000000000000000000, -0.000000000000000000 ) ) ;
#9086 = EDGE_CURVE ( 'NONE', #4268, #3204, #2978, .T. ) ;
#9087 = ADVANCED_FACE ( 'NONE', ( #778 ), #51, .T. ) ;
#9088 = CARTESIAN_POINT ( 'NONE',  ( -0.5000000000000004441, 0.05000000000000000278, 1.414999999999999813 ) ) ;
#9089 = CIRCLE ( 'NONE', #1937, 0.07499999999999998335 ) ;
#9090 = CARTESIAN_POINT ( 'NONE',  ( 1.885000000000000009, 1.464999999999999858, -1.514999999999999902 ) ) ;
#9091 = AXIS2_PLACEMENT_3D ( 'NONE', #16, #7619, #8963 ) ;
#9092 = VERTEX_POINT ( 'NONE', #3156 ) ;
#9093 = EDGE_CURVE ( 'NONE', #2277, #4527, #8613, .T. ) ;
#9094 = CARTESIAN_POINT ( 'NONE',  ( 1.000000000000021316, 0.05000000000000000278, -0.7999999999999994893 ) ) ;
#9095 = ORIENTED_EDGE ( 'NONE', *, *, #883, .T. ) ;
#9096 = LINE ( 'NONE', #235, #4871 ) ;
#9097 = DIRECTION ( 'NONE',  ( 0.000000000000000000, 0.000000000000000000, -1.000000000000000000 ) ) ;
#9098 = CARTESIAN_POINT ( 'NONE',  ( 2.900000000000001243, 0.05000000000000000278, 0.2500000000000019429 ) ) ;
#9099 = ORIENTED_EDGE ( 'NONE', *, *, #3192, .T. ) ;
#9100 = FACE_OUTER_BOUND ( 'NONE', #9150, .T. ) ;
#9101 = ORIENTED_EDGE ( 'NONE', *, *, #5330, .F. ) ;
#9102 = ORIENTED_EDGE ( 'NONE', *, *, #2844, .T. ) ;
#9103 = DIRECTION ( 'NONE',  ( 1.000000000000000000, 0.000000000000000000, 0.000000000000000000 ) ) ;
#9104 = VECTOR ( 'NONE', #5369, 1000.000000000000000 ) ;
#9105 = DIRECTION ( 'NONE',  ( 8.673617379884035472E-16, -0.000000000000000000, 1.000000000000000000 ) ) ;
#9106 = VERTEX_POINT ( 'NONE', #8034 ) ;
#9107 = PLANE ( 'NONE',  #5966 ) ;
#9108 = DIRECTION ( 'NONE',  ( -1.000000000000000000, 0.000000000000000000, 0.000000000000000000 ) ) ;
#9109 = CARTESIAN_POINT ( 'NONE',  ( -2.900000000000000355, 0.05000000000000000278, -0.2499999999999997780 ) ) ;
#9110 = AXIS2_PLACEMENT_3D ( 'NONE', #2905, #2025, #5005 ) ;
#9111 = VERTEX_POINT ( 'NONE', #5642 ) ;
#9112 = VERTEX_POINT ( 'NONE', #2761 ) ;
#9113 = VERTEX_POINT ( 'NONE', #486 ) ;
#9114 = LINE ( 'NONE', #1769, #1197 ) ;
#9115 = ORIENTED_EDGE ( 'NONE', *, *, #1237, .F. ) ;
#9116 = CARTESIAN_POINT ( 'NONE',  ( 1.885000000000000009, 1.500000000000000000, 1.479999999999999760 ) ) ;
#9117 = VECTOR ( 'NONE', #1200, 1000.000000000000000 ) ;
#9118 = DIRECTION ( 'NONE',  ( 0.000000000000000000, 1.000000000000000000, -0.000000000000000000 ) ) ;
#9119 = CARTESIAN_POINT ( 'NONE',  ( -1.704999999999999849, 1.324999999999999956, 0.1000000000000001582 ) ) ;
#9120 = DIRECTION ( 'NONE',  ( 8.673617379884035472E-16, -0.000000000000000000, 1.000000000000000000 ) ) ;
#9121 = VERTEX_POINT ( 'NONE', #3436 ) ;
#9122 = VECTOR ( 'NONE', #172, 1000.000000000000000 ) ;
#9123 = ORIENTED_EDGE ( 'NONE', *, *, #7724, .F. ) ;
#9124 = PLANE ( 'NONE',  #2810 ) ;
#9125 = DIRECTION ( 'NONE',  ( -0.000000000000000000, -0.000000000000000000, 1.000000000000000000 ) ) ;
#9126 = ORIENTED_EDGE ( 'NONE', *, *, #2344, .T. ) ;
#9127 = VECTOR ( 'NONE', #8673, 1000.000000000000000 ) ;
#9128 = LINE ( 'NONE', #4642, #6924 ) ;
#9129 = DIRECTION ( 'NONE',  ( 1.000000000000000000, 0.000000000000000000, 0.000000000000000000 ) ) ;
#9130 = DIRECTION ( 'NONE',  ( -1.000000000000000000, 0.000000000000000000, 3.497426362856465737E-17 ) ) ;
#9131 = ORIENTED_EDGE ( 'NONE', *, *, #6186, .F. ) ;
#9132 = CARTESIAN_POINT ( 'NONE',  ( -1.947499999999999565, 1.500000000000000000, 0.4175000000000001488 ) ) ;
#9133 = ORIENTED_EDGE ( 'NONE', *, *, #4486, .T. ) ;
#9134 = VECTOR ( 'NONE', #4299, 1000.000000000000000 ) ;
#9135 = EDGE_CURVE ( 'NONE', #6004, #3705, #7937, .T. ) ;
#9136 = CARTESIAN_POINT ( 'NONE',  ( -3.100000000000000533, 0.05000000000000000278, 1.414999999999999813 ) ) ;
#9137 = PLANE ( 'NONE',  #2972 ) ;
#9138 = ORIENTED_EDGE ( 'NONE', *, *, #6541, .T. ) ;
#9139 = DIRECTION ( 'NONE',  ( 1.000000000000000000, 0.000000000000000000, 0.000000000000000000 ) ) ;
#9140 = ADVANCED_FACE ( 'NONE', ( #4954 ), #5002, .F. ) ;
#9141 = VECTOR ( 'NONE', #8112, 1000.000000000000000 ) ;
#9142 = ADVANCED_FACE ( 'NONE', ( #6470 ), #1164, .F. ) ;
#9143 = CARTESIAN_POINT ( 'NONE',  ( -3.165000000000000480, 1.464999999999999858, -0.6149999999999989919 ) ) ;
#9144 = DIRECTION ( 'NONE',  ( 0.000000000000000000, -1.000000000000000000, 0.000000000000000000 ) ) ;
#9145 = LINE ( 'NONE', #9098, #4920 ) ;
#9146 = VERTEX_POINT ( 'NONE', #2619 ) ;
#9147 = DIRECTION ( 'NONE',  ( 0.000000000000000000, 0.000000000000000000, 1.000000000000000000 ) ) ;
#9148 = ORIENTED_EDGE ( 'NONE', *, *, #163, .F. ) ;
#9149 = DIRECTION ( 'NONE',  ( -0.000000000000000000, 1.000000000000000000, -0.000000000000000000 ) ) ;
#9150 = EDGE_LOOP ( 'NONE', ( #2616, #1467, #124, #728 ) ) ;
#9151 = ADVANCED_FACE ( 'NONE', ( #4270 ), #3528, .T. ) ;
#9152 = CARTESIAN_POINT ( 'NONE',  ( -2.000000000000000888, 0.05000000000000000278, 0.8000000000000003775 ) ) ;
#9153 = EDGE_CURVE ( 'NONE', #6371, #3763, #8656, .T. ) ;
#9154 = VECTOR ( 'NONE', #27, 1000.000000000000000 ) ;
#9155 = ORIENTED_EDGE ( 'NONE', *, *, #5035, .T. ) ;
#9156 = CARTESIAN_POINT ( 'NONE',  ( 1.249999999999999334, 0.05000000000000000278, 1.300000000000000266 ) ) ;
#9157 = EDGE_CURVE ( 'NONE', #4418, #3416, #8564, .T. ) ;
#9158 = CARTESIAN_POINT ( 'NONE',  ( 2.695000000000000284, 1.324999999999999956, -0.2249999999999997558 ) ) ;
#9159 = EDGE_CURVE ( 'NONE', #6677, #4776, #1648, .T. ) ;
#9160 = DIRECTION ( 'NONE',  ( 0.000000000000000000, 1.000000000000000000, 0.000000000000000000 ) ) ;
#9161 = DIRECTION ( 'NONE',  ( -0.000000000000000000, 0.000000000000000000, 1.000000000000000000 ) ) ;
#9162 = ORIENTED_EDGE ( 'NONE', *, *, #6250, .F. ) ;
#9163 =( LENGTH_UNIT ( ) NAMED_UNIT ( * ) SI_UNIT ( .MILLI., .METRE. ) );
#9164 = ORIENTED_EDGE ( 'NONE', *, *, #1076, .T. ) ;
#9165 = ORIENTED_EDGE ( 'NONE', *, *, #1312, .F. ) ;
#9166 = DIRECTION ( 'NONE',  ( 1.000000000000000000, 0.000000000000000000, 0.000000000000000000 ) ) ;
#9167 = LINE ( 'NONE', #1045, #2585 ) ;
#9168 = PRESENTATION_LAYER_ASSIGNMENT (  '', '', ( #9002 ) ) ;
#9169 = DIRECTION ( 'NONE',  ( 8.673617379884035472E-16, -0.000000000000000000, 1.000000000000000000 ) ) ;
#9170 = CARTESIAN_POINT ( 'NONE',  ( 1.885000000000000009, 1.464999999999999858, 1.479999999999999760 ) ) ;
#9171 = CARTESIAN_POINT ( 'NONE',  ( 2.500000000000021760, 0.05000000000000000278, -0.7999999999999994893 ) ) ;
#9172 = ORIENTED_EDGE ( 'NONE', *, *, #6296, .T. ) ;
#9173 = AXIS2_PLACEMENT_3D ( 'NONE', #5309, #981, #7516 ) ;
#9174 = VERTEX_POINT ( 'NONE', #530 ) ;
#9175 = DIRECTION ( 'NONE',  ( 0.000000000000000000, 0.000000000000000000, -1.000000000000000000 ) ) ;
#9176 = DIRECTION ( 'NONE',  ( 0.000000000000000000, 1.000000000000000000, 0.000000000000000000 ) ) ;
#9177 = CARTESIAN_POINT ( 'NONE',  ( -2.900000000000000355, 0.000000000000000000, -0.2499999999999997780 ) ) ;
#9178 = ORIENTED_EDGE ( 'NONE', *, *, #4671, .T. ) ;
#9179 = VECTOR ( 'NONE', #3936, 1000.000000000000000 ) ;
#9180 = CARTESIAN_POINT ( 'NONE',  ( 0.2499999999999993616, 0.05000000000000000278, 0.8000000000000003775 ) ) ;
#9181 = LINE ( 'NONE', #1638, #8466 ) ;
#9182 = FACE_OUTER_BOUND ( 'NONE', #1153, .T. ) ;
#9183 = ORIENTED_EDGE ( 'NONE', *, *, #4631, .T. ) ;
#9184 = CARTESIAN_POINT ( 'NONE',  ( 1.375000000000000000, 1.464999999999999858, 0.7099999999999992983 ) ) ;
#9185 = VECTOR ( 'NONE', #6883, 1000.000000000000000 ) ;
#9186 = VECTOR ( 'NONE', #2429, 1000.000000000000000 ) ;
#9187 = VERTEX_POINT ( 'NONE', #5048 ) ;
#9188 = FACE_OUTER_BOUND ( 'NONE', #3036, .T. ) ;
#9189 = ORIENTED_EDGE ( 'NONE', *, *, #9426, .F. ) ;
#9190 = VECTOR ( 'NONE', #9547, 1000.000000000000000 ) ;
#9191 = AXIS2_PLACEMENT_3D ( 'NONE', #7590, #772, #3685 ) ;
#9192 = FACE_BOUND ( 'NONE', #1273, .T. ) ;
#9193 = EDGE_CURVE ( 'NONE', #8860, #5328, #724, .T. ) ;
#9194 = DIRECTION ( 'NONE',  ( 0.000000000000000000, 1.000000000000000000, 0.000000000000000000 ) ) ;
#9195 = LINE ( 'NONE', #2533, #6767 ) ;
#9196 = LINE ( 'NONE', #8324, #1129 ) ;
#9197 = ORIENTED_EDGE ( 'NONE', *, *, #6351, .F. ) ;
#9198 = DIRECTION ( 'NONE',  ( 0.000000000000000000, 0.000000000000000000, 1.000000000000000000 ) ) ;
#9199 = ORIENTED_EDGE ( 'NONE', *, *, #883, .F. ) ;
#9200 = DIRECTION ( 'NONE',  ( 0.000000000000000000, 0.000000000000000000, 1.000000000000000000 ) ) ;
#9201 = ORIENTED_EDGE ( 'NONE', *, *, #8629, .F. ) ;
#9202 = VECTOR ( 'NONE', #5890, 1000.000000000000000 ) ;
#9203 = CYLINDRICAL_SURFACE ( 'NONE', #7174, 0.03500000000000009354 ) ;
#9204 = EDGE_CURVE ( 'NONE', #8402, #8214, #2320, .T. ) ;
#9205 = VECTOR ( 'NONE', #1306, 1000.000000000000000 ) ;
#9206 = VERTEX_POINT ( 'NONE', #1547 ) ;
#9207 = PLANE ( 'NONE',  #671 ) ;
#9208 = DIRECTION ( 'NONE',  ( -0.000000000000000000, 0.000000000000000000, -1.000000000000000000 ) ) ;
#9209 = CARTESIAN_POINT ( 'NONE',  ( -1.749999999999978462, 0.000000000000000000, -0.7999999999999997113 ) ) ;
#9210 = EDGE_CURVE ( 'NONE', #2742, #7785, #5140, .T. ) ;
#9211 = VECTOR ( 'NONE', #814, 1000.000000000000000 ) ;
#9212 = EDGE_CURVE ( 'NONE', #1423, #233, #4458, .T. ) ;
#9213 = ORIENTED_EDGE ( 'NONE', *, *, #2253, .T. ) ;
#9214 = ORIENTED_EDGE ( 'NONE', *, *, #8500, .T. ) ;
#9215 = EDGE_LOOP ( 'NONE', ( #557, #7549, #2381, #6687 ) ) ;
#9216 = EDGE_CURVE ( 'NONE', #7441, #113, #9089, .T. ) ;
#9217 = ADVANCED_FACE ( 'NONE', ( #7540 ), #5096, .T. ) ;
#9218 = CARTESIAN_POINT ( 'NONE',  ( 2.000000000000021760, 0.05000000000000000278, -0.7999999999999997113 ) ) ;
#9219 = FACE_OUTER_BOUND ( 'NONE', #8837, .T. ) ;
#9220 = CARTESIAN_POINT ( 'NONE',  ( -4.948858303441897900E-17, 1.464999999999999858, -1.414999999999999591 ) ) ;
#9221 = CARTESIAN_POINT ( 'NONE',  ( 1.249999999999999334, 0.05000000000000000278, -1.414999999999999813 ) ) ;
#9222 = ORIENTED_EDGE ( 'NONE', *, *, #4984, .T. ) ;
#9223 = ORIENTED_EDGE ( 'NONE', *, *, #7745, .F. ) ;
#9224 = DIRECTION ( 'NONE',  ( 0.000000000000000000, 0.000000000000000000, -1.000000000000000000 ) ) ;
#9225 = DIRECTION ( 'NONE',  ( 0.000000000000000000, 0.000000000000000000, 1.000000000000000000 ) ) ;
#9226 = ORIENTED_EDGE ( 'NONE', *, *, #6802, .F. ) ;
#9227 = ORIENTED_EDGE ( 'NONE', *, *, #766, .F. ) ;
#9228 = AXIS2_PLACEMENT_3D ( 'NONE', #5255, #7510, #3058 ) ;
#9229 = CARTESIAN_POINT ( 'NONE',  ( -1.814999999999999947, 1.464999999999999858, 1.450000000000000622 ) ) ;
#9230 = DIRECTION ( 'NONE',  ( 1.000000000000000000, 0.000000000000000000, 0.000000000000000000 ) ) ;
#9231 = ORIENTED_EDGE ( 'NONE', *, *, #7492, .F. ) ;
#9232 = CARTESIAN_POINT ( 'NONE',  ( 0.9999999999999995559, 0.05000000000000000278, -1.414999999999999369 ) ) ;
#9233 = ORIENTED_EDGE ( 'NONE', *, *, #7369, .F. ) ;
#9234 = PLANE ( 'NONE',  #3428 ) ;
#9235 = ORIENTED_EDGE ( 'NONE', *, *, #6776, .T. ) ;
#9236 = CARTESIAN_POINT ( 'NONE',  ( -1.750000000000000444, 0.05000000000000000278, 0.8000000000000003775 ) ) ;
#9237 = FACE_OUTER_BOUND ( 'NONE', #4055, .T. ) ;
#9238 = VECTOR ( 'NONE', #2272, 1000.000000000000000 ) ;
#9239 = VECTOR ( 'NONE', #1224, 1000.000000000000000 ) ;
#9240 = DIRECTION ( 'NONE',  ( 0.000000000000000000, 0.000000000000000000, 1.000000000000000000 ) ) ;
#9241 = PLANE ( 'NONE',  #3088 ) ;
#9242 = SURFACE_SIDE_STYLE ('',( #9056 ) ) ;
#9243 = PLANE ( 'NONE',  #7526 ) ;
#9244 = EDGE_LOOP ( 'NONE', ( #9365, #6602, #3639, #4032, #5787, #2052 ) ) ;
#9245 = FACE_OUTER_BOUND ( 'NONE', #8597, .T. ) ;
#9246 = FILL_AREA_STYLE ('',( #9383 ) ) ;
#9247 = EDGE_LOOP ( 'NONE', ( #1767, #761, #1549, #387 ) ) ;
#9248 = DIRECTION ( 'NONE',  ( -1.000000000000000000, 0.000000000000000000, 0.000000000000000000 ) ) ;
#9249 = CARTESIAN_POINT ( 'NONE',  ( -2.397500000000000409, 1.439999999999999947, -0.6949999999999993960 ) ) ;
#9250 = EDGE_CURVE ( 'NONE', #8549, #6339, #6150, .T. ) ;
#9251 = CARTESIAN_POINT ( 'NONE',  ( -3.102500000000000036, 1.439999999999999947, -1.434999999999999165 ) ) ;
#9252 = EDGE_LOOP ( 'NONE', ( #2284, #3402, #5310, #6407 ) ) ;
#9253 = AXIS2_PLACEMENT_3D ( 'NONE', #1401, #8253, #7350 ) ;
#9254 = ORIENTED_EDGE ( 'NONE', *, *, #585, .T. ) ;
#9255 = VERTEX_POINT ( 'NONE', #8081 ) ;
#9256 = LINE ( 'NONE', #3946, #3702 ) ;
#9257 = CARTESIAN_POINT ( 'NONE',  ( -2.500000000000000444, 0.000000000000000000, 0.8000000000000003775 ) ) ;
#9258 = ADVANCED_FACE ( 'NONE', ( #5982 ), #1405, .F. ) ;
#9259 = CARTESIAN_POINT ( 'NONE',  ( -1.885000000000000231, 1.464999999999999858, -1.479999999999999760 ) ) ;
#9260 = EDGE_CURVE ( 'NONE', #1971, #6441, #4360, .T. ) ;
#9261 = VECTOR ( 'NONE', #2927, 1000.000000000000000 ) ;
#9262 = AXIS2_PLACEMENT_3D ( 'NONE', #8200, #4529, #23 ) ;
#9263 = EDGE_CURVE ( 'NONE', #8891, #363, #812, .T. ) ;
#9264 = FACE_OUTER_BOUND ( 'NONE', #9244, .T. ) ;
#9265 = DIRECTION ( 'NONE',  ( -1.000000000000000000, -0.000000000000000000, -4.336808689942017736E-16 ) ) ;
#9266 = EDGE_CURVE ( 'NONE', #8335, #159, #5886, .T. ) ;
#9267 = CARTESIAN_POINT ( 'NONE',  ( 2.400000000000001243, 0.05000000000000000278, 0.2500000000000017208 ) ) ;
#9268 = ORIENTED_EDGE ( 'NONE', *, *, #4495, .F. ) ;
#9269 = LINE ( 'NONE', #4250, #6963 ) ;
#9270 = ORIENTED_EDGE ( 'NONE', *, *, #2007, .F. ) ;
#9271 = VECTOR ( 'NONE', #8743, 1000.000000000000000 ) ;
#9272 = ADVANCED_FACE ( 'NONE', ( #8847 ), #5243, .T. ) ;
#9273 = VECTOR ( 'NONE', #9015, 1000.000000000000000 ) ;
#9274 = ORIENTED_EDGE ( 'NONE', *, *, #5587, .F. ) ;
#9275 = EDGE_CURVE ( 'NONE', #2777, #4694, #8892, .T. ) ;
#9276 = VERTEX_POINT ( 'NONE', #5192 ) ;
#9277 = DIRECTION ( 'NONE',  ( -0.000000000000000000, -1.000000000000000000, 0.000000000000000000 ) ) ;
#9278 = AXIS2_PLACEMENT_3D ( 'NONE', #1192, #1964, #409 ) ;
#9279 = VERTEX_POINT ( 'NONE', #4499 ) ;
#9280 = DIRECTION ( 'NONE',  ( 0.000000000000000000, 0.000000000000000000, 1.000000000000000000 ) ) ;
#9281 = ORIENTED_EDGE ( 'NONE', *, *, #866, .T. ) ;
#9282 = LINE ( 'NONE', #5544, #1047 ) ;
#9283 = ORIENTED_EDGE ( 'NONE', *, *, #3478, .F. ) ;
#9284 = AXIS2_PLACEMENT_3D ( 'NONE', #1803, #7750, #1081 ) ;
#9285 = CARTESIAN_POINT ( 'NONE',  ( 1.750000000000021094, 0.05000000000000000278, -0.7999999999999994893 ) ) ;
#9286 = LINE ( 'NONE', #385, #1492 ) ;
#9287 = MECHANICAL_DESIGN_GEOMETRIC_PRESENTATION_REPRESENTATION (  '', ( #8824 ), #4002 ) ;
#9288 = ORIENTED_EDGE ( 'NONE', *, *, #9250, .F. ) ;
#9289 = ORIENTED_EDGE ( 'NONE', *, *, #1135, .T. ) ;
#9290 = LINE ( 'NONE', #1943, #4664 ) ;
#9291 = DIRECTION ( 'NONE',  ( 1.000000000000000000, 0.000000000000000000, 0.000000000000000000 ) ) ;
#9292 = VECTOR ( 'NONE', #7484, 1000.000000000000000 ) ;
#9293 = CARTESIAN_POINT ( 'NONE',  ( -2.400000000000000355, 0.05000000000000000278, 0.2500000000000002220 ) ) ;
#9294 = CARTESIAN_POINT ( 'NONE',  ( 3.200000000000000178, 1.464999999999999858, -1.439999999999999947 ) ) ;
#9295 = FACE_OUTER_BOUND ( 'NONE', #2581, .T. ) ;
#9296 = ORIENTED_EDGE ( 'NONE', *, *, #5583, .T. ) ;
#9297 = AXIS2_PLACEMENT_3D ( 'NONE', #2159, #1394, #4532 ) ;
#9298 = DIRECTION ( 'NONE',  ( 0.000000000000000000, 1.000000000000000000, 0.000000000000000000 ) ) ;
#9299 = ORIENTED_EDGE ( 'NONE', *, *, #3663, .T. ) ;
#9300 = EDGE_LOOP ( 'NONE', ( #8221, #63, #5992, #5174 ) ) ;
#9301 = DIRECTION ( 'NONE',  ( 0.000000000000000000, -1.000000000000000000, 0.000000000000000000 ) ) ;
#9302 = CARTESIAN_POINT ( 'NONE',  ( -2.299999999999999822, 0.000000000000000000, -0.6999999999999995115 ) ) ;
#9303 = LINE ( 'NONE', #1191, #5903 ) ;
#9304 = DIRECTION ( 'NONE',  ( 0.000000000000000000, 0.000000000000000000, -1.000000000000000000 ) ) ;
#9305 = EDGE_CURVE ( 'NONE', #5420, #2526, #7490, .T. ) ;
#9306 = CARTESIAN_POINT ( 'NONE',  ( -1.249999999999978906, 0.05000000000000000278, -1.299999999999999600 ) ) ;
#9307 = EDGE_LOOP ( 'NONE', ( #8072, #3515, #4010, #2676 ) ) ;
#9308 = ORIENTED_EDGE ( 'NONE', *, *, #6315, .F. ) ;
#9309 = COLOUR_RGB ( '',0.2509803921568627416, 0.2509803921568627416, 0.2509803921568627416 ) ;
#9310 = CARTESIAN_POINT ( 'NONE',  ( -0.5000000000000004441, 0.05000000000000000278, 1.300000000000000266 ) ) ;
#9311 = VERTEX_POINT ( 'NONE', #6027 ) ;
#9312 = EDGE_CURVE ( 'NONE', #4471, #2511, #1593, .T. ) ;
#9313 = ORIENTED_EDGE ( 'NONE', *, *, #9038, .F. ) ;
#9314 = DIRECTION ( 'NONE',  ( 8.673617379884035472E-16, -0.000000000000000000, 1.000000000000000000 ) ) ;
#9315 = CARTESIAN_POINT ( 'NONE',  ( 1.849999999999999867, 1.464999999999999858, -1.514999999999999902 ) ) ;
#9316 = EDGE_CURVE ( 'NONE', #3860, #5480, #6398, .T. ) ;
#9317 = CARTESIAN_POINT ( 'NONE',  ( 1.849999999999999867, 0.2000000000000000944, 0.000000000000000000 ) ) ;
#9318 = EDGE_CURVE ( 'NONE', #8519, #3012, #3920, .T. ) ;
#9319 = CYLINDRICAL_SURFACE ( 'NONE', #2751, 0.07499999999999998335 ) ;
#9320 = VERTEX_POINT ( 'NONE', #1960 ) ;
#9321 = DIRECTION ( 'NONE',  ( 0.000000000000000000, 0.000000000000000000, -1.000000000000000000 ) ) ;
#9322 = ORIENTED_EDGE ( 'NONE', *, *, #8559, .F. ) ;
#9323 = LINE ( 'NONE', #5636, #3189 ) ;
#9324 = CARTESIAN_POINT ( 'NONE',  ( -1.999999999999979128, 0.000000000000000000, -1.299999999999999600 ) ) ;
#9325 = EDGE_CURVE ( 'NONE', #5480, #2513, #272, .T. ) ;
#9326 = ORIENTED_EDGE ( 'NONE', *, *, #8740, .T. ) ;
#9327 = CARTESIAN_POINT ( 'NONE',  ( 0.000000000000000000, 0.05000000000000000278, 0.000000000000000000 ) ) ;
#9328 = CARTESIAN_POINT ( 'NONE',  ( -1.814999999999999947, 1.464999999999999858, 1.380000000000000115 ) ) ;
#9329 = LINE ( 'NONE', #6336, #2105 ) ;
#9331 = AXIS2_PLACEMENT_3D ( 'NONE', #7570, #6838, #8437 ) ;
#9330 = CARTESIAN_POINT ( 'NONE',  ( -3.137500000000000178, 1.439999999999999947, -0.6949999999999993960 ) ) ;
#9332 = PRESENTATION_LAYER_ASSIGNMENT (  '', '', ( #6864 ) ) ;
#9333 = AXIS2_PLACEMENT_3D ( 'NONE', #8430, #1807, #1756 ) ;
#9334 = FILL_AREA_STYLE ('',( #5647 ) ) ;
#9335 = ORIENTED_EDGE ( 'NONE', *, *, #7553, .T. ) ;
#9336 = CARTESIAN_POINT ( 'NONE',  ( -2.500000000000000444, 0.05000000000000000278, 0.8000000000000003775 ) ) ;
#9337 = DIRECTION ( 'NONE',  ( 0.000000000000000000, 0.000000000000000000, 1.000000000000000000 ) ) ;
#9338 = VECTOR ( 'NONE', #6163, 1000.000000000000000 ) ;
#9339 = VECTOR ( 'NONE', #627, 1000.000000000000000 ) ;
#9340 = CARTESIAN_POINT ( 'NONE',  ( -3.100000000000000533, 0.1600000000000004197, 1.414999999999999813 ) ) ;
#9341 = LINE ( 'NONE', #5658, #7366 ) ;
#9342 = AXIS2_PLACEMENT_3D ( 'NONE', #75, #8926, #28 ) ;
#9343 = ORIENTED_EDGE ( 'NONE', *, *, #6776, .F. ) ;
#9344 = DIRECTION ( 'NONE',  ( 0.000000000000000000, -1.000000000000000000, 0.000000000000000000 ) ) ;
#9345 = ORIENTED_EDGE ( 'NONE', *, *, #3079, .F. ) ;
#9346 = DIRECTION ( 'NONE',  ( 0.000000000000000000, 0.000000000000000000, 1.000000000000000000 ) ) ;
#9347 = DIRECTION ( 'NONE',  ( -0.000000000000000000, -1.000000000000000000, 0.000000000000000000 ) ) ;
#9348 = CARTESIAN_POINT ( 'NONE',  ( -2.499999999999978684, 0.05000000000000000278, -1.299999999999999600 ) ) ;
#9349 = VECTOR ( 'NONE', #836, 1000.000000000000000 ) ;
#9350 = DIRECTION ( 'NONE',  ( 0.9396926207859082059, -0.3420201433256694901, 0.000000000000000000 ) ) ;
#9351 = CARTESIAN_POINT ( 'NONE',  ( 0.9999999999999995559, 0.05000000000000000278, 1.300000000000000266 ) ) ;
#9352 = CARTESIAN_POINT ( 'NONE',  ( -0.9999999999999785727, 0.05000000000000000278, -1.299999999999999600 ) ) ;
#9353 = ORIENTED_EDGE ( 'NONE', *, *, #2669, .F. ) ;
#9354 = VERTEX_POINT ( 'NONE', #9039 ) ;
#9355 = CARTESIAN_POINT ( 'NONE',  ( -2.499999999999978684, 0.000000000000000000, -1.414999999999999369 ) ) ;
#9356 = LINE ( 'NONE', #2697, #3969 ) ;
#9357 = VERTEX_POINT ( 'NONE', #226 ) ;
#9358 = ORIENTED_EDGE ( 'NONE', *, *, #4557, .T. ) ;
#9359 = VECTOR ( 'NONE', #6299, 1000.000000000000000 ) ;
#9360 = VECTOR ( 'NONE', #3836, 1000.000000000000000 ) ;
#9361 = CARTESIAN_POINT ( 'NONE',  ( -0.2499999999999785449, 0.05000000000000000278, -0.7999999999999997113 ) ) ;
#9362 = LINE ( 'NONE', #517, #100 ) ;
#9363 = EDGE_CURVE ( 'NONE', #7033, #2471, #6814, .T. ) ;
#9364 = ORIENTED_EDGE ( 'NONE', *, *, #4611, .F. ) ;
#9365 = ORIENTED_EDGE ( 'NONE', *, *, #6951, .T. ) ;
#9366 = CARTESIAN_POINT ( 'NONE',  ( 2.620000000000000551, 1.350000000000000089, -0.2250000000000002554 ) ) ;
#9367 = EDGE_LOOP ( 'NONE', ( #2326, #7401, #7703, #2749, #9011, #6808, #6240, #2334, #5468, #5185, #3154, #6928, #5921, #6822, #5411, #3615, #3261, #6442, #8562, #9372, #8731, #3400, #4891, #9223, #2989, #398, #1752, #303, #1286, #8698, #5829, #4162, #830, #8652, #8274, #5430, #412, #7262, #3696, #5302, #5334, #3200, #4253, #3514, #8488, #6768, #7488, #1754, #6147, #8424, #3713, #8872, #6559, #7778, #7031, #5561, #6219, #4342, #5518, #302, #4712, #7061 ) ) ;
#9368 = VECTOR ( 'NONE', #3693, 1000.000000000000000 ) ;
#9369 = DIRECTION ( 'NONE',  ( -0.000000000000000000, -1.000000000000000000, -0.000000000000000000 ) ) ;
#9370 = CARTESIAN_POINT ( 'NONE',  ( 0.4999999999999995559, 0.05000000000000000278, 1.300000000000000266 ) ) ;
#9371 = VECTOR ( 'NONE', #9386, 1000.000000000000000 ) ;
#9372 = ORIENTED_EDGE ( 'NONE', *, *, #2106, .F. ) ;
#9373 = EDGE_CURVE ( 'NONE', #932, #849, #3191, .T. ) ;
#9374 = EDGE_CURVE ( 'NONE', #2091, #5420, #8410, .T. ) ;
#9375 = PLANE ( 'NONE',  #7959 ) ;
#9376 = DIRECTION ( 'NONE',  ( 0.000000000000000000, -1.000000000000000000, 0.000000000000000000 ) ) ;
#9377 = FACE_OUTER_BOUND ( 'NONE', #9307, .T. ) ;
#9378 = EDGE_CURVE ( 'NONE', #6615, #5783, #8309, .T. ) ;
#9379 = EDGE_CURVE ( 'NONE', #6673, #8121, #1011, .T. ) ;
#9380 = PLANE ( 'NONE',  #7998 ) ;
#9381 = ORIENTED_EDGE ( 'NONE', *, *, #4092, .F. ) ;
#9382 = DIRECTION ( 'NONE',  ( 0.1993679344171940537, -0.9799247046208302558, 0.000000000000000000 ) ) ;
#9383 = FILL_AREA_STYLE_COLOUR ( '', #4187 ) ;
#9384 = EDGE_CURVE ( 'NONE', #4426, #5737, #9181, .T. ) ;
#9385 = AXIS2_PLACEMENT_3D ( 'NONE', #2902, #5139, #8033 ) ;
#9386 = DIRECTION ( 'NONE',  ( -1.000000000000000000, 0.000000000000000000, -7.228014483236187740E-16 ) ) ;
#9387 = DIRECTION ( 'NONE',  ( 0.000000000000000000, -1.000000000000000000, 0.000000000000000000 ) ) ;
#9388 = EDGE_CURVE ( 'NONE', #1867, #2448, #3965, .T. ) ;
#9389 = DIRECTION ( 'NONE',  ( -4.336808689942017736E-16, 0.000000000000000000, 1.000000000000000000 ) ) ;
#9390 = ORIENTED_EDGE ( 'NONE', *, *, #816, .T. ) ;
#9391 = CARTESIAN_POINT ( 'NONE',  ( -2.362499999999999378, 1.439999999999999947, -0.6949999999999993960 ) ) ;
#9392 = ORIENTED_EDGE ( 'NONE', *, *, #2007, .T. ) ;
#9393 = VECTOR ( 'NONE', #8711, 1000.000000000000000 ) ;
#9394 = ORIENTED_EDGE ( 'NONE', *, *, #9316, .F. ) ;
#9395 = DIRECTION ( 'NONE',  ( 0.000000000000000000, 0.000000000000000000, 1.000000000000000000 ) ) ;
#9396 = FILL_AREA_STYLE_COLOUR ( '', #1564 ) ;
#9397 = CARTESIAN_POINT ( 'NONE',  ( 1.375000000000000000, 1.500000000000000000, -0.5100000000000000089 ) ) ;
#9398 = VECTOR ( 'NONE', #3513, 1000.000000000000000 ) ;
#9399 = DIRECTION ( 'NONE',  ( 0.000000000000000000, 0.000000000000000000, -1.000000000000000000 ) ) ;
#9400 = DIRECTION ( 'NONE',  ( 0.000000000000000000, 0.000000000000000000, -1.000000000000000000 ) ) ;
#9401 = EDGE_LOOP ( 'NONE', ( #1443, #492, #3429, #3816 ) ) ;
#9402 = FACE_OUTER_BOUND ( 'NONE', #4659, .T. ) ;
#9403 = VERTEX_POINT ( 'NONE', #3243 ) ;
#9404 = CARTESIAN_POINT ( 'NONE',  ( -0.6050000000000004263, 1.464999999999999636, 0.6499999999999996891 ) ) ;
#9405 = DIRECTION ( 'NONE',  ( 0.000000000000000000, -1.000000000000000000, 0.000000000000000000 ) ) ;
#9406 = ORIENTED_EDGE ( 'NONE', *, *, #1646, .F. ) ;
#9407 = AXIS2_PLACEMENT_3D ( 'NONE', #3752, #5269, #6606 ) ;
#9408 = FACE_OUTER_BOUND ( 'NONE', #1562, .T. ) ;
#9409 = ORIENTED_EDGE ( 'NONE', *, *, #2554, .T. ) ;
#9410 = VECTOR ( 'NONE', #6613, 1000.000000000000000 ) ;
#9411 = ORIENTED_EDGE ( 'NONE', *, *, #7194, .T. ) ;
#9412 = AXIS2_PLACEMENT_3D ( 'NONE', #2144, #7503, #6496 ) ;
#9413 = DIRECTION ( 'NONE',  ( 0.000000000000000000, 1.000000000000000000, 0.000000000000000000 ) ) ;
#9414 = ORIENTED_EDGE ( 'NONE', *, *, #7491, .F. ) ;
#9415 = CARTESIAN_POINT ( 'NONE',  ( 3.165000000000000480, 1.464999999999999858, -1.479999999999999760 ) ) ;
#9416 = LINE ( 'NONE', #482, #7340 ) ;
#9417 = EDGE_LOOP ( 'NONE', ( #5454, #1094, #4424, #3821 ) ) ;
#9418 = EDGE_CURVE ( 'NONE', #2513, #2753, #8592, .T. ) ;
#9419 = DIRECTION ( 'NONE',  ( 0.000000000000000000, 1.000000000000000000, 0.000000000000000000 ) ) ;
#9420 = AXIS2_PLACEMENT_3D ( 'NONE', #3239, #4739, #5532 ) ;
#9421 = LINE ( 'NONE', #5740, #6801 ) ;
#9422 = EDGE_CURVE ( 'NONE', #2848, #1083, #7594, .T. ) ;
#9423 = VERTEX_POINT ( 'NONE', #1189 ) ;
#9424 = AXIS2_PLACEMENT_3D ( 'NONE', #3533, #6524, #8804 ) ;
#9425 = CARTESIAN_POINT ( 'NONE',  ( -1.250000000000000444, 0.05000000000000000278, -1.414999999999999369 ) ) ;
#9426 = EDGE_CURVE ( 'NONE', #3412, #2234, #3633, .T. ) ;
#9427 = EDGE_CURVE ( 'NONE', #6926, #67, #910, .T. ) ;
#9428 = DIRECTION ( 'NONE',  ( -0.000000000000000000, -1.000000000000000000, 0.000000000000000000 ) ) ;
#9429 = LINE ( 'NONE', #8137, #4364 ) ;
#9430 = ADVANCED_FACE ( 'NONE', ( #3145 ), #3812, .F. ) ;
#9431 = DIRECTION ( 'NONE',  ( 0.000000000000000000, 0.000000000000000000, -1.000000000000000000 ) ) ;
#9432 = EDGE_CURVE ( 'NONE', #2790, #2994, #2422, .T. ) ;
#9433 = ORIENTED_EDGE ( 'NONE', *, *, #9250, .T. ) ;
#9434 = LINE ( 'NONE', #5606, #5720 ) ;
#9435 = ORIENTED_EDGE ( 'NONE', *, *, #2900, .F. ) ;
#9436 = ORIENTED_EDGE ( 'NONE', *, *, #7237, .F. ) ;
#9437 = CARTESIAN_POINT ( 'NONE',  ( -0.2499999999999785449, 0.05000000000000000278, -0.7999999999999997113 ) ) ;
#9438 = LINE ( 'NONE', #2829, #417 ) ;
#9439 = VECTOR ( 'NONE', #2539, 1000.000000000000000 ) ;
#9440 = ADVANCED_FACE ( 'NONE', ( #1690 ), #4643, .T. ) ;
#9441 = CARTESIAN_POINT ( 'NONE',  ( -2.397499999999999520, 1.464999999999999858, -0.6599999999999995870 ) ) ;
#9442 = DIRECTION ( 'NONE',  ( -0.000000000000000000, -0.000000000000000000, -1.000000000000000000 ) ) ;
#9443 = CARTESIAN_POINT ( 'NONE',  ( 1.885000000000000009, 0.2000000000000000944, -1.479999999999999760 ) ) ;
#9444 = VECTOR ( 'NONE', #2355, 1000.000000000000000 ) ;
#9445 = CARTESIAN_POINT ( 'NONE',  ( 1.949999999999999956, -6.815342984766064482, -1.414999999999999813 ) ) ;
#9446 = ORIENTED_EDGE ( 'NONE', *, *, #7142, .F. ) ;
#9447 = EDGE_LOOP ( 'NONE', ( #4288, #4331, #3545, #1816, #4216, #274, #9571, #684 ) ) ;
#9448 = CARTESIAN_POINT ( 'NONE',  ( 0.9999999999999995559, 0.000000000000000000, 1.414999999999999813 ) ) ;
#9449 = ORIENTED_EDGE ( 'NONE', *, *, #8665, .F. ) ;
#9450 = ORIENTED_EDGE ( 'NONE', *, *, #2722, .T. ) ;
#9451 = VECTOR ( 'NONE', #598, 1000.000000000000000 ) ;
#9452 = LINE ( 'NONE', #9315, #8219 ) ;
#9453 = CARTESIAN_POINT ( 'NONE',  ( -3.100000000000000533, -6.815342984766064482, 1.414999999999999813 ) ) ;
#9454 = FACE_OUTER_BOUND ( 'NONE', #3692, .T. ) ;
#9455 = ORIENTED_EDGE ( 'NONE', *, *, #2494, .T. ) ;
#9456 = ORIENTED_EDGE ( 'NONE', *, *, #2179, .F. ) ;
#9457 = LINE ( 'NONE', #5131, #1106 ) ;
#9458 = ORIENTED_EDGE ( 'NONE', *, *, #64, .T. ) ;
#9459 = CARTESIAN_POINT ( 'NONE',  ( -3.165000000000000480, 1.464999999999999858, -0.6149999999999989919 ) ) ;
#9460 = VERTEX_POINT ( 'NONE', #6543 ) ;
#9461 = DIRECTION ( 'NONE',  ( -1.000000000000000000, -0.000000000000000000, -4.336808689942017736E-16 ) ) ;
#9462 = CARTESIAN_POINT ( 'NONE',  ( -1.000000000000000444, 0.000000000000000000, 1.300000000000000266 ) ) ;
#9463 = DIRECTION ( 'NONE',  ( 0.000000000000000000, 0.000000000000000000, 1.000000000000000000 ) ) ;
#9464 = DIRECTION ( 'NONE',  ( -1.000000000000000000, -0.000000000000000000, -4.336808689942017736E-16 ) ) ;
#9465 = DIRECTION ( 'NONE',  ( 0.000000000000000000, 0.000000000000000000, -1.000000000000000000 ) ) ;
#9466 = DIRECTION ( 'NONE',  ( 0.000000000000000000, 0.000000000000000000, -1.000000000000000000 ) ) ;
#9467 = ORIENTED_EDGE ( 'NONE', *, *, #7266, .T. ) ;
#9468 = CARTESIAN_POINT ( 'NONE',  ( -2.499999999999978684, 0.000000000000000000, -0.7999999999999997113 ) ) ;
#9469 = DIRECTION ( 'NONE',  ( 0.000000000000000000, 0.000000000000000000, -1.000000000000000000 ) ) ;
#9470 = EDGE_CURVE ( 'NONE', #4114, #7334, #7277, .T. ) ;
#9471 = VECTOR ( 'NONE', #1399, 1000.000000000000000 ) ;
#9472 = VECTOR ( 'NONE', #8761, 1000.000000000000000 ) ;
#9473 = DIRECTION ( 'NONE',  ( 0.000000000000000000, -1.000000000000000000, 0.000000000000000000 ) ) ;
#9474 = VERTEX_POINT ( 'NONE', #9441 ) ;
#9475 = DIRECTION ( 'NONE',  ( 0.000000000000000000, 0.000000000000000000, 1.000000000000000000 ) ) ;
#9476 = ADVANCED_FACE ( 'NONE', ( #6444 ), #9584, .T. ) ;
#9477 = VERTEX_POINT ( 'NONE', #5907 ) ;
#9478 = DIRECTION ( 'NONE',  ( 0.000000000000000000, -1.000000000000000000, 0.000000000000000000 ) ) ;
#9479 = ORIENTED_EDGE ( 'NONE', *, *, #4805, .F. ) ;
#9480 = AXIS2_PLACEMENT_3D ( 'NONE', #2095, #5811, #5962 ) ;
#9481 = ORIENTED_EDGE ( 'NONE', *, *, #816, .F. ) ;
#9482 = FACE_OUTER_BOUND ( 'NONE', #7869, .T. ) ;
#9483 = VECTOR ( 'NONE', #3388, 1000.000000000000000 ) ;
#9484 = ADVANCED_FACE ( 'NONE', ( #8820 ), #3648, .T. ) ;
#9485 = EDGE_CURVE ( 'NONE', #3383, #2643, #2874, .T. ) ;
#9486 = DIRECTION ( 'NONE',  ( 0.000000000000000000, 1.000000000000000000, -0.000000000000000000 ) ) ;
#9487 = VECTOR ( 'NONE', #4191, 1000.000000000000000 ) ;
#9488 = COLOUR_RGB ( '',1.000000000000000000, 0.8117647058823529438, 0.5019607843137254832 ) ;
#9489 = CARTESIAN_POINT ( 'NONE',  ( 1.945000000000000062, 1.350000000000000089, 0.4249999999999992673 ) ) ;
#9490 = DIRECTION ( 'NONE',  ( 8.673617379884035472E-16, -0.000000000000000000, 1.000000000000000000 ) ) ;
#9491 = EDGE_CURVE ( 'NONE', #3705, #9078, #2147, .T. ) ;
#9492 = ORIENTED_EDGE ( 'NONE', *, *, #9073, .F. ) ;
#9493 = EDGE_CURVE ( 'NONE', #5137, #3763, #9531, .T. ) ;
#9494 = ORIENTED_EDGE ( 'NONE', *, *, #8043, .F. ) ;
#9495 = LINE ( 'NONE', #1339, #9134 ) ;
#9496 = VECTOR ( 'NONE', #827, 1000.000000000000000 ) ;
#9497 = ORIENTED_EDGE ( 'NONE', *, *, #2722, .F. ) ;
#9498 = VERTEX_POINT ( 'NONE', #2047 ) ;
#9499 = VECTOR ( 'NONE', #4406, 1000.000000000000000 ) ;
#9500 = FACE_OUTER_BOUND ( 'NONE', #6165, .T. ) ;
#9501 = DIRECTION ( 'NONE',  ( -1.000000000000000000, -0.000000000000000000, -4.336808689942017736E-16 ) ) ;
#9502 = VERTEX_POINT ( 'NONE', #5861 ) ;
#9503 = ADVANCED_FACE ( 'NONE', ( #2922 ), #8865, .F. ) ;
#9504 = ORIENTED_EDGE ( 'NONE', *, *, #4133, .T. ) ;
#9505 = DIRECTION ( 'NONE',  ( 1.000000000000000000, 0.000000000000000000, 0.000000000000000000 ) ) ;
#9506 = CARTESIAN_POINT ( 'NONE',  ( -2.299999999999999822, 0.05000000000000000278, -0.6999999999999995115 ) ) ;
#9507 = ORIENTED_EDGE ( 'NONE', *, *, #7550, .F. ) ;
#9508 = ORIENTED_EDGE ( 'NONE', *, *, #8319, .T. ) ;
#9509 = VECTOR ( 'NONE', #8248, 1000.000000000000000 ) ;
#9510 = LINE ( 'NONE', #2853, #8924 ) ;
#9511 = CARTESIAN_POINT ( 'NONE',  ( 1.250000000000021094, 0.05000000000000000278, -0.7999999999999997113 ) ) ;
#9512 = CARTESIAN_POINT ( 'NONE',  ( -1.999999999999978684, 0.05000000000000000278, -0.7999999999999994893 ) ) ;
#9513 = FACE_OUTER_BOUND ( 'NONE', #8843, .T. ) ;
#9514 = DIRECTION ( 'NONE',  ( -4.336808689942017736E-16, 0.000000000000000000, 1.000000000000000000 ) ) ;
#9515 = AXIS2_PLACEMENT_3D ( 'NONE', #9340, #4126, #7121 ) ;
#9516 = ORIENTED_EDGE ( 'NONE', *, *, #7893, .T. ) ;
#9517 = DIRECTION ( 'NONE',  ( 0.000000000000000000, 0.000000000000000000, 1.000000000000000000 ) ) ;
#9518 = ORIENTED_EDGE ( 'NONE', *, *, #2831, .T. ) ;
#9519 = CARTESIAN_POINT ( 'NONE',  ( 0.000000000000000000, 0.000000000000000000, 0.000000000000000000 ) ) ;
#9520 = DIRECTION ( 'NONE',  ( -0.000000000000000000, 0.000000000000000000, 1.000000000000000000 ) ) ;
#9521 = ORIENTED_EDGE ( 'NONE', *, *, #934, .F. ) ;
#9522 = DIRECTION ( 'NONE',  ( -0.000000000000000000, 1.000000000000000000, -0.000000000000000000 ) ) ;
#9523 = VERTEX_POINT ( 'NONE', #7909 ) ;
#9524 = ORIENTED_EDGE ( 'NONE', *, *, #6846, .T. ) ;
#9525 = EDGE_CURVE ( 'NONE', #4552, #8141, #5170, .T. ) ;
#9526 = CARTESIAN_POINT ( 'NONE',  ( -3.102500000000000036, 1.464999999999999858, -1.399999999999999245 ) ) ;
#9527 = CARTESIAN_POINT ( 'NONE',  ( 0.4999999999999995559, 0.05000000000000000278, 1.300000000000000266 ) ) ;
#9528 = VECTOR ( 'NONE', #5488, 1000.000000000000000 ) ;
#9529 = DIRECTION ( 'NONE',  ( 0.000000000000000000, 0.000000000000000000, 1.000000000000000000 ) ) ;
#9530 = ADVANCED_FACE ( 'NONE', ( #8336 ), #4621, .T. ) ;
#9531 = LINE ( 'NONE', #8057, #3474 ) ;
#9532 = DIRECTION ( 'NONE',  ( -0.000000000000000000, 0.000000000000000000, 1.000000000000000000 ) ) ;
#9533 = VECTOR ( 'NONE', #9400, 1000.000000000000000 ) ;
#9534 = FILL_AREA_STYLE ('',( #8423 ) ) ;
#9535 = AXIS2_PLACEMENT_3D ( 'NONE', #349, #1090, #8581 ) ;
#9536 = ORIENTED_EDGE ( 'NONE', *, *, #8910, .F. ) ;
#9537 = DIRECTION ( 'NONE',  ( -0.000000000000000000, 1.000000000000000000, -0.000000000000000000 ) ) ;
#9538 = ORIENTED_EDGE ( 'NONE', *, *, #1599, .T. ) ;
#9539 = ADVANCED_FACE ( 'NONE', ( #8232 ), #3888, .F. ) ;
#9540 = EDGE_CURVE ( 'NONE', #3182, #8132, #9008, .T. ) ;
#9541 = CARTESIAN_POINT ( 'NONE',  ( 2.000000000000000000, 0.05000000000000000278, 1.300000000000000266 ) ) ;
#9542 = LINE ( 'NONE', #8922, #4589 ) ;
#9543 = VERTEX_POINT ( 'NONE', #6882 ) ;
#9544 = ADVANCED_FACE ( 'NONE', ( #885 ), #8148, .F. ) ;
#9545 = ADVANCED_FACE ( 'NONE', ( #7025 ), #1857, .F. ) ;
#9546 = DIRECTION ( 'NONE',  ( 0.000000000000000000, 0.000000000000000000, -1.000000000000000000 ) ) ;
#9547 = DIRECTION ( 'NONE',  ( -0.000000000000000000, 1.000000000000000000, -0.000000000000000000 ) ) ;
#9548 = CARTESIAN_POINT ( 'NONE',  ( -1.750000000000000444, 0.05000000000000000278, 1.300000000000000266 ) ) ;
#9549 = DIRECTION ( 'NONE',  ( 8.673617379884035472E-16, -0.000000000000000000, 1.000000000000000000 ) ) ;
#9550 = ORIENTED_EDGE ( 'NONE', *, *, #6840, .T. ) ;
#9551 = EDGE_LOOP ( 'NONE', ( #4249, #3442, #4875, #4909 ) ) ;
#9552 = EDGE_CURVE ( 'NONE', #8900, #7810, #1906, .T. ) ;
#9553 = LINE ( 'NONE', #2896, #3574 ) ;
#9554 = ADVANCED_FACE ( 'NONE', ( #4128 ), #3995, .F. ) ;
#9555 = ORIENTED_EDGE ( 'NONE', *, *, #8508, .F. ) ;
#9556 = AXIS2_PLACEMENT_3D ( 'NONE', #5031, #7143, #656 ) ;
#9557 = PLANE ( 'NONE',  #6786 ) ;
#9558 = DIRECTION ( 'NONE',  ( 0.000000000000000000, 0.000000000000000000, 1.000000000000000000 ) ) ;
#9559 = ORIENTED_EDGE ( 'NONE', *, *, #1178, .T. ) ;
#9560 = LINE ( 'NONE', #2217, #3472 ) ;
#9561 = ADVANCED_FACE ( 'NONE', ( #7665 ), #3940, .T. ) ;
#9562 = DIRECTION ( 'NONE',  ( 0.000000000000000000, 0.000000000000000000, 1.000000000000000000 ) ) ;
#9563 = VECTOR ( 'NONE', #3580, 1000.000000000000000 ) ;
#9564 = VECTOR ( 'NONE', #6655, 1000.000000000000000 ) ;
#9565 = LINE ( 'NONE', #8084, #251 ) ;
#9566 = FACE_OUTER_BOUND ( 'NONE', #2288, .T. ) ;
#9567 = DIRECTION ( 'NONE',  ( -0.000000000000000000, -1.000000000000000000, -0.000000000000000000 ) ) ;
#9568 = CARTESIAN_POINT ( 'NONE',  ( 3.100000000000000533, 0.1600000000000004197, -1.414999999999999813 ) ) ;
#9569 = ORIENTED_EDGE ( 'NONE', *, *, #7550, .T. ) ;
#9570 = LINE ( 'NONE', #3004, #5777 ) ;
#9571 = ORIENTED_EDGE ( 'NONE', *, *, #1669, .T. ) ;
#9572 = CIRCLE ( 'NONE', #2439, 0.07499999999999998335 ) ;
#9573 = VECTOR ( 'NONE', #9277, 1000.000000000000000 ) ;
#9574 = CARTESIAN_POINT ( 'NONE',  ( 0.000000000000000000, 0.05000000000000000278, 0.000000000000000000 ) ) ;
#9575 = AXIS2_PLACEMENT_3D ( 'NONE', #6476, #2765, #5008 ) ;
#9576 = EDGE_LOOP ( 'NONE', ( #4942, #199, #3549, #1210 ) ) ;
#9577 = DIRECTION ( 'NONE',  ( -0.000000000000000000, 1.000000000000000000, -0.000000000000000000 ) ) ;
#9578 = ORIENTED_EDGE ( 'NONE', *, *, #815, .T. ) ;
#9579 = DIRECTION ( 'NONE',  ( 1.000000000000000000, 0.000000000000000000, 0.000000000000000000 ) ) ;
#9580 = VERTEX_POINT ( 'NONE', #9158 ) ;
#9581 = CARTESIAN_POINT ( 'NONE',  ( 2.695000000000000284, 1.324999999999999956, 0.4249999999999998224 ) ) ;
#9582 = VECTOR ( 'NONE', #6134, 1000.000000000000000 ) ;
#9583 = CARTESIAN_POINT ( 'NONE',  ( -1.462500000000000133, 1.500000000000000000, 0.3425000000000001932 ) ) ;
#9584 = PLANE ( 'NONE',  #7393 ) ;
#9585 = ORIENTED_EDGE ( 'NONE', *, *, #1292, .F. ) ;
#9586 = VECTOR ( 'NONE', #1284, 1000.000000000000000 ) ;
#9587 = FILL_AREA_STYLE_COLOUR ( '', #8206 ) ;
#9588 = VERTEX_POINT ( 'NONE', #3315 ) ;
#9589 = FACE_OUTER_BOUND ( 'NONE', #8829, .T. ) ;
#9590 = VERTEX_POINT ( 'NONE', #4770 ) ;
#9591 = LINE ( 'NONE', #1576, #7332 ) ;
#9592 = VECTOR ( 'NONE', #6738, 1000.000000000000000 ) ;
#9593 = ADVANCED_FACE ( 'NONE', ( #8436 ), #6297, .F. ) ;
#9594 = CARTESIAN_POINT ( 'NONE',  ( 0.8720160946642466770, 1.449999999999999734, -0.4500000000000003997 ) ) ;
#9595 = PLANE ( 'NONE',  #9342 ) ;
#9596 = DIRECTION ( 'NONE',  ( 0.000000000000000000, -1.000000000000000000, 0.000000000000000000 ) ) ;
#9597 = LINE ( 'NONE', #5479, #229 ) ;
#9598 = CARTESIAN_POINT ( 'NONE',  ( 0.000000000000000000, 0.05000000000000000278, 0.000000000000000000 ) ) ;
#9599 = ORIENTED_EDGE ( 'NONE', *, *, #7990, .F. ) ;
#9600 = ORIENTED_EDGE ( 'NONE', *, *, #2431, .F. ) ;
#9601 = DIRECTION ( 'NONE',  ( 0.000000000000000000, -1.000000000000000000, 0.000000000000000000 ) ) ;
#9602 = ADVANCED_FACE ( 'NONE', ( #1035 ), #299, .F. ) ;
#9603 = ORIENTED_EDGE ( 'NONE', *, *, #6132, .F. ) ;
#9604 = CIRCLE ( 'NONE', #447, 0.03499999999999987843 ) ;
#9605 = LINE ( 'NONE', #4410, #5707 ) ;
#9606 = VERTEX_POINT ( 'NONE', #4376 ) ;
#9607 = PLANE ( 'NONE',  #8305 ) ;
#9608 = DIRECTION ( 'NONE',  ( -1.000000000000000000, 0.000000000000000000, -0.000000000000000000 ) ) ;
#9609 = EDGE_CURVE ( 'NONE', #6673, #6208, #7947, .T. ) ;
#9610 = ADVANCED_FACE ( 'NONE', ( #4176 ), #2818, .T. ) ;
#9611 = DIRECTION ( 'NONE',  ( 0.000000000000000000, 1.000000000000000000, -0.000000000000000000 ) ) ;
#9612 = CARTESIAN_POINT ( 'NONE',  ( -2.000000000000000444, 0.05000000000000000278, 1.300000000000000266 ) ) ;
#9613 = CARTESIAN_POINT ( 'NONE',  ( -1.750000000000000444, 0.05000000000000000278, -1.414999999999999369 ) ) ;
#9614 = ORIENTED_EDGE ( 'NONE', *, *, #1897, .T. ) ;
#9615 = DIRECTION ( 'NONE',  ( -1.000000000000000000, 0.000000000000000000, 0.000000000000000000 ) ) ;
#9616 = EDGE_CURVE ( 'NONE', #428, #982, #2770, .T. ) ;
#9617 = VERTEX_POINT ( 'NONE', #686 ) ;
#9618 = EDGE_CURVE ( 'NONE', #7424, #4356, #2865, .T. ) ;
ENDSEC;
END-ISO-10303-21;
